1,_,是正品
1,_,白嫩
3,_,挺细腻的
4,_,还行
5,_,不错
6,_,很好
6,_,很细腻
6,_,贴合肤色
7,_,很喜欢
7,_,特别好用
8,_,好评
10,_,不错
11,_,不错
11,_,很清爽
11,_,水润
11,_,没有油腻
12,_,还行
12,包装,一般
13,_,一般般
14,_,不错
15,_,很不爽
15,包装,_
15,物流速度,快
16,_,没以前的好用了
17,发货速度,快
18,_,很喜欢
18,_,很好用
19,_,不错
19,_,喜欢
19,_,很好
19,_,给力
20,_,不油腻
20,_,自然
21,_,好用的
21,_,好评
22,_,比较干净的
23,_,很不错
23,_,很贴肤
23,_,细腻
24,_,不错
25,_,优惠
26,_,太贵
26,_,很好用
26,_,有点干
27,_,真心不错
28,_,一般
28,成膜,较慢
29,_,很好用
29,_,很温和
30,_,还可以
31,_,不错
31,_,非常好
32,_,卸妆干净
32,_,好评
33,_,好用
33,_,很自然
34,_,不错
34,_,很好
34,_,快
35,_,不合适
35,_,很不舒服
36,快递,很快的
37,_,很划算
37,速度,很快
38,_,很水润
38,包装,不错
39,快递小哥服务,很好
39,物流,很快
40,活动,_
41,_,不紧绷了
41,_,很好用
41,_,水水的
43,_,挺好用的
43,酒精味,重
44,_,很喜欢
45,_,很好
46,_,还可以
47,_,很温和
47,_,非常不错
47,味道,没有刺鼻的
48,_,不错
48,_,还行
49,_,太垃圾
49,发货,没有
50,_,不方便
50,_,还不错
50,香味,淡淡的
51,_,不错
52,_,不油腻
52,_,好用
52,_,显白
53,价格,挺便宜的
54,_,不错
54,快递小哥,点赞
54,快递速度,_
55,_,实惠
55,_,很不错
56,_,很喜欢
57,_,不怎么好用
58,_,满意
60,_,很嫩
60,_,很滑
60,_,非常好
62,_,不好用
62,_,不是想象
63,_,特别合适
63,活动,_
64,_,不错
64,_,很适合
65,_,不错
65,送货师傅,很给力
66,物流,很快
67,_,好用
68,包装,不错
68,物流,非常快
69,快递,是给力
70,_,还可以
71,_,挺好的
71,保湿,滋润
72,包装,很一般
75,_,不刺激
75,_,有好
75,_,温和
75,_,真心不错
75,活动,非常划算
76,_,很好用
77,_,好评
77,_,无刺激
78,_,还可以
78,价格,便宜
78,包装,不错
78,性价比,高
79,包装,很好
79,快递,快
80,_,还不错
80,补水效果,_
81,_,很好用的
82,_,不错
82,物流,很快
83,_,还行
84,_,还不错
85,设计,很喜欢
86,_,很好
86,_,很好用
86,_,超喜欢的
87,_,好评
87,速度,很快呀
88,_,不紧绷
88,_,很划算
88,_,很清爽
88,_,很温和
89,_,非常好用
90,_,不错
91,_,不错
91,_,挺好的
92,味道,不是很喜欢
93,_,很好用
93,_,很细腻
93,味道,特别好闻
94,_,满意
94,价格,优惠
95,_,挺好的
96,_,好评
96,_,特别滑
96,精华液,挺多
97,价格,实惠
97,包装,精美
98,_,很不错
98,_,非常喜欢
98,快递,给力的
99,补水效果,较好
100,补水效果,特别好
101,_,还可以的
101,性价比,高
102,_,不油腻
102,包装,_
102,味道,淡淡的
103,_,很喜欢
103,_,水水的
104,_,便宜
104,_,可以
104,_,实惠
105,_,太硬了
105,_,还可以
106,_,好用
106,_,超级好用
107,_,很不错
108,_,不错
109,_,很好用
109,送货,快
110,_,还行吧
110,味道,_
111,_,还不错
111,性价比,很高
112,_,是正品
112,遮瑕效果,非常好
112,香味,浓郁
113,_,挺好用的
113,保湿效果,不错
114,_,非常好用
115,_,很好用
117,_,挺好的
117,_,无流很快
118,_,不贵
118,_,还好用
118,价格,合适
119,_,很好用
119,_,是正品
119,性价比,最高
119,物流,很快
120,_,不错
120,_,挺好的
121,_,挺好的
122,_,不好冲洗
122,_,很次
122,味道,真的不好闻
122,赠品,_
123,_,可以
124,_,很好用
125,_,好用
125,_,还不贵
126,_,不错
126,_,好用
127,_,优惠
127,_,好用
127,_,挺清爽的
127,送货速度,很快
128,_,还可以
129,_,不怎么样
130,_,物美价廉
130,发货,快
130,盒子,很漂亮
131,活动,_
132,_,不好
133,_,慢
133,快递,一般般
134,物流,快
135,价格,_
135,赠品,一点
136,_,好用
136,_,很舒服
136,_,超级好用
136,_,非常适合
137,价格,便宜
138,_,五星好评
138,_,大爱大爱大爱大爱大爱
138,_,超级划算
138,_,超级补水
140,送货,快
141,_,很好用
141,_,滋润服帖
141,补水效果,很好
142,_,很喜欢
142,补水,特别好
143,_,很滋润
143,_,挺实惠
143,_,蛮好用
144,物流,很快
144,赠品,_
145,包装,不错
145,物流,杠杠的
146,_,特别轻薄
146,_,透气补水
147,_,还可以
148,补水效果,特别好
149,吸收效果,不是太好
149,总体效果,还可以
150,_,很好
151,_,好评
152,_,不是太喜欢
153,_,不起块
153,_,细腻
153,_,超好
153,_,超级不错
155,_,实惠
155,_,经济
155,送货,快
155,送货速度,_
156,_,很好用
158,_,不油腻
158,_,喜欢
158,_,服帖
158,性价比,超高
158,遮暇力度,不够
159,_,是正品
160,_,不错
160,_,非常滋润
161,_,很好用
161,_,很实惠
162,_,挺好
162,价格,实惠
162,物流,很快
163,_,不伤皮肤
163,_,很清爽
163,_,挺好用的
163,卸妆,很温和
164,_,不好
165,_,很喜欢
165,物流速度,不错
166,_,挺好用的
167,_,实惠
167,_,非常不错
168,_,挺好用的
168,_,挺滋润的
169,_,好用
169,_,好评
171,_,不怎么好用
171,_,不是真的
171,_,便宜
171,_,洗不干净
172,_,超级滋润
172,吸收,快
172,活动,给力
173,包装,_
174,_,不错不错
174,_,很好
174,_,很好闻
176,_,有点点卡粉
177,_,一如既往的好
178,_,挺满意的
178,_,有点紧绷
178,_,还不错
178,补水效果,挺好的
179,_,物超所值
179,_,超快
180,_,不油腻
180,_,容易推开
180,_,挺不错
180,成膜,挺快的
180,防晒效果,_
181,_,不油腻
181,_,不过敏
181,_,很保湿
181,_,很好
182,_,红血丝
182,_,还不错
183,_,很好用
183,_,是正品
184,_,不错的
184,_,比较优惠
186,_,非常不错
186,物流速度,快
187,保湿效果,很好
188,_,特别好用
189,_,不脱妆
189,_,很滋润
189,_,挺好用的
190,_,不错
190,价格,合适
191,_,很不错
192,_,很好用
192,_,很舒服
193,_,不错
194,_,泡泡不是很多
194,_,淡淡的清香
194,气味,很好闻
195,_,一般
196,包装盒子,_
198,_,不紧绷
198,_,还可以
199,_,很满意
199,_,还不错
199,物流,很快
200,_,有些油
200,补水,可以的
201,_,很不错赞一个
201,_,很喜欢
201,_,棒棒的
201,送货速度,快
202,_,很喜欢
203,_,好评
203,_,挺好的
203,物流,挺快的
204,_,还可以
205,_,不卡粉
205,_,很好
205,_,贴肤
206,_,很精美
206,盒子,坐的
207,_,不刺激
207,_,很好用
207,_,特别好
207,香味,不重
208,_,好评
208,_,很滑
208,_,很舒服
208,_,挺好用的
208,味道,香香的
209,速度,快
210,_,还贵些
210,活动,给力
211,_,很喜欢
211,补水效果,特别好
212,_,假的
212,_,没有
213,_,不好
214,_,不错
214,_,满意
215,_,很干净
215,_,非常好用
216,_,不油腻
216,_,很好用
216,_,快
217,_,不错
217,快递,超级给力
218,成分,很好用
218,赠品,_
219,包装,挺好看的
219,快递小哥,_
220,_,不错
220,_,喜欢
221,_,很便宜
222,_,很好用
223,_,好用
224,_,闷闷的
225,_,很好
226,_,很方便
227,_,大爱
227,速度,飞快
228,_,可以
229,_,不过敏
229,_,很好用
230,_,不错
230,物流,快
231,_,很好
231,价格,越来越便宜
231,物流,很快
232,_,物超所值
234,_,还好
235,_,有点泛黄
235,_,比较保湿
235,水润,轻薄
236,_,挺好
237,_,不是很开心
238,_,很喜欢
238,吸收,很好
239,_,不错
240,_,不错
240,精华液,很多
240,补水,还可以
241,_,便宜
242,_,一般
243,_,不错
243,_,非常好用
244,速度,算是快
245,_,很不错
245,性价比,高
245,服务,很好
246,_,还不错
247,_,大爱
247,_,很喜欢
247,_,很美白
247,味道,很舒服
248,_,不油腻
248,_,挺好的
248,_,滋润
249,_,不错
250,_,很服帖
250,_,挺好用的
250,_,自然
251,_,过敏
251,_,非常恼火
251,_,非常痛
252,服务,_
253,_,一般
254,_,挺好用的
254,精华,薄薄的
255,_,不错不错
255,_,快捷
255,_,方便
255,活动,不给力
257,_,好用
261,_,好用
261,_,好评
262,_,物有所值
263,_,不
264,_,还可以
265,_,有点干
265,_,有点暗淡
265,_,没有提亮肤色的效果
265,_,还可以
266,_,便宜
266,_,好用
267,_,不错
268,_,辣眼睛
268,味道,很奇怪
268,防晒效果,_
269,_,很滋润
269,_,特别喜欢
270,_,很喜欢
270,_,美美哒
271,包装,完好
271,服务,好
271,物流,很快
272,价格,优惠券
272,活动,_
272,补水效果,不错
273,_,不脱妆
273,_,挺好用的
273,香味,淡淡的
274,_,很好用
275,_,一点也不遮瑕
275,_,卡粉
275,_,无敌卡粉
275,_,超级差
275,遮瑕,_
276,_,很好
276,补水效果,很舒服
277,_,很一般
277,_,稳
278,_,实惠
278,_,正品
278,_,满意
278,快递,很快
278,服务,很好
279,_,是正品
279,_,真的不错
280,味道,清淡水的
280,泡沫,很细腻
281,_,正品
281,_,润润的
282,_,超级划算的
282,包装,好看
282,活动,_
283,_,差
284,_,一点也不卡粉
284,_,挺好的
284,_,有点小
284,_,还不错
285,_,挺好用的
286,_,挺好的
287,_,棒棒哒
287,物流,很快
288,_,挺好用的
289,_,真品
290,补水效果,很好
291,_,很好用
292,_,不错
292,_,舒服
292,_,非常清爽
293,_,挺水润
293,_,服帖的
295,_,很好用
296,_,还可以
297,_,忽悠骗人的
297,_,最优惠
297,赠品,什么的
298,_,不错
298,_,很服帖
298,物流,很快
299,_,很棒的
299,价格,_
300,_,不干燥
300,_,滑滑的
301,_,真好
302,_,不错
302,_,很舒服
303,_,不错
303,_,好评
304,_,体面的
304,_,很喜欢
304,小礼品,_
305,_,比较实惠
306,_,很好用
307,_,不错
308,_,不清
308,_,很满意
308,快递,真快
309,粉底,太少了
310,_,不错
310,_,很好用
311,_,很白
311,_,很香
311,_,还可以
312,_,不错
312,遮瑕效果,还提亮肤色
313,_,有点小
314,_,挺好
314,_,相当实惠
314,_,算满意
314,_,还不出错
315,_,很好
315,_,漂亮
316,_,太小了
316,_,差评
316,精华,太少了
317,_,还可以
317,上妆效果,_
318,_,正品
318,赠品,_
319,_,很好
319,价格,合适
319,保湿,不错
320,_,超快
321,_,物美价廉
322,包装,很好看
323,_,很薄的
323,补水效果,很好
324,价格,太高
325,保湿效果,很好
326,_,很喜欢
326,_,很高
326,_,特别喜欢
326,_,非常喜欢
327,_,不错
327,_,挺好用的
328,_,一如既往的好
328,_,不错
329,_,真的不错
330,_,帖
330,_,很服帖
331,_,很不错
332,_,不油腻
332,_,提亮肤色
333,保湿效果,好
333,味道,好闻
334,_,不错
334,速度,很快
335,_,不提亮肤色
335,_,很保湿
335,_,有点油
336,_,不错
336,_,很好
336,物流,给了
337,_,快
337,_,给力
338,_,有点干
339,_,不错
339,送货,很快
340,_,很喜欢
340,_,很好
341,_,一点不干
341,_,不油腻
341,_,很自然
341,_,很适合
341,_,粉粉嫩嫩的
341,_,非常滋润
342,_,不干
342,_,挺滋润的
342,_,超级划算
342,泡沫,很多
343,_,很实惠
343,发货速度,快
344,_,不紧绷
344,_,离不开
345,包装颜值,超级高
345,物流,太满意
346,_,非常平价
346,补水,不错
347,_,不联系
347,酒精味,_
348,_,还不错
348,_,还可以
349,_,白白的
350,_,还不错
352,_,很不错
353,_,还算可以
354,_,有点黏黏
354,持久性,可以
354,持久情况,_
355,_,还好
355,味道,很好闻
356,_,实惠
356,_,还不错
356,价格,挺好用的
357,保湿效果,非常好
358,_,不错
359,_,不过敏
359,_,很水润
359,_,很薄
360,_,不油腻
360,_,不错
360,_,可以
360,_,很清爽
361,_,不辣眼睛
361,_,挺好用的
361,味道,淡淡的
362,_,好用
362,_,油
363,_,不错
364,补水效果,非常好
365,快递,很给力
366,_,还可以
367,_,挺好的
368,_,嗯挺好用的
369,_,不错
369,_,货真价实
370,_,挺好用的
371,_,物超所值
371,物流,快
371,赠品,正品
371,颜色,好
372,_,不错
372,包装,很好
372,物流,很快
373,快递,真的好快
374,_,喜欢
374,_,非常好
375,到货速度,快
376,_,很好
376,_,很舒服
376,_,挺薄的
376,精华,挺多的
377,价格,实惠
378,_,很保湿
379,商家,_
379,提亮效果,还不错
380,_,还好
380,日期,新鲜的
381,_,不错
382,_,很好用的
382,_,赞
383,_,比较自然
383,_,还行
384,_,超喜欢
384,味道,香香的
384,快递,很给力
385,_,很服帖
385,_,很滋润
385,_,挺滋润的
385,_,比较干
386,_,可以的
386,_,很好用
387,_,多了
387,_,好用
387,控油效果,没话说
388,_,好
388,_,很喜欢
389,_,不错
389,_,超级润
390,_,太好用
391,_,还好
392,_,不油腻
392,_,容易上妆
392,_,轻薄
392,_,非常的好用
392,价格,实惠
393,_,很自然
393,_,滋润
393,香味,淡淡
394,_,很喜欢
394,_,很好用
395,_,不紧绷
395,_,好干净
396,补水功能,强大
397,_,确实不错
397,保湿效果,_
398,快递,_
399,_,还可以
399,包装,很好
399,快递,很给力
400,_,很喜欢
400,_,很好用
401,_,好用
401,_,挺好的
402,_,非常舒服
403,_,好很好
403,_,非常好
404,_,超级好用
404,活动,很划算
405,_,不上
405,_,差
406,_,好评
407,_,喜欢
407,精华液,特别多
407,补水效果,相当不错
408,_,应该不错
409,_,物美价廉
410,_,不油腻
410,_,不错
410,_,非常清爽
411,_,不错
411,活动,_
411,物流,很快
412,_,还可以的
412,价格,很实惠
413,_,很划算
413,_,非常实用
414,_,正品
414,_,非常喜欢
415,_,非常好用
416,_,挺好用的
416,_,挺好的
416,价格,实惠
417,_,很不错
417,_,是正品
418,_,很不错
418,_,方便
419,_,很小罐
420,_,很喜欢
420,补水效果,很好
421,_,非常不错
421,活动,_
422,_,均衡肤色
423,_,蛮好的
423,精华,挺多的
424,_,不错
424,_,挺好
424,味道,好闻
425,_,很喜欢
425,物流速度,不错
426,_,便宜
426,_,可以的
426,_,实惠
426,_,物美价廉
427,酒精味,浓
428,快递小哥服务,很不错
429,_,好评
429,_,挺喜欢
430,_,不油腻
430,_,比较清爽
430,物流,快
431,_,挺不错
432,_,非常不错
432,_,非常快
432,物流,超级给力
433,_,还不错
434,_,很好用
435,_,很好用
436,_,挺不错的
437,_,很不错
438,_,不油腻
438,_,好评
438,_,有点贵
439,_,很喜欢
439,_,很好
439,_,很棒
439,_,很香
440,_,太贵的
440,_,还可以
440,精华,挺充足的
441,_,不紧绷
441,_,很好用
441,_,很干净
442,_,很好用
443,_,优惠
443,_,超级划算
443,_,超级大赞
444,_,白皙
444,_,细腻
444,_,非常好用
444,味道,特别好闻
445,_,很喜欢
446,_,非常好用
446,精华,很多
447,_,挺好的
447,物流,很快额
448,_,挺好的
448,_,还可以
449,_,五分好评
450,_,挺补水的
450,_,还可以
451,_,不错
451,_,很好用
453,_,稍微有点干
453,物流,很快
455,_,很好
455,速度,快
456,_,不错
456,快递速度,很快
457,_,不刺激
457,_,温和
457,隔离效果,好
458,_,挺好的
458,物流,挺快的
459,_,挺好用的
459,赠品,_
460,_,不错
460,_,很好的
461,_,很喜欢
462,_,不错
463,_,不像正品
465,_,非常不愉快
466,_,还不错
466,配送人员服务态度,好
466,香味,淡淡的
467,_,很喜欢
467,_,特别好用
468,_,不干
468,_,保湿
468,_,很喜欢
469,_,挺好用的
470,快递,杠杠滴
471,_,是正品
472,_,不推荐
473,_,还不错
474,_,很补水
474,_,还不错
475,_,很划算哈哈哈
475,卸妆,_
476,_,太油了
477,_,好评
477,_,赞
477,快递小哥,_
478,赠品,_
479,_,易吸收
479,_,润润的
479,香味,很舒服
480,_,不错
480,速度,很快
481,_,差
481,_,干
481,上妆效果,_
482,_,很多
482,_,赞一个
482,物流发货,就是快
483,_,真心不错
484,_,挺快的
484,吸收,挺好用的
485,_,不好
485,_,过敏
486,_,挺好
487,_,挺好
487,_,水水的
487,商家服务态度,很好
488,_,很好用
488,活动,很划算
489,_,不错
489,_,超值
490,_,特别好
490,_,非常喜欢
491,包装,破烂
492,_,不会浮粉
492,_,容易上色
492,_,很好
492,_,很自然
492,价钱,合理
492,包装,不错
492,送货,快
492,香味,淡淡的
493,_,便宜
494,_,还好吧
495,_,还行
496,_,很好
497,_,很好用
498,_,还不错
499,_,很好
499,_,是正品
500,_,不舒服
500,酒精味,重
501,活动,_
502,_,可以
502,_,提好用
503,_,很好用
503,_,有点油腻
503,_,泛白
503,_,还不错
504,_,还不错
505,_,确实不错
506,_,很好用
506,_,滑滑的
507,_,很好用
507,保湿效果,不错
507,粉质,细腻
508,_,便宜
508,_,是正品
509,_,不错
509,_,喜欢
510,_,不错
511,_,还不错
511,价格,很不错
512,_,好用
513,_,不油腻
513,_,很好用
513,_,清清爽爽
514,_,很好用
514,包装,很满意
514,物流,很快
515,_,好
515,_,比较优惠
515,包装,_
515,物流,快
516,_,好用
517,_,很实惠的
518,_,满意
519,_,还不错
519,包装,真的不好
520,_,吸收
520,水,很多
521,_,很温和
521,_,很爱起泡沫
521,味道,很好闻是正品
521,泡沫,很细腻
522,_,假的
524,_,很好
525,_,很喜欢
526,_,很方便
528,_,容易推开
528,味道,很好
529,_,便宜
529,_,很好的
530,_,不错
530,_,很自然
531,印效果,不错
532,_,还不错
532,价格,实惠
532,性价比,不错
533,_,挺好的
533,_,方便
533,色,很正
535,_,垃圾
536,_,不是很白
536,_,还行
536,味道,可以
537,性价比,非常高
537,物流,非常快
538,_,不错
538,_,较自然
538,遮暇,一般
539,_,没什么效果
539,_,滑滑的
540,_,不错
540,_,挺好的
540,收货,不错不错
541,_,不油腻
541,_,清爽
541,保湿,补水
543,_,挺好用的
543,补水,不错
544,包装,很简陋
545,补水效果,不错
546,_,实惠
546,_,是正品
547,_,很实惠
547,_,很满意
548,物流,_
549,_,很满意
549,物流,值得信赖
550,_,不好
550,清洁能力,差
550,香味,太浓
552,_,很讨厌
552,味道,很难形容
553,_,不卡粉
553,_,很喜欢
553,_,很好用
553,_,滑滑的
553,上装,很自然
554,_,挺滋润
554,_,还不错
555,_,挺好的
555,包装,很精致
556,_,很好
556,快递,很快
557,_,很好用
558,_,不错
559,_,不好
559,_,不怎么好用
560,_,很舒服
560,精华,很多
561,吸收,挺好
563,_,补水
564,_,不错
565,_,还可以
565,包装,很不错
566,_,不怎么的好
567,_,不错
567,_,挺好的
567,_,蛮好用
567,_,调整肤色
567,味道,_
568,_,不是很白
568,_,不是遮暇的
568,_,太差劲了
569,_,有点太白了
569,味道,比较大
570,_,很不错
571,_,不好用
571,_,洗不干净
571,味道,很大
572,_,不错
572,_,很好
572,_,很适用
572,气味,很清香
573,_,好划算
575,_,还蛮好的
576,_,不刺激
576,_,大爱
576,_,温和
576,_,非常的好用
576,泡沫,细腻
576,清洁能力,强
577,_,挺干的
577,持妆效果,还可以
578,_,特别好用
579,_,不错
579,_,很好
579,_,很有心
580,_,挺不错身
581,_,好用
581,_,滑滑的
581,保湿效果,很好
582,_,很不错
582,_,很满意
582,_,非常高兴
583,_,满意
583,_,透气好
584,_,便宜的盒子
585,_,很喜欢
585,_,很好
586,_,很不错
587,_,挺香的
587,_,还好
587,上妆效果,_
587,持久情况,_
588,_,是正品
589,_,好用
589,_,特别润
589,补水效果,好
590,_,比较高大上
590,包装,原
590,包装,太土了
591,_,不刺激
591,_,好用
592,_,不错
592,_,高
592,包装,很漂亮
593,保湿效果,不错
594,_,挺细腻
594,快递小哥辛苦速度,飞快
595,_,好评
596,_,很好
598,_,挺白的
598,隔离效果,不好
599,_,可以
599,_,挺好的
600,_,不油腻
600,_,喜欢
600,_,均匀
600,_,大爱
600,_,很自然
600,_,细腻
601,_,很自然
601,_,很香
601,_,还不错
601,赠品,_
603,_,很舒服
603,_,真心不错
603,保湿效果,真的不错
604,_,保湿
604,_,气色很自然
604,_,非常不错
605,_,好用
605,_,好评
605,_,很自然
605,_,耐用
606,_,非常值
606,_,非常好
606,_,非常快
607,_,不错
607,_,方便
608,_,很补水
608,_,挺好
608,价格,实惠
608,精华,很多
609,_,喜欢
609,_,很好闻
609,_,超级好
610,包装,非常好的
611,价格,有点贵
612,_,还不错
613,_,不错
613,_,好用
613,_,超级好用
614,_,还可以
614,味道,好闻
615,_,还不错
616,_,很喜欢
617,价格,好划算
617,补水效果,挺好的
618,_,不好用
619,_,很好
620,_,挺好看的
620,_,还不错
621,_,特优惠
622,保湿效果,非常好
623,_,不错
624,_,划算
624,_,很推荐
624,_,很舒服
625,_,不干
625,_,很好用
626,_,没抹
626,香味,浓郁
627,_,物美价廉
627,活动,_
627,物流,非常满意
628,_,很不错
628,_,快
629,包装,到位严实
629,物流,快捷给力
630,_,不是正品
630,包装,_
631,_,一点也不干
631,_,特别服帖
631,_,轻薄透气
632,_,便宜很多
633,_,太少了
633,_,好小
633,_,有点黄
634,_,不紧绷
634,_,香香的
634,味道,_
635,_,不错
635,遮瑕,一般
635,颜色,_
636,_,很好
636,_,越来越好
636,_,非常好
637,_,水水的润润的
637,小哥服务,好
637,送货速度,快
638,_,很满意
638,_,非常棒的
639,_,还不错
640,_,不推荐
641,_,不错
642,_,还不错
643,_,不错
645,_,非常喜欢
646,_,不错
646,_,是正品
647,_,很舒服
648,_,不严
648,包装,_
649,_,很好
650,_,真心好用
651,_,很好
652,_,喜欢
652,_,有淡香
652,泡沫,丰富
652,清洁力,强
653,_,很划算
653,_,挺好用的
653,活动,_
654,_,不起沫
654,_,有点滑
654,味道,淡淡的
655,_,不错
656,_,挺好用的
656,_,挺好的
656,保湿效果,不错
657,_,不怎么干
657,_,挺保湿的
658,_,不错
658,_,喜欢
659,_,正品
660,_,还不错
660,_,还可以
661,包装,很好
661,物流,快
662,_,很好
662,_,非常不错
663,_,挺好的
663,_,还保湿
663,泡沫,多
664,_,不假
665,_,优惠
665,_,很贴合
665,保湿效果,很好
666,_,很好用
667,_,不刺激
667,_,很棒的
667,物流,快
668,_,很细
668,_,还不错
669,_,很不错
669,_,满意
670,_,挺大
670,快递,挺快的
671,_,不错
671,_,好用
671,精华,比较多
671,补水效果,_
672,_,很好
672,_,很满意
673,_,优惠一点
673,_,便宜
673,气味,还好
674,_,不好用
675,_,很划算
675,_,很舒服
676,_,好
676,_,方便
676,价格,实惠
676,包装,完整
676,快递,很快
676,赠品,多
677,_,不错
677,_,划算
678,_,很喜欢
679,_,优惠
679,价钱,不卡粉
679,保湿,还行
680,快递小哥,超级暖心
680,速度,超快
681,活动,_
682,_,挺好的
683,_,不浮粉
683,_,很轻薄
684,_,便宜
684,_,比较粘
684,_,还行
685,_,不错
685,_,挺好用的
685,遮瑕效果,不错
685,颜色,很提亮
686,_,好
686,_,很舒服
686,_,很薄
686,_,非常好的
687,_,很好用
688,_,很好
688,_,很好用
688,价格,很优惠
688,活动,_
689,_,还不错
690,_,不错
690,物流,很快
691,_,不错
691,物流,真是快
692,_,很
692,_,很好用
692,遮暇效果,非常不错
693,_,便宜
693,_,好用
694,_,便宜一点点
694,_,特别好用
695,_,实惠
695,活动,_
696,_,挺好的
696,包装,很精致
697,_,好评
697,_,比较贴
698,_,好评
699,_,不好用
700,_,好用的
700,瓶子,超级好看
701,_,很不错
701,_,很好
702,_,划算很多
702,_,还可以
702,活动力度,还是可以的
703,_,假的
704,物流速度,真是快
705,物流,挺快的
705,补水效果,不错
706,_,不错
706,_,满意
707,_,还不错
708,_,很好
708,_,很服贴
708,精华液,很卵
709,补水效果,没有芦荟胶好
710,_,很划算
710,_,挺好的
711,_,好
711,物流,很快
712,_,挺好用
712,_,挺干净的
713,_,不错
714,_,不错
714,_,很棒的
714,物流,超快
715,补水效果,还不错
716,_,有凉凉
716,_,还算满意
716,泡沫,细腻
717,_,挺好的
717,_,改变肤色
718,_,不好
719,_,不油腻
719,_,挺好
719,_,挺好的
719,_,超实惠
719,美白效果,不错
721,_,不适合
721,_,清爽
722,_,一般
723,_,还不错
724,_,不过敏
724,_,好评
724,_,挺好用的
725,_,便宜
725,_,是正品
725,发货,快
726,_,很好用
726,保湿面部,补水
727,_,还可以
728,_,很好用
729,_,不错
730,_,一般
730,_,不好梳通
730,_,有点涩
731,_,很不错
731,_,很喜欢
732,_,一般
733,_,光滑水润
733,_,很好用
733,_,细腻
733,性价比,高
734,_,便宜
734,_,很划算
734,_,还不错
734,_,还好
735,物流,挺快
736,_,差评
737,_,很不错
737,_,还很实惠
737,水分,很足
737,物流,快
738,_,很满意
738,_,非常喜欢
739,_,挺满意的
740,补水效果,不错
741,_,很划算
741,物流,很快
742,_,好用
742,清洁能力,_
743,_,很不错
743,_,真的很棒
743,_,遮瑕保湿
743,味道,好闻
744,_,挺好用的
745,_,不错
746,发货速度,挺快
747,_,挺好推开的
748,礼品,_
749,_,是正品
749,试后效果,很好
750,_,很不错
750,性价比,很高
750,服务,好
750,送货,非常快
751,_,蛮清爽
751,_,还好
752,_,很喜欢
752,_,给力
752,价格,便宜
752,物流速度,快
753,_,还好
754,_,实惠
754,_,很好
754,_,很快
754,_,很方便
757,_,很不错
757,_,杠杠滴
757,_,棒棒哒
757,_,超级快
757,快递,点个赞
758,_,还可以
759,活动,_
760,活动,给力
761,_,不刺激
761,_,不错
761,_,温和
761,包装,很好
762,_,确实不错
763,_,便宜的
763,_,还还好
764,_,很不错
764,_,超级好听
764,发货,很快
765,_,很值
765,_,超级赞
765,活动,_
766,_,好用
767,_,不错
768,_,不错
768,_,白的
769,_,很喜欢
769,味道,喜欢伯莱雅的
770,物流,很快
770,隔离效果,很棒
772,_,提亮肤色满分
772,_,真的太棒了
773,_,方便
773,_,还不错
774,价格,实惠
774,服务,好
775,_,不好用
775,味道,特别刺鼻
776,_,挺水润
777,_,不好
777,味道,_
778,_,喜欢
778,_,好用
778,保湿效果,很好
779,_,好看
779,_,很自然
779,_,很贴妆
779,_,自然
779,味道,都喜欢
779,颜色,_
780,_,便宜
781,_,真心不错
782,补水效果,很不错
783,快递,就是快
783,补水效果,挺不错
784,_,挺喜欢
784,_,挺好的
784,_,挺舒服的
784,_,还不错
784,瓶子,很好看
786,_,不值
786,_,很干
787,_,还不错
787,速度,很快
788,_,挺好用的
789,_,不好便宜没好货
790,_,不是太干
790,_,不错
791,_,太苍白
792,_,很好用
792,_,很好闻
792,味道,淡淡的
793,_,过敏
794,味道,香香的
794,外观,特别漂亮
795,_,非常满意
795,物流,很快
795,补水效果,真的好
797,_,快
798,_,很不错
798,_,补水
798,补水,真的不错
799,_,还不错
800,盒子,很好看
801,_,很好
801,价格,很美丽
801,香味,淡淡的
802,_,很好
802,_,很舒服
803,_,好
803,_,比较优惠
803,包装,_
803,物流,快
804,_,挺好的
804,价格,实惠
805,_,挺好用的
805,_,还可以
806,_,挺合适
806,活动,给力
807,_,很好
808,_,好评
809,_,很好喜欢
809,味道,淡淡的
810,_,非常好用
810,补水效果,不错
811,_,还不错
812,_,挺好用的
812,_,比较水润
812,上妆,挺容易
812,物流,很快
813,_,很划算
813,活动,_
814,包装,完好
815,快递,_
816,_,超级快
816,清洁能力,_
816,物流,太给力了
817,_,不刺激
817,_,不错
817,_,很温和
818,补水效果,棒棒哒
819,_,好
819,_,实惠
820,_,还不错
821,_,很服帖
821,_,没有浮粉的迹象
822,_,很喜欢
823,_,很好用
824,_,不错
824,_,非常满意
826,_,不遮暇
826,_,不错
826,_,均匀肤色
826,_,很好推开
826,_,很好的
826,_,棒棒哒
826,_,细腻
827,速度,挺快
828,补水效果,挺好的
829,小哥人,很好
829,物流,很快
830,_,是正品
831,_,不多
831,_,还可以
832,_,不会差
832,_,油
833,_,挺好的
833,_,是正品
834,_,好用
834,_,挺好的
834,_,比较慢
835,_,一般
835,_,容易吸收
835,_,很好推开
835,保湿,_
835,保湿程度,滋润
835,吸收情况,_
835,性价比,高
836,_,很喜欢
836,_,还不错
837,_,很好
838,_,挺好的
839,包装,还可以
840,_,超级好用
841,_,不太喜欢
841,_,太香
841,_,很香
841,_,还行
841,泡泡,比较少
842,_,不错
842,物流,蛮快的
843,_,不干
843,_,超级好用
844,_,很不错
844,_,正品
845,_,5星好评
845,_,便宜
845,_,好评
845,_,很划算
845,物流,超级快
846,_,很实惠
847,_,不错
847,保湿,挺好的
847,快递,很快
848,活动,挺划算的
850,_,滑滑的
850,_,还不错
851,_,很好用
851,_,棒棒哒
851,_,非常推荐
852,_,不是特别油腻
852,_,好上妆
852,_,轻薄
853,_,不错
854,_,是正品
854,保湿效果,挺好的
855,_,是正品
855,包装,挺好的
856,_,比较满意
856,_,还可以
857,_,很好的
857,_,还不错
858,_,很好
858,_,正品
859,_,划算
859,_,很好用
860,_,很棒
860,_,很贴心
860,_,有点油
861,快递,_
862,_,不值得推荐
863,_,喜欢
863,_,很好用
864,_,挺保湿的
864,_,有点黏腻
865,_,不是很贵
865,_,挺好用
865,_,香香的
866,_,不能遮暇
866,_,还可以
867,_,不错
867,_,好超值
867,_,很喜欢
867,赠品,_
868,_,非常好用
869,_,不错
870,_,便宜
870,_,正品
870,_,还不错
871,_,不刺激
871,_,很保湿
871,精华,很多
871,补水效果,非常好
872,_,挺好的
872,_,正品
872,包装,精美漂亮
873,_,五星好评
873,_,特别好
873,客服,很贴心
874,_,柔滑
874,_,细腻
874,味道,清香
875,_,最便宜
876,_,挺多的
876,_,挺好用的
877,_,很喜欢
878,_,不错的
878,_,很轻薄
879,_,应该不错
879,活动,_
879,补水,保湿
880,_,很服帖
880,_,真心不错
880,_,超级划算
881,_,很好用
881,_,真的补水
881,_,非常好
881,面膜纸,非常贴
882,_,大爱呀
882,_,非常喜欢
883,送货,很高效
884,_,超舒服
884,_,还可以
885,_,还不错
885,_,非常实惠
886,_,好用
887,_,好用遮瑕
887,_,自然白
888,价格,还这么实惠
888,快递速度,这么快
889,_,还行
889,活动,_
890,_,很满意
891,_,非常好用
892,_,很好
893,_,很愉快
894,_,好用
895,_,好用
896,_,不错
897,_,很喜欢
897,_,很好用
898,泡沫,不干净
899,_,太喜欢
899,_,挺好
900,_,非常滋润
901,_,五星好评
901,_,物美价廉
901,活动,_
902,_,不刺激
902,_,喜欢
902,_,挺干净的
902,_,方便
902,设计,挺好
903,_,很快
903,_,还不错
904,_,很满意
904,_,还阔以
904,_,香香的
905,快寄,很给力
906,_,好用
906,_,是正品
906,_,棒棒哒
906,_,超划算
906,活动,_
907,_,很保湿
907,精华,很多
908,_,喜欢棒棒
908,_,好
908,_,超
908,_,超级满意
908,物流,快
909,_,很适合
909,收货,很及时
910,_,不错
910,_,美美哒
911,_,很好
911,_,有点油
911,酒精味,太重
912,_,优惠很多
912,_,很优惠
912,_,特别的不错
912,活动,_
913,_,很好
914,_,还不错
915,_,优惠很多
915,_,太给力
915,快递,_
916,_,抹不开一样
916,_,没有提亮肤色的效果
916,_,真的不好用
917,_,真心不错
918,_,还不错
919,味道,没错是正品
920,_,好用
920,_,是正品
921,_,还可以
922,快递,很给力
923,_,还不错
923,保湿效果,还不错
924,_,好用
924,_,很实惠
924,活动,_
924,补水效果,很好
925,_,不错
925,_,挺保湿
925,味道,挺好的
926,_,挺
926,味道,好
927,_,很好
927,_,非常喜欢
928,_,一如既往的好
929,_,喜欢
930,_,小小
931,物流,快
932,_,可以
932,_,非常好吸收
932,味道,比较奇怪
933,到账速度,快
934,_,不好用
934,_,卡粉
935,_,还可以的
936,_,不错的
936,性价比,很高
937,_,关键
937,_,很多
937,_,很好用
937,精华,很服帖
938,_,不好用
939,_,比较干
939,保湿效果,很好
940,_,还不错
941,价格,还便宜
942,_,一般
942,价格,便宜
943,_,并不油腻
943,_,挺好
943,_,挺好吸收
944,补水效果,不错
945,_,很柔软
945,_,很薄
945,包装,好看
945,补水效果,不错
946,_,不错
947,_,很实惠
947,_,挺喜欢
947,_,水水美美的
948,_,不错
949,_,有点油
950,_,也好推开
950,_,有点不舒服
950,_,还行
952,_,挺舒服的
952,_,还不错
953,_,挺好用的
953,_,提亮肤色
954,_,不错
954,_,很好
955,_,很不错
955,_,快又好
955,_,棒棒哒
956,_,不持久
956,_,挺好的
956,_,有点假白
956,颜色,不自然
957,_,好用好用
957,_,挺不错
958,_,没有泡沫
958,快递,_
958,快递,不咋地
958,速度,还慢
959,_,不干燥
959,_,挺好
959,_,还不错
959,泡面,不是很丰富
960,_,还不错
961,_,很好用
961,物流,很快
962,_,不错的
963,_,挺水嫩的
964,_,不自然
964,_,会卡粉
965,_,太贵
966,颜色,太白
967,_,很滋润
968,_,很好用
969,_,挺好用的
969,_,非常满意
971,_,挺好用
971,_,棒棒哒
971,赠品,_
972,_,好用
972,_,实惠
972,_,经济
973,_,便宜
973,_,还不错
973,_,还可以
974,_,不黏腻
974,_,还可以
975,_,不清爽
975,_,很油
977,_,很舒服
977,_,很薄
977,_,特别好用
978,_,不错
979,_,有点小
980,_,还行
981,_,挺温和
981,_,还可以
982,_,不错
982,_,好用
983,_,不习惯
983,_,好评
983,_,挺好用的
984,_,喜欢
984,_,无异常
984,_,良好
985,_,均匀肤色
985,_,好用
985,_,很好用
986,_,很满意
986,卸妆效果,很好
987,包装,一般
988,_,太划算
988,_,很好用
988,味道,好闻
989,_,很好用
990,_,便宜不少
991,_,一如既往的好
992,价格,超值
992,保湿,_
992,吸收,特别快
992,补水效果,很好
993,_,不刺激
993,_,好用
994,活动,_
995,_,很好用
995,_,很开心
995,肤色,很好
996,_,吸收好
996,_,满意
997,_,还可以
998,_,那么的好
998,发货,及时
999,_,一般
1000,_,好评
1000,活动,_
1001,_,好用
1001,_,很划算
1002,_,很喜欢
1002,_,很服帖
1002,_,很润
1002,_,提亮肤色
1002,_,超强大
1003,_,不是很好用
1004,_,好评
1004,_,还不错
1005,_,好用
1005,_,很合适
1005,价格,亲民
1006,_,不错
1006,_,很好用
1007,_,不油腻
1007,_,好很多
1007,补水,保湿
1008,_,不浪费
1008,_,很好
1008,_,很方便
1008,性价比,高
1009,_,不理想
1010,_,很好用
1010,_,很香
1011,_,亮白保湿
1011,_,喜欢
1011,_,滋润
1011,_,非常不错
1012,_,不错
1012,_,希望好用
1012,瓶子,挺精致的
1013,_,不错
1013,快递,很快
1014,_,蛮好用的
1014,_,超喜欢
1014,_,超满意
1015,_,很细腻
1015,_,挺好用的
1015,遮瑕效果,挺好
1016,_,挺小
1016,_,挺自然
1017,_,合适
1018,_,很舒服
1019,服务态度,好
1019,物流,快
1020,_,挺划算的
1021,_,好用
1021,_,好评
1022,_,炒鸡合适
1022,活动,_
1023,_,物有所值
1024,_,实惠
1024,_,挺好用的
1024,_,还可以
1025,快递员服务,超好
1025,精华,很多
1026,_,好用的
1026,提亮效果,好
1027,_,很喜欢
1027,_,无破损
1027,包装,很好
1028,_,很好闻
1028,_,淡淡的清香
1029,_,非常不错
1029,_,非常好用
1030,_,不卡粉
1030,_,挺好
1031,_,美价廉
1031,活动,便宜
1032,_,好失望
1033,_,超级好用
1034,_,不错
1034,_,挺好用
1034,_,还不错
1035,_,不自然
1035,_,卡粉
1036,_,不错
1036,_,是正品
1037,_,很服帖
1037,_,特别划算
1037,保湿效果,还行
1038,_,很好
1038,快递,好快
1038,精华,_
1039,_,不错
1041,_,很保湿
1041,_,很好用
1041,_,水水的
1042,_,很好用
1043,_,很满意
1043,物流,很快
1044,_,是正品
1045,_,非常方便
1046,_,不油腻
1046,_,清爽
1047,_,还好
1047,包装,完好
1047,清香味,淡淡的
1048,_,还不起
1048,保湿,滋润补水
1048,性价比,很高
1048,送货,超级快
1049,_,不错
1050,_,保湿不是那么好
1050,_,还好
1051,_,好评
1051,_,挺喜欢
1051,味道,香香的
1052,_,不紧绷
1052,_,挺温和的
1052,_,挺细腻的
1052,味道,很清新
1052,泡沫,起的不多
1052,清洁力度,还可以
1053,_,一般般
1053,_,不明显
1054,_,一般般
1055,_,大爱
1055,_,超赞
1056,优惠活动,太赞了
1057,_,好评
1058,_,挺不错
1058,物流,很快
1059,发货的速度,真的是慢
1060,_,不是很滋润
1060,_,太香了
1060,遮暇效果,_
1061,_,不会过敏
1061,_,超级好用
1061,补水效果,_
1062,_,很满意
1062,服务态度,很好
1063,_,不掉妆
1064,_,不够服帖
1064,_,不错
1064,味道,还蛮喜欢
1064,粉质,不够细
1065,_,不刺激
1065,_,不紧绷
1065,_,很舒服
1065,_,挺干净
1065,_,还好
1066,_,还不错
1067,_,不干净
1067,_,不是泥
1068,_,非常满意
1069,_,还不错
1070,_,不刺激
1070,_,喜欢
1070,_,大爱
1070,_,挺好用的
1070,_,温和
1071,价格,美丽
1072,_,很不错
1073,_,一般
1074,清洁力,不是太好
1075,_,还行
1075,赠品,很多
1076,_,挺好用的
1077,_,不会很白
1077,_,不好用
1077,_,很硬
1077,_,还行
1078,速度,真无敌了
1079,_,不理想
1079,_,失望
1079,_,洗不干净
1079,泡沫,不细腻
1080,_,一如既往的好
1081,_,是正品
1081,_,还不错
1082,_,不错
1082,日期,新
1083,_,一般般
1084,物流,很快
1085,_,还不错
1086,_,还可以
1087,_,好
1088,_,还不错
1088,活动,实惠
1089,_,容易干
1089,_,特持久
1090,_,喜欢
1090,_,特别好
1090,_,特补水
1091,_,不错
1091,_,太粘稠了
1091,_,很安全
1091,补水,保湿
1092,物流,给力
1093,_,不错
1094,_,不会油油的
1094,_,还不错
1094,_,通透
1095,_,很好
1095,_,舒服
1095,_,面膜轻薄
1096,_,挺好的
1096,_,提亮肤色
1097,味道,_
1097,性价比,_
1097,香味,一般
1098,_,不错
1099,_,美
1100,_,不错
1100,_,很清爽
1100,价格,_
1101,_,很满意
1101,_,有点小
1102,_,过敏了
1103,_,划算
1103,_,很好
1103,_,很补水
1104,_,非常满意
1105,_,好用的
1106,_,一分钱一分货
1106,控油效果,还可以
1106,香味,_
1107,日期,差
1108,_,超级喜欢
1109,_,不过敏
1109,_,挺实惠的
1109,_,舒服
1109,_,非常好
1110,包装,还可以
1111,_,真的好
1112,_,比较温合
1112,_,点赞
1112,包装,好多了
1112,新包装,_
1113,服务态度,_
1113,物流,好快
1114,_,挺好的
1114,_,挺开心
1114,_,是正品
1115,物流,很快
1116,_,实惠
1116,袋子,很漂亮
1117,_,很服帖
1117,_,还不错
1118,_,不错
1118,_,挺细腻的
1119,_,挺好
1119,_,非常好用
1119,香味,淡淡
1120,_,挺喜欢
1120,_,还不错
1120,发货速度,快
1121,_,很好的
1121,_,正品
1122,_,还行
1123,_,好评
1123,_,相当不错
1123,_,超级好评
1123,物流,给力
1125,_,很湿润
1125,味道,_
1125,味道,很像
1126,_,好评
1126,_,很喜欢
1126,_,很好
1127,_,很不错
1128,_,挺好用的
1128,_,非常满意
1129,_,有点干
1130,_,真心不错
1130,物流,超级快
1131,_,很好用
1131,_,满意
1131,_,还不错
1131,价格,优惠
1132,_,还不错
1132,物流,很快
1133,_,满意
1133,_,轻薄
1133,_,还不错
1133,发货,快
1133,持久效果,没有宣传的那么好
1134,_,棒棒哒
1134,_,棒棒哒棒
1134,_,轻薄透气
1135,_,不油腻
1135,_,清爽
1135,卸妆效果,还好
1136,_,很好用
1136,物流,很快
1138,_,很划算
1138,_,很好
1139,_,很不错
1139,_,提亮肤色
1139,活动,_
1140,_,不会有紧绷
1140,_,很好用
1140,香味,淡淡的
1141,_,很舒服
1141,_,没有一点不舒服
1142,_,还行
1143,_,不错
1143,保温效果,好
1143,精华液,挺多的
1144,_,挺好的
1145,外观,还不错
1146,_,不错
1147,_,不错
1147,礼品,_
1148,_,挺环保的
1148,_,是正品
1148,包装,有点不好
1149,物流,很快
1150,_,非常好用
1151,快递,很给力
1152,_,很喜欢
1153,_,快
1154,_,是正品
1155,_,不喜欢
1155,味道,好大
1155,物流,垃圾
1156,_,非常好用
1156,味道,好闻
1157,_,很好用
1157,遮暇效果,很好
1158,_,很不错
1159,价格,_
1160,_,很好用
1161,_,不好用
1161,_,太干
1162,速度,真快
1163,_,太黑了
1164,_,好评
1165,_,很好
1166,_,比较实惠
1166,补水效果,挺好
1167,_,还可以
1167,物流,很快
1168,_,垃圾
1169,_,挺好的
1169,_,水润
1170,_,偏干
1171,价格,很实惠
1171,味道,太刺鼻
1172,_,不错
1172,_,比较喜欢
1173,_,不错
1173,_,很满意
1174,性价比,很高
1175,_,很不错
1176,_,比较喜欢
1177,_,假货
1177,_,还过敏
1178,_,不持久
1178,_,还好
1178,包装,不错
1179,_,划算
1179,日期,新鲜
1180,_,不怎么好用
1180,_,不起沫
1181,_,便宜
1182,_,不服帖
1182,_,假白
1183,_,不油腻
1183,_,很喜欢
1183,_,很干净
1183,_,很清爽
1184,快递速度,真快
1185,_,好评
1186,_,便宜
1186,_,好用
1186,_,好评
1187,_,不开心
1188,_,不错
1188,_,挺好的
1188,_,是正品
1189,_,可以
1189,_,挺干净的
1190,_,超级喜欢
1191,_,是正品
1191,活动,_
1192,_,不油腻
1192,_,喜欢用
1192,_,挺好的
1192,_,比较细腻
1193,_,很好
1194,包装,精致
1194,物流,相当快
1195,_,不干了
1195,_,不错
1195,_,白了很多
1196,_,挺好
1196,_,满意
1197,_,很喜欢
1197,_,非常好
1198,_,挺好的
1199,_,不错不错
1200,_,很好用
1201,_,很滋润
1201,_,挺不错
1202,_,好
1202,物流,快
1203,_,便宜
1203,_,比较喜欢
1203,_,还好用
1203,香味,_
1204,_,一如既往的好一如既往的好
1205,_,蛮不错
1206,_,很不错
1207,_,很满意
1207,_,提亮肤色
1207,_,水润
1207,_,自然
1208,补水效果,很棒
1209,_,不错
1210,_,很水润
1210,_,真的好用
1210,_,超值
1210,_,超好用
1211,_,不错
1212,_,不错
1212,_,水润
1212,_,透气
1213,_,很好用
1214,_,比较水润
1214,_,还算可以
1214,隔离效果,是不是真的很棒
1215,_,不干燥
1215,_,很细腻
1215,_,清爽
1217,_,很油
1218,_,好用
1219,_,不粘腻
1219,_,挺好的
1219,_,滋润
1219,味道,清新
1220,_,很舒服
1220,_,很薄
1220,_,清爽
1220,水分,很多
1221,_,不错
1222,_,还不错
1222,价格,合理
1223,物流,很快
1224,_,挺喜欢的
1225,_,很好
1226,提亮,_
1226,遮暇能力,强
1227,_,好快
1227,_,挺好的
1227,_,还和
1228,_,很好用的
1228,_,很实惠
1228,味道,不好闻
1229,_,挺不错
1229,保湿效果,挺好的
1229,包装,无损坏
1229,清香味,淡淡的
1230,_,不错
1230,速度,很快
1231,_,有点脏
1232,味道,很好闻
1233,_,很好用
1233,物流,很快
1234,_,很温和
1234,_,很满意
1234,_,毫不费力
1234,包装,_
1234,卸妆,很干净
1235,_,被骗了
1235,遮暇效果,一点
1236,_,好小
1236,_,没想象的那么好
1237,_,还不错
1238,_,不算
1238,_,太满意
1238,_,很干
1239,_,不油
1239,_,好用
1240,_,很好用
1241,_,没有破损
1241,包装,很好
1241,物流,超快
1242,_,便宜
1242,_,实惠
1242,_,非常好用
1244,_,很好
1245,_,很喜欢
1245,_,很赞
1246,_,好用
1247,_,嫩嫩的
1247,_,很好用
1247,_,水水的
1248,保湿效果,很好
1249,包装,_
1250,_,很喜欢
1250,_,很好用
1250,味道,很好闻
1251,_,恍恍惚惚
1251,_,还好红红火火
1252,香味,挺重的
1253,_,很轻薄
1253,_,挺好用
1254,_,不会干
1254,价格,实惠
1255,_,不错的
1256,_,挺多的
1256,_,真不错
1257,活动,_
1257,精华液,很多
1257,补水效果,不错
1258,_,好评
1259,_,喜欢
1259,_,干净
1260,_,不油腻
1260,_,大爱
1260,_,很清爽
1260,_,非常好用
1261,_,快
1262,_,很好用
1263,_,很不错
1263,_,还保湿
1263,味道,很好闻
1264,_,很好
1264,物流,很快
1265,_,还不错
1266,_,很油
1267,_,很好
1267,_,非常好
1268,_,挺好的
1269,_,差太多了
1269,香味,很浓
1270,_,一如既往的好
1271,_,很实惠
1271,_,还可以
1272,补水效果,很好
1273,_,不卡粉
1273,_,不干
1273,_,好用
1273,_,棒棒哒
1273,滋润度,非常好
1274,_,挺好的
1275,_,还不错
1276,_,很好
1276,_,湿润
1277,_,非常喜欢
1277,_,非常满意
1278,_,喜欢
1278,_,很不错
1278,活动,很合适
1279,补水效果,非常好
1280,_,挺满意的
1281,_,好就是好
1282,_,不紧绷
1282,_,洗不掉
1283,_,很好用
1283,_,很香
1284,_,真心不错
1285,_,还不错
1286,_,不错
1286,_,很不错
1287,_,还可以
1288,_,还不错
1289,_,很不错
1289,_,非常满意
1289,保湿效果,很好
1290,_,便宜
1290,_,好评
1290,价格,实惠
1290,活动,_
1291,上妆,很不错
1291,味道,太香了
1292,_,比较方便
1292,_,还行
1293,_,有点刺激
1293,_,还好
1294,_,是正品
1295,_,非常好用
1296,_,是真品
1297,_,很好
1297,味道,挺好闻的
1298,_,好评
1298,_,还不错
1298,价格,很划算
1299,_,不错
1300,_,好评
1301,_,不好用
1301,_,最差的
1302,香味,淡淡的
1303,_,还可以
1304,保湿效果,特好
1304,遮瑕效果,不错
1305,_,好用
1305,_,很好用
1306,价格,挺便宜的
1307,_,还不错
1308,_,不错
1309,_,不真实
1309,活动,_
1310,_,货真价实
1311,_,不错
1311,价格,超实惠的
1312,_,不干燥
1312,_,便宜
1312,_,好用
1312,_,比较水润
1312,活动力度,比较大
1313,_,好
1313,_,还好
1313,送货速度,快
1314,_,非常好
1315,包装,无破损
1315,物流,很快
1317,_,很香
1318,_,很不错
1319,_,挺好
1320,补水效果,非常不错
1321,_,喜欢
1321,味道,很好闻
1322,_,不错
1322,_,正不错
1323,_,不错
1323,美白效果,不是很好
1324,_,可以的
1325,_,还不错
1326,_,非常不满意
1327,_,没有不舒服
1328,_,还不错
1329,_,不错好用
1329,_,喜欢
1329,快递,更给力
1330,_,便宜
1330,_,很不错
1330,赠品,很多
1331,_,很好
1332,_,不错
1332,_,很不错
1332,_,棒棒哒
1333,味道,有点怪
1334,_,不错
1334,_,好很好
1334,物流,就是快
1335,_,还不错
1336,_,很实惠
1337,包装,完好
1337,日期,比较新
1338,_,不错
1338,服务,很不错
1339,_,便宜
1339,_,划算
1339,_,非常好
1340,_,很喜欢
1341,_,不错
1342,_,不油腻
1342,_,好推开
1342,_,非常好用
1343,_,不浮粉
1343,_,很好用
1344,快递,超快
1345,_,好评
1345,包装,蛮好的
1346,_,好用
1346,_,很服帖
1346,_,真心的
1346,送货,快
1347,_,特别好闻喜欢
1348,包装,好差劲
1349,_,很好用
1349,_,易推开
1349,_,有一点提亮肤色的效果
1350,_,非常干净
1351,_,很滋润
1352,_,不错
1352,价格,合理
1353,_,不好用
1353,_,非常卡粉
1354,赠品,挺多的
1355,_,便宜
1355,_,果然不错
1355,_,确实好用
1356,_,挺好的
1357,_,不错
1357,_,很舒服
1357,_,美白
1358,_,很滋润
1358,肤色,很自然
1359,_,很喜欢
1360,_,特别好用
1361,_,很好
1361,_,很好用
1362,_,不干
1362,_,太干
1362,_,很润
1362,_,能吸收
1362,物流,很快
1362,盒子,有点脏
1363,_,很自然
1363,_,是正品
1364,_,正品
1365,_,不错
1365,_,正品
1365,_,水润
1365,_,清凉
1366,_,会卡粉
1367,_,好用
1367,_,实惠
1367,_,自然服帖
1368,_,很优惠
1368,_,很好
1368,价格,很美丽
1369,_,可以的
1370,_,优惠多多
1370,_,非常满意
1371,_,很好用
1372,_,好用
1372,_,非常满意
1373,补水效果,特别好
1374,_,不错
1375,_,很喜欢
1375,_,满意
1376,_,很好用
1376,_,很实惠
1376,精华液,很多
1377,_,不油腻
1377,_,清爽
1377,遮瑕效果,不理想
1378,_,很喜欢
1378,_,还不错
1379,_,不厚重
1379,_,特别好用
1379,_,特别滋润
1379,_,香香的
1379,美白,_
1380,_,比较好用
1381,_,不油腻
1381,_,不错
1381,_,嫩嫩的
1381,_,挺补水的
1381,_,滑滑的
1382,_,不错
1382,_,好用
1382,_,超补水
1383,_,喜欢
1383,_,大爱
1383,价格,合适
1384,粉质,很细腻
1385,_,不会感觉紧绷
1385,_,不会油油的
1386,_,可以
1386,包装,不错
1386,香味,_
1387,_,很好
1388,_,很好用
1390,_,不错
1390,送货,及时
1391,客服态度,很好
1391,快递,很快
1392,_,不错
1392,包装,挺好的
1392,物流,很快
1393,_,不知道是不是正品
1393,_,挺好用的
1394,_,差评
1395,_,不油腻
1395,_,轻薄
1395,_,还可以
1395,遮瑕效果,不是特别好
1396,_,喜欢
1396,_,好不错
1396,价格,优
1397,包装,_
1398,_,还好用
1398,价格,低
1399,_,不干
1399,_,很好用
1399,_,提亮肤色
1400,_,很喜欢
1401,_,不油腻
1401,_,清爽
1402,_,可以的
1403,价格,还不错
1404,_,太黏了
1404,_,没有那么好
1404,吸收,不好
1405,_,保湿
1405,_,很水润
1405,快递,很快
1405,活动,_
1406,活动,很不错
1407,_,好用
1408,_,很好用
1408,_,水水的
1409,_,不错
1409,_,还不错
1409,包装,好看
1410,发货,快送货
1411,_,还不错
1412,_,假的
1412,包装,太旧了
1413,_,物美价廉
1413,_,非常好
1413,服务,很好
1413,配送速度,特别快
1415,_,不好闻
1415,_,太腻了
1416,_,不油腻
1416,_,好用
1416,价格,实惠
1417,_,好评
1417,_,是正品
1417,吸收,还不错
1418,_,不卡粉
1418,_,还不错
1418,价格,实惠
1419,快递,就是快
1419,片数,多
1420,_,还不错
1421,_,挺喜欢
1422,_,洗干净
1422,泡沫,丰富
1422,香味,淡淡的
1423,包装,完好
1423,物流,很快
1424,快递小哥,_
1425,_,很保湿
1425,_,很喜欢
1425,_,很好
1426,_,不错
1426,送货速度,很快
1427,_,不卡粉
1427,_,很不错
1427,_,提亮肤色
1428,包装,非常精美
1429,_,不错
1430,_,水水的
1430,_,量很足
1430,精华液,很多
1431,_,挺好用
1431,价格,美丽
1432,_,很好
1433,_,不会假白
1433,_,喜欢
1433,_,很好
1433,_,显得肤色
1434,_,很好
1435,_,还行
1436,_,吸收
1436,_,水嫩的
1436,吸收,挺好
1437,_,不刺激
1437,_,不错
1437,_,很不错
1438,_,很舒适
1438,_,非常细腻
1439,_,不卡粉
1439,_,好用
1440,_,还行
1441,_,还可以
1442,_,不补水
1443,_,不错
1444,_,不是很多
1444,_,很温和
1445,_,好
1445,_,快
1445,_,给力
1445,赠品,_
1446,_,好评
1446,_,很好用
1446,_,很显白
1446,_,特别好推开
1446,送货,很快
1447,_,不好推开
1448,价格,便宜
1449,_,还不错
1450,_,很小
1451,_,很给力的
1451,物流,很好
1452,_,很自然
1453,_,非常好用
1454,_,不错
1455,_,快捷
1455,_,挺好的
1455,物流,快
1456,_,不错
1456,_,挺好用的
1458,_,不错的
1458,包装,_
1459,_,还行
1460,_,不错
1461,_,非常好用
1462,_,好用的
1463,_,很好
1464,_,一般
1464,清洁能力,_
1465,_,是正品
1466,_,很喜欢
1467,_,挺好用的
1468,_,五星好评
1469,_,还不错
1469,味道,挺舒服的
1470,_,特别好用
1471,_,真的好
1472,肤色,很相近
1473,_,挺好的
1473,_,薄薄的
1474,_,很
1474,老板,很满意
1475,_,凑单
1475,_,可以
1475,_,还可以
1475,赠品,_
1476,_,很划算
1476,味道,好闻
1477,_,不错
1478,_,不紧绷
1478,_,挺舒服
1479,_,还行
1479,价格,太快
1480,_,不刺激
1480,_,很好用
1480,_,温和
1480,卸妆,很干净
1482,_,有点干
1482,_,还可以
1483,_,不粘腻
1483,_,挺好用的
1483,_,清爽
1484,_,挺好的
1484,价格,便宜
1485,_,很快
1485,快递小哥态度,很好
1485,物流,很快
1486,_,特别好用
1487,_,一如既往的好
1488,_,很好
1488,服务,_
1489,_,很满意
1489,_,是正品
1489,活动,很划算
1490,_,有点不开心
1490,_,超好用
1491,_,好用
1491,_,实惠
1492,_,不错
1492,_,很水润
1493,_,挺不错
1494,_,不错
1494,_,很划算
1494,_,挺好用的
1495,_,很快
1495,_,是正品
1496,_,好评
1497,_,挺好
1498,_,不错不错
1498,_,太少了
1499,_,很方便
1499,_,挺好用的
1500,_,挺好用的
1500,_,挺滋润的
1500,快递小哥服务态度,_
1501,_,还不错
1502,_,不错
1502,_,很喜欢
1503,_,很好用
1504,_,非常
1505,价格,合理
1505,快递,给力
1505,补水效果,不错
1506,_,很满意
1506,优惠力度,很大
1506,快递,超快
1507,_,物有所值
1507,_,贵
1507,价格,有点小贵
1508,补水,不太好
1509,_,很好用
1509,价格,很贵
1510,保湿,一般
1511,价格,实惠
1511,优惠活动,_
1512,_,合适
1512,_,点个赞
1512,保湿效果,_
1512,发货速度,超快
1513,_,不近
1513,_,有斑
1513,_,能遮瑕的
1513,_,还不错
1514,_,超级划算
1515,味道,很好闻
1516,_,干爽舒服
1516,清洁能力,_
1517,_,不油腻
1517,_,好用
1517,_,很自然
1517,_,服帖
1518,_,好评
1518,_,很好
1518,_,挺好用的
1518,味道,挺好闻
1518,清洁能力,_
1519,_,不喜欢
1519,_,很紧绷
1519,味道,不好
1520,_,非常好
1521,_,很细腻
1521,_,很自然
1521,_,挺不错
1522,_,不错
1522,_,很好用
1522,_,超值
1522,活动,_
1523,_,挺好
1523,_,是正品
1524,_,不错的
1524,活动,_
1525,_,好用
1526,_,很好用
1526,价格,便宜
1526,活动,_
1527,_,不错
1528,_,很喜欢
1528,_,非常不错
1529,_,不错
1529,_,很好
1529,物流,给了
1530,_,不行
1530,_,太白了
1530,额头,有点发黄
1531,_,挺好的
1531,精华液,很多
1532,_,还可以
1533,包装,完好
1534,_,不错
1534,_,很喜欢
1535,成分,安全
1535,补湿效果,还可以
1536,_,不紧绷
1536,_,非常好用
1537,_,很滋润
1537,_,很自然
1537,_,挺满意的
1538,快递师傅,_
1538,送货,很快
1539,_,很好闻
1539,味道,不错
1540,_,不错
1540,_,给力
1542,_,真好
1543,_,不错
1543,价格,很实惠
1544,_,还可以
1545,_,物美价廉
1546,_,不错
1546,_,物美价廉
1547,物流,很快
1548,_,好用
1548,_,挺好用的
1549,_,不错
1549,_,超级划算
1550,_,提亮肤色
1550,_,服帖
1550,_,非常好用
1551,_,不错
1552,_,不错
1553,_,挺好的
1554,_,不错
1555,_,还可以
1556,_,便宜
1556,_,还可以
1557,_,温和
1558,_,好评
1558,_,很保湿
1558,_,还不错
1558,价格,很实惠
1559,_,好用
1559,_,很喜欢
1560,_,不错
1561,_,非常
1562,_,喜欢
1562,配送速度,很快
1563,_,还不错
1564,_,不错
1564,_,挺好
1565,_,不油腻
1565,_,喜欢
1565,_,很好上妆
1566,_,不错
1566,新包装,_
1566,服务,好质量
1566,送货,快
1566,颜值,不错
1567,_,挺好用的
1568,_,好评好评
1569,_,好
1569,物流,快
1570,_,很值
1570,味道,不是很喜欢
1570,肤感,不错
1571,_,挺不错
1572,_,特别好
1573,_,辣眼睛
1574,_,不错
1574,_,很满意
1574,快递小哥速度,杠杠滴
1575,_,挺补水的
1577,_,很不错
1578,_,是正品
1578,_,还可以
1578,赠品,很多
1579,_,一般
1579,_,还不错
1580,_,保湿
1580,_,补水
1581,_,物超所值
1581,_,非常好
1582,_,还不错
1583,_,非常不错
1584,_,挺划算的
1584,_,还赠
1584,商家,很实惠
1585,_,不油腻
1585,_,不错的
1585,_,很清爽
1585,_,挺好的
1585,_,比较水润
1586,_,非常好用
1587,_,嫩嫩的
1587,_,非常棒
1588,_,白皙一些
1588,_,调整肤色
1588,气味,很好闻
1589,_,有点干
1589,_,还可以
1590,_,不厚重
1590,_,很喜欢
1590,_,有点淡淡的亮
1590,价格,不贵
1590,味道,很淡
1591,_,一般
1591,_,没有浮粉
1591,保湿,还行
1592,_,满意
1592,卸妆,挺干净的
1593,_,还可以
1594,_,很划算
1595,量,挺多的
1596,_,不过敏
1596,_,便宜
1596,_,挺好的
1597,_,有点小失望
1597,精华液,没有
1598,_,很温和
1598,价格,美丽
1599,_,还行
1599,价格,_
1600,价格,便宜
1600,性价比,一般
1601,_,不错的
1601,_,自然
1601,遮瑕效果,不错
1602,价格,便宜
1602,送货物流,快
1603,_,遮瑕
1603,_,非常好
1603,_,非常滋润
1603,香味,淡淡的
1604,_,不卡粉
1604,_,特别服帖
1604,_,非常好用
1604,提亮效果,明显
1605,_,还行
1605,香味,_
1606,快递,很快
1608,_,更滋润
1609,_,很好用的
1609,_,很滋润
1610,_,瘦
1610,_,长
1610,设计,有问题
1611,_,还不错
1611,说水,挺多
1612,_,挺喜欢
1613,_,真心不错
1614,_,好可爱
1614,_,服帖
1614,_,滋润
1615,_,不错
1615,_,很多
1615,_,淡淡的清香
1615,_,非常的
1616,_,很水润
1616,隔离效果,特别高
1617,_,不错
1617,商家,_
1618,_,很不错
1618,_,量也很足
1618,出水口设计,很棒
1619,_,很好
1619,商家,很热心
1620,_,好小
1620,_,还可以
1621,_,喜欢
1621,_,超级划算
1621,颜色,很自然
1622,_,很持久
1622,_,挺舒服
1623,_,还不错
1624,_,很精致
1625,_,很好用
1626,_,一般般
1626,清洁能力,_
1627,_,很好
1627,_,物有所值
1628,_,不是假的
1629,_,好用
1629,包装,升级
1629,物流配送服务,非常好
1630,_,棒棒哒
1630,_,物超所值
1631,_,很喜欢
1631,_,很好用的
1632,_,挺好用的
1633,_,好用的
1633,活动价,很合适
1633,物流,_
1634,_,不喜欢
1635,_,很好
1635,_,非常喜欢
1635,性价比,高
1636,_,好用
1636,_,滑滑的
1637,物流,超快
1638,_,不错
1638,_,很满意
1638,_,非常好
1638,物流,很快
1639,_,非常喜欢
1640,_,很便宜
1640,_,很划算
1641,_,用
1642,_,超级棒超级棒补水
1643,_,不卡粉自然
1643,_,好用
1644,_,好
1644,物流,快
1645,颜色,很好
1646,物流,挺快的
1647,_,划算
1648,_,不错
1648,_,挺好用的
1649,_,不卡粉
1649,_,很适合
1650,_,很喜欢
1650,_,淡淡的香
1650,_,非常好
1651,_,好用
1651,味道,特别喜欢
1652,_,很好用
1652,_,很满意
1652,价格,超级优惠
1652,性价比,很高
1653,_,很温和
1654,_,很好用
1655,_,不错
1655,_,很不错
1655,_,很亮
1655,_,很好用
1656,_,真的不错
1657,_,便宜
1657,_,好用
1658,_,还行
1659,_,还可以的
1659,价格,很实惠
1660,_,不补水效果很棒
1661,_,不错的
1661,_,相当不错
1661,价格,便宜
1663,_,很棒的
1664,_,不错
1664,_,很好闻
1664,味道,很保湿
1665,保湿,不错
1666,_,有点少
1666,价格,实惠
1667,_,不紧绷
1667,_,不错的
1667,_,喜欢
1667,_,很舒服
1668,_,很香
1668,快递,很给力
1669,_,不油腻
1669,_,不错
1669,_,润润的
1670,_,不卡粉
1670,_,还不错
1670,遮瑕效果,_
1671,_,不怎么样
1671,_,有点掉妆
1672,_,不好用
1672,_,刺鼻
1672,酒精味道,特别大
1673,补水效果,很好
1674,_,有点用
1675,_,不错
1675,_,很好
1675,_,物美价廉
1675,服务,好
1675,物流,快
1676,_,真的好用
1676,性价比,高
1676,活动,很便宜
1677,_,不错的
1678,_,物美价廉
1679,_,有点掉毛
1679,优惠活动价格,不错
1680,_,很滋润
1680,包装,不错
1680,发货,很快
1680,成膜速度,一般
1681,_,比较补水的
1681,活动,_
1682,补水效果,很好
1683,_,分量足
1683,_,很好用
1683,_,还不错
1684,_,特别满意
1685,_,很满意
1685,上脸效果,很好
1685,粉,很细腻
1687,_,挺好的
1687,包装,_
1688,_,很好用
1689,补水,不错
1690,_,还不错
1692,_,挺香的
1692,包装,不错
1693,速度,_
1694,_,自然服帖
1694,活动,_
1695,_,好评
1695,_,挺好用的
1695,物流,很快的
1696,_,好用
1696,补水效果,可以
1697,_,没问题
1698,_,不错
1698,_,很自然
1699,_,挺喜欢
1700,_,不贵
1701,补水,真的棒棒的
1702,_,不错不错
1702,_,保湿
1702,_,很好
1702,_,非常补水
1703,_,很光滑的
1703,_,很好
1703,价格,实惠
1704,_,很好
1705,_,物有所值
1705,活动,_
1706,_,大赞
1706,_,有点小
1706,快递,好棒的
1707,_,很不错
1707,快递,很给力
1708,_,挺好用的
1709,_,不好用
1709,_,涂不开
1710,_,还可以
1710,包装,很好
1710,快递哥,很给力
1711,_,不紧绷
1711,_,很好用
1711,_,很干净
1712,到货,很快
1713,_,不刺激
1713,_,卸妆干净
1713,_,好用
1713,_,温和
1714,_,很喜欢
1715,_,好用
1715,_,超级好用
1717,快递小哥,很准时
1718,_,超级好用
1719,_,好评
1720,_,不干
1720,_,很自然
1720,小礼品,_
1720,美白,很好用
1721,_,很实惠
1722,_,不错
1722,_,很满意
1723,_,很值
1723,颜色,很自然
1724,价格,_
1724,服务,_
1725,_,好用
1725,_,好评
1726,_,不错
1726,服务态度,很好
1726,物流,快
1727,_,多
1727,_,好用
1727,泡沫,好用
1727,清洁能力,_
1728,_,很不错
1729,_,还不错
1730,_,很奈斯了
1730,价格,非常棒是正品
1731,_,很补水
1731,精华,超级多的
1732,_,不错
1733,_,很不错
1734,物流,很快
1736,_,很喜欢
1736,_,很好
1736,价格,实惠
1736,物流速度,很快
1737,快递,太快了
1738,_,非常光滑
1738,_,非常好
1739,_,无刺激
1739,_,超赞
1739,_,还不错
1739,补水效果,很好
1740,_,不错
1740,价格,合适
1740,物流,快
1741,_,还可以
1743,_,不会差吧
1743,_,特别好用
1744,_,挺好
1744,_,比较好
1744,_,比较干净
1745,_,很好
1745,_,很满意
1746,_,卸妆干净
1746,_,很好用
1746,_,还不紧绷
1747,_,很显白
1747,_,挺好
1748,_,不紧绷
1748,_,还不错
1750,_,挺好
1751,_,很好闻
1751,_,挺好用的
1751,_,比较细腻
1751,味道,不干燥
1752,_,便宜
1753,_,挺好的
1754,_,不太喜欢
1754,_,不怎么样
1755,_,很好用
1756,_,很喜欢
1756,_,舒服
1757,保湿,还可以
1758,客服,不回复
1758,日期,太旧了
1759,_,不错
1759,_,好评
1759,_,很好
1759,_,很舒服
1760,_,很细润
1761,_,挺好挺
1761,_,自然
1762,_,太干
1762,_,很香
1763,_,不油腻
1763,_,还不错
1764,_,不错的
1764,_,很不错
1764,_,还可以
1765,_,挺好的
1765,日期,太靠
1766,_,很喜欢
1766,物流,给力
1767,_,便宜
1767,_,快
1767,_,还好
1768,_,很多
1768,包装,很可爱
1769,价格,合理
1769,赠品,_
1769,送货速度,很快
1770,_,很好
1770,_,很快
1771,清洁效果,_
1771,清洁能力,一般的也可以
1772,_,很薄
1772,_,物美价廉
1772,_,非常满意
1772,大小,_
1772,补水效果,很好
1773,_,挺好使的
1773,泡沫,很多
1774,_,太不负责
1774,_,还行
1775,补水效果,很好
1776,_,不油腻
1776,_,挺好的
1776,成膜,快
1776,防晒效果,好一点
1777,_,不错
1777,_,很实惠
1777,包装,很完美
1777,实惠,多了
1778,_,好评
1778,包装,非常仔细
1778,发货速度,非常快
1779,_,很好
1780,_,特别喜欢
1781,_,不硬
1781,_,很好了
1781,_,很柔滑
1781,_,很舒服
1782,_,有点小贵
1782,送货速度,很快
1783,_,不错
1783,_,很喜欢
1784,_,很划算
1784,_,很好用
1784,_,棒棒的
1784,_,遮暇
1784,优惠活动,_
1784,发货,_
1784,送货速度,很快
1785,快递员服务,很好
1786,_,喜欢
1786,_,很补水
1786,_,挺好用的
1786,精华液,很多
1787,_,不错
1787,_,好
1787,物流,快
1788,_,不刺激
1788,_,超级喜欢
1788,过敏现象,特别舒服
1789,包装,可以
1790,_,比较水润的
1790,_,比较自然
1790,_,调整肤色
1791,_,蛮喜欢
1792,物流,很快
1794,_,过敏
1795,_,很好
1795,_,是正品
1796,_,保湿
1796,_,很快
1796,_,美白
1796,_,补水
1796,快递小哥服务态度,好
1797,_,挺好用的
1798,_,非常不错
1799,_,水水嫩嫩的
1800,_,太赞了
1800,优惠券,_
1801,_,很好用
1801,_,很水润
1801,_,挺薄的
1802,_,不错
1802,赠品,_
1803,_,只有一点点
1804,_,正品
1804,物流,_
1805,_,挺好用的
1806,_,挺好
1806,_,正品
1807,_,一日既往的好
1807,_,不错不错
1808,_,是正品
1809,_,不油腻
1809,_,不紧绷
1809,_,喜欢
1809,_,很好用
1809,_,滋润
1810,_,喜欢
1810,_,很自然
1810,_,挺好用的
1811,_,不错
1812,_,好评
1812,_,很好用
1813,_,好评
1813,_,很喜欢
1814,_,很自然
1814,_,非常不错
1814,香味,淡淡的
1815,_,喜欢
1815,_,比较水润
1815,_,特别实惠
1816,_,挺好用的
1816,_,比较完美
1816,赠品,_
1816,隔离效果,超级棒哦
1817,_,不错
1817,颜色,很正
1818,_,不错
1818,_,好
1818,发货,快
1819,_,划算
1819,_,贴肤好用
1820,_,不错的
1820,_,很好满意
1820,客服态度,很好
1822,_,还可以
1822,_,量太少了
1823,_,太简陋了
1823,包装,_
1824,_,一般
1824,_,太差了
1824,_,差评
1825,_,可以
1825,_,特别好用
1825,发货,特别快
1826,_,挺干净的
1827,_,还不错
1828,_,非常好用
1829,_,不错
1829,_,赞一个
1830,_,不怎么好用
1831,活动,_
1832,_,还不错
1833,_,不紧绷
1833,_,很柔和
1833,_,挺好用
1834,补水效果,不错
1835,_,不错
1835,_,物美价廉
1836,_,忽悠人
1837,_,真的不错
1837,商家,很贴心
1837,小礼品,很多
1838,_,不干
1838,_,很好
1838,_,很润
1838,_,挺好的
1839,_,很保湿
1839,_,很好
1840,_,还不错
1841,_,很合适
1842,_,很快
1842,_,蛮好的
1843,_,还不错
1843,精华,挺多的
1844,_,不错
1845,_,挺好用的
1846,卸妆效果,差
1847,_,不好
1848,_,不错
1849,_,挺好用的正品
1850,物流速度,很快
1851,_,不错不错
1852,_,不是粉质
1852,_,很重
1852,_,比较淡
1853,_,不油腻
1853,_,挺清爽的
1854,_,好划算
1854,活动,_
1855,美白效果,_
1856,_,好
1857,_,不错
1857,_,好评
1858,_,很好用的
1858,_,是正品
1859,_,不错
1859,_,很好用
1859,快递小哥,_
1860,_,不刺激
1860,_,滑滑的
1860,_,舒服
1860,卸妆,很干
1861,物流,很快
1862,_,很好
1862,物流,超快
1863,_,还不错
1864,_,挺清爽的
1864,_,清洁也可以
1864,_,满意
1865,_,挺好的
1865,赠品,_
1866,_,很不错
1867,_,不紧绷
1867,_,不错
1867,_,干净
1867,_,挺好用的
1868,_,很好
1868,价格,优惠
1868,炒鸡,很满意
1868,送货,快
1869,_,很适合
1869,_,有点油
1871,遮瑕,不是很好
1872,_,用
1873,_,非常满意
1874,_,很划算
1874,活动,_
1876,_,嫩嫩的
1876,_,很好用
1877,_,很好
1877,_,很快
1878,_,服帖
1878,_,细腻
1879,_,水水的
1879,_,滑滑的
1879,补水效果,_
1880,_,挺好用的
1881,_,很实惠
1881,_,很满意
1881,速度,超快
1882,_,不错
1883,_,很喜欢
1883,_,赞一下
1884,_,不干
1884,_,不过敏
1884,_,不错
1884,_,很细腻
1884,_,很自然
1885,_,可以
1885,_,特别好用
1885,发货,特别快
1886,_,不错
1888,_,还不错
1889,活动价格,还不错
1890,_,还不错
1891,_,用
1892,_,不油腻
1892,_,清爽
1892,包装,很好看
1892,吸收,很快
1892,美白,_
1892,设计,方便取用
1893,_,非常好
1893,_,非常棒补水
1894,_,很好
1895,_,不紧绷
1896,_,还过敏
1896,服务态度,一点也不好到
1897,_,好喜欢
1897,物流,好给力
1898,_,不错
1899,_,实惠
1899,_,还可以
1900,_,挺不错的
1901,_,不错
1901,_,太快
1901,味道,挺好闻的
1902,_,还可以的
1903,_,柔软
1903,_,用着舒服
1903,包装,很好
1903,泡沫,细腻
1904,_,喜欢
1904,_,非常好
1905,_,不紧绷
1905,_,好用
1906,_,更划算
1906,_,比较放心
1907,_,比较滋润
1907,_,起皮的现象
1908,_,不错
1908,_,降价了
1908,颜色,比较自然
1909,_,不油腻
1909,_,好评
1909,补水效果,好
1910,_,挺好的
1911,包装,没有损坏
1912,_,不是特别的白
1912,_,喜欢
1912,_,很润
1912,_,很自然
1912,_,非常不错
1913,_,不错
1913,_,挺好闻
1913,味道,淡淡的
1914,_,不错
1914,_,很喜欢
1915,_,不错
1916,送货速度,很快
1917,_,不好用
1918,_,不粘
1918,_,很服帖
1918,精华,清爽
1919,_,不错
1919,_,物美价廉
1919,赠品,_
1920,_,不错
1920,_,喜欢
1921,_,很满意
1923,_,挺水润的
1924,_,不过敏
1924,_,好用
1925,_,很舒服
1925,_,非常喜欢
1925,价格,非常实惠
1926,_,还可以的
1927,_,很好
1927,价格,非常实惠
1927,服务,非常热情
1928,_,不好用
1929,_,不油腻
1929,_,很喜欢
1929,_,清爽
1930,_,挺好的
1931,_,五星好评
1931,_,物美价廉
1931,_,货真价实
1932,_,还可以
1932,补水,还行
1933,_,很舒服
1933,_,赞赞
1933,_,超级划算
1934,_,一般
1934,精华,太少
1935,_,还不错
1935,_,还行可以
1936,_,不不错
1937,_,很不错
1938,_,不绷紧
1938,_,很喜欢
1938,_,温和
1938,_,非常合适
1939,_,不错
1940,_,一点不浪费
1940,_,润润的
1940,_,非常合算
1940,活动,_
1941,_,非常棒
1941,活动,_
1942,_,好评
1942,_,非常好
1943,_,是正品
1943,包装,完好
1944,_,喜欢
1944,_,细腻
1944,_,非常好用
1946,_,很划算
1946,_,很舒服
1947,_,一般般
1947,_,不服帖
1947,_,很干
1947,_,抹不开
1948,_,不错
1948,包装,精美
1948,日期,新鲜
1948,遮瑕效果,_
1949,_,很水嫩
1949,_,还行
1949,保湿效果,不错
1950,_,丰富
1950,泡沫,细腻
1951,_,还不错
1951,价格,实惠
1952,赠品,_
1953,_,很喜欢
1953,_,挺水润的
1954,_,不过敏
1954,_,很好用
1955,_,不过敏
1955,_,很好
1955,_,是正品
1956,_,蛮好
1956,增白效果,不油腻
1956,香味,淡淡的
1957,_,很满意
1957,保湿,_
1957,保湿效果,不错
1957,卖家服务态度,很好
1957,发货速度,快
1958,_,不过敏
1958,_,滋润保湿
1958,_,非常好用
1959,包装盒,_
1959,物流,一般
1960,包装,很好
1960,快递,挺快的
1960,快递员服务,_
1960,遮瑕效果,不很好
1961,_,还没填
1961,_,默认好评
1962,_,不错
1962,_,很实惠
1962,赠品,好用
1963,_,还不错
1964,包装,有点简陋
1964,快递,是真快
1964,盒子,有稍许破损
1965,_,非常满意
1966,_,比较方便
1967,_,不太好用
1967,_,太干
1968,_,不显假
1968,_,挺好的
1968,_,自然
1969,_,很好用
1969,优惠力度,很高呢
1970,物流,好快
1971,_,蛮清爽的
1972,_,不会差
1972,_,很刺眼
1973,_,很不错
1973,_,很明显
1973,_,很清新
1973,_,很自然
1973,味道,很不错
1974,_,好用
1975,_,不错
1976,味道,还行
1977,发货速度,很快
1978,_,不错
1978,_,很实惠
1978,活动,_
1978,赠品,_
1979,_,很不错
1979,_,很满意
1979,_,很舒服的
1979,味道,不大喜欢
1980,_,好评
1980,_,挺好用的
1980,_,比较服帖
1980,_,自然
1980,送过速度,很快
1981,_,好评
1981,_,还可以
1981,价格,优惠
1982,_,是正品
1983,_,挺补水的
1983,_,超划算
1984,_,挺好的
1984,肤色,提亮了好多
1984,赠品,_
1984,遮瑕效果,不错
1985,_,很均匀
1985,_,挺好用的
1985,活动,_
1986,_,很滑
1987,_,挺好的
1988,_,非常好用
1988,价格,不贵
1989,_,很好用
1989,_,很适合
1990,_,好用
1991,_,不脱妆
1991,_,提亮
1991,性价比,高
1992,_,很适合
1993,_,不持久
1993,_,没有那么好
1993,_,还行
1993,味道,淡淡的
1994,_,不干
1994,_,很滋润
1994,_,还遮瑕
1995,_,不刺激
1995,_,特别喜欢
1995,_,特别舒服
1996,_,很棒
1996,_,是正品
1996,味道,淡淡的
1996,小礼品,_
1996,香味,_
1997,_,好
1998,_,天呐
1998,_,好多
1998,_,好实惠
1998,_,非常好用
1999,_,不合适
1999,_,不太好
1999,物流,还行
2000,_,挺不错
2001,_,不墙白
2001,_,非常好看
2001,外壳,好看
2001,颜色,自然
2002,_,好
2003,_,挺好的
2004,_,不刺激
2004,_,挺柔和的
2005,_,挺好用的
2005,保湿效果,很好
2006,_,凉凉的
2007,_,一般般
2007,_,没有说的这么好
2007,价格,_
2008,_,非常好用
2009,补水效果,不错
2010,_,很温和
2010,_,很贴心
2010,_,方便
2010,设计,真的好
2011,_,不错
2012,_,挺好的
2013,_,不会腻
2013,_,很锁水
2014,_,蛮干净的
2015,_,滋润
2015,_,美白
2015,隔离效果,好
2016,_,五星好评
2016,_,可以
2016,保湿,补水
2017,_,很差
2017,客服态度,不好
2018,_,不错
2019,_,不过敏
2019,味道,太浓
2019,泡沫,刺眼睛
2020,_,不错
2020,_,没有搓泥什么的
2020,_,特别好
2021,_,很好
2022,_,五星好评
2022,_,物美价廉
2022,发货,很快
2023,_,挺好看用的
2024,_,很不错
2025,_,有点厚
2026,洁面,一般般
2027,_,比较轻薄
2027,_,补水
2027,_,还可以
2028,_,喜欢
2029,_,特别补水
2030,_,看着自然
2030,_,细腻
2030,赠品,很多
2031,_,挺好用
2032,_,很划算
2032,_,很好用
2032,_,挺舒服的
2032,_,超级实惠
2032,_,还不错
2032,卸妆水,很温和
2033,_,非常好用
2033,活动,超级划算
2034,_,垃圾
2034,_,差评
2035,_,特别好用
2035,_,送货到家
2035,价格,太划算
2035,快递员,非常感谢
2035,送货,特别快
2036,_,实惠
2036,_,很不错
2037,_,不错
2037,_,好用
2038,_,很不错
2038,味道,_
2039,_,觉得肤色
2039,淡斑效果,_
2040,_,正品
2040,_,满意满意
2041,_,挺不错
2041,物流,很快
2042,_,很给力
2043,_,不怎么样诶
2043,价钱,挺好的
2045,_,还不错
2046,_,真的快
2046,精华,特别多omg
2047,_,很喜欢
2047,_,涂上不腻
2047,香味,淡淡的
2048,_,还行
2048,包装,还可以
2049,_,不错
2049,_,很自然
2050,_,好用
2050,_,很服帖
2051,_,正品
2051,质地,清爽
2052,_,起皮严重
2053,_,不错
2053,_,挺好的
2053,上妆,很合适
2054,_,没有
2054,优惠力度,618的
2055,_,便宜太多了
2055,_,太划算了
2056,_,赞一个
2056,价格,实惠
2056,送货,快
2057,_,不错
2057,快递小哥服务,到位
2057,爱妻,非常喜欢
2058,_,很清爽
2059,_,很满意
2059,味道,淡淡的
2059,清香,_
2059,赠品,很多
2060,味道,难闻
2061,_,挺好的
2063,包装,精致
2063,物流,相当快
2064,_,好用
2064,_,特别湿润
2064,补水效果,没得说
2064,补水神器,_
2065,_,很好
2065,_,比较自然
2065,上妆效果,_
2066,_,不像是正品
2066,味道,还勉强可以
2066,量,很少
2067,_,不好用
2068,_,好用
2069,_,过敏
2070,_,是正品
2070,物流,超快
2071,_,绝对的正品
2071,补水效果,很好又刺激
2072,_,很服帖
2072,_,特别薄
2072,容量,多
2072,香味,有点重
2073,包装,太差
2074,_,很服帖
2074,_,挺遮毛孔的
2074,持妆效果,不错
2074,遮瑕效果,_
2075,_,不错
2075,_,很喜欢
2076,_,还可以
2076,价格,合理
2077,_,不错不错
2077,_,不错的
2077,_,还可以
2078,_,不错
2078,保湿,非常喜欢
2078,快递,很快
2078,遮暇效果,很好
2079,_,很划算
2079,_,挺好的
2080,_,很不错
2080,_,很服帖
2080,_,是香香的
2080,味道,很好看
2081,_,很划算
2081,_,很服帖
2081,_,很水润
2082,_,不好看
2082,_,很好吸收
2082,_,很蠢
2082,_,还可以
2083,_,蛮好的
2084,_,好评
2084,卖家,真有心
2085,服务,很好
2086,_,蛮好的
2087,_,没有过敏
2087,_,还不错
2088,_,不会太干
2088,_,很不错
2088,_,很喜欢
2088,_,粉粉的
2088,价格,适中
2089,_,很方便
2089,价格,实惠
2090,_,一般般了
2090,_,好用
2091,_,挺滋润
2091,_,是正品
2091,_,特别方便
2091,快递,非常快
2092,_,很好用
2093,_,很好用
2093,_,是正品
2094,_,好用
2094,_,非常喜欢
2095,_,挺好的
2096,_,很补水
2096,_,超喜欢
2096,包装,很漂亮
2097,_,喜欢
2098,_,很满意
2098,物流,很快
2099,_,容易抹开
2099,_,很不错
2099,_,很喜欢
2100,_,很划算
2101,_,不是正品
2102,_,物美价廉
2102,包装,精美
2103,_,很喜欢
2103,_,特别服帖
2103,价格,实惠
2103,物流,很快
2104,_,很棒
2105,_,很好用
2105,_,是正品
2105,快递,很快
2106,_,不是专门遮瑕的
2106,_,挺自然
2106,_,还不错
2106,遮瑕,不太好
2107,_,划算
2107,_,很好
2109,_,不错
2109,_,好难盖
2109,设计,太狗血
2110,_,非常好
2110,快递速度,很快
2111,价格,比较便宜
2112,_,太干
2112,_,过敏
2113,_,很不错
2113,性价比,高
2114,_,挺好的
2115,_,挺好的
2116,_,有点刺痛
2116,_,没什么效果
2117,包装,不好
2118,_,太满意
2118,_,很划算
2118,_,很好用
2119,补水效果,很不错
2120,_,好
2120,_,洗得干净
2120,泡沫,丰富
2120,物流,快
2121,_,大爱
2121,_,特别好
2121,_,超级好用
2121,_,非常保湿
2122,_,挺好的
2122,_,还可以
2122,味道,淡淡的
2123,_,不紧绷
2123,_,好用
2123,_,很舒服
2124,_,不错
2124,_,很好
2125,_,是正品
2125,补水效果,很好
2126,赠品,没有不开心
2127,_,好用
2128,_,不会过敏
2128,_,不错
2128,_,比较适合
2128,价格,不贵
2129,_,很OK
2129,_,很柔和舒服
2129,清洁度,中等
2130,_,非常好
2131,_,很好
2131,_,很补水
2132,_,很服帖
2132,_,确实不错
2132,精华,很多
2132,补水效果,不错
2133,_,很好用
2133,服务态度,很好
2134,_,很好用
2134,包装,完好
2135,_,特别划算
2135,活动,_
2135,补水效果,不错
2136,_,很快
2136,物流,很棒
2137,_,很喜欢
2137,_,很自然
2137,_,提肤色
2137,物流,超快
2137,香味,优然
2138,_,喜欢得不得了
2139,_,比较信赖的
2140,_,不错
2140,物流,很快
2141,_,还不错
2142,_,很好用
2143,补水效果,非常好
2144,_,还不错
2144,物流,很快
2145,_,不错
2145,速度,很快
2146,包装,不错
2147,_,贴皮肤
2147,_,非常好
2147,保湿,好
2148,_,很好
2148,服务,超级贴心
2148,赠品,蛮保湿
2148,香味,淡淡的
2149,_,特别好
2149,活动,最合适
2150,包装,挺好的
2151,_,好
2151,_,很好用
2152,_,很好用
2152,补水效果,超好的
2153,_,很好
2154,_,贵
2155,_,很好用
2156,_,好评
2156,包装,不太好
2156,快递服务态度,很好
2157,_,很喜欢
2157,物流,给力
2158,补水效果,很好
2159,配送小哥,棒棒哒家
2160,_,不是面粉的那种白
2160,_,很好拍开
2160,_,香香的
2161,_,太香了
2162,_,还优惠
2162,_,非常好
2162,价钱,给力
2163,补水,很补水
2164,_,非常好用
2165,_,不好
2165,_,没有泡沫
2165,味道,太刺鼻
2166,_,很细腻
2166,_,很舒服
2166,_,滑滑的
2166,_,香香的
2167,_,不错
2167,_,很实惠
2168,_,不太好洗
2168,_,没洗干净
2168,_,滑滑的
2169,_,还可以
2170,_,希望好用
2170,快递,真的好快
2171,_,快
2172,_,根本不值
2172,价格,_
2173,_,还可以
2173,味道,_
2174,_,不错
2175,_,一般
2175,_,洗不干净
2176,_,超级好用
2176,_,超级好用的
2176,味道,原来的
2177,_,不怎么好
2177,_,不方便
2177,颜色,不是很自然
2178,_,还行
2179,_,很好
2179,气味,不太好闻
2180,_,很好用噢
2181,_,好评
2181,_,很好用
2182,_,挺便宜
2183,物流,好快
2184,_,还可以
2184,包装,_
2185,_,挺好的
2186,_,还可以
2187,_,是正品
2187,物流,快
2188,_,还行
2188,包装盒,_
2189,快递,快
2190,香味,很喜欢
2191,活动,挺划算
2192,发货,很快
2193,_,不贵
2193,_,很好用
2193,性价比,是真的高
2194,_,不卡粉
2194,_,很润
2194,_,很满意
2194,包装,好
2194,物流,快
2196,味道,好闻
2197,_,不是太好用
2198,_,满意
2198,包装,好看
2198,发货,快
2199,_,很划算
2200,_,还可以
2201,_,很好
2202,_,不是很好
2202,_,很精致
2202,包装,一般
2204,_,不细腻
2204,_,有泡沫
2204,味道,还行
2205,_,不错
2205,_,没过敏
2205,补水,还可以
2206,_,不刺激
2206,_,不错
2206,_,不错不错
2206,_,挺好
2206,_,温和
2207,_,非常棒
2208,性价比,挺高的
2208,活动,很便宜
2209,_,实惠
2209,_,经济
2209,_,还行
2209,价格,不贵
2210,_,一直不错
2210,_,很自然
2211,_,喜欢
2211,_,超级喜欢
2213,_,超级棒
2213,补水效果,挺不错
2214,_,挺舒服的
2214,_,还不错
2214,物流,挺快的
2215,_,不
2215,_,不好看
2215,_,好用
2216,_,挺好的
2216,_,有光泽
2216,_,细腻
2216,_,顺滑
2216,赠品,不错
2217,_,很好
2217,_,超划算
2218,_,不错
2219,_,特别好用
2219,_,特别开心
2219,_,非常满意
2221,补水效果,很好
2222,_,不润
2222,_,有点偏干
2222,_,真好
2223,_,挺好
2223,_,挺适合
2224,_,还可以
2224,清洁效果,_
2225,_,一般
2227,_,不错
2227,_,好评
2227,_,有明显
2228,_,挺好的
2229,_,是正品
2229,效果,棒棒哒
2229,隔离包装,很好
2230,_,不错不错
2230,_,划算
2231,_,不是太白
2231,_,很细腻
2232,_,很好用
2232,物流,超快
2233,_,容易推开
2233,_,挺显白的
2234,_,容易推开
2234,_,很不错
2234,_,改善肤色
