非常好用,整体
比较滋润,使用体验
很喜欢,整体
是正品,真伪
不会刺痛,使用体验
不刺激,使用体验
非常的不错,整体
很自然,功效
很好,整体
味道很好,气味
很不错,整体
超级喜欢,整体
味道很好,气味
卖家好有爱,服务
很满意,整体
服贴,使用体验
不卡粉,使用体验
很好,整体
挺好的,整体
不错,整体
赠品很好,整体
好,整体
补水,功效
美白,功效
还行吧,整体
有点干,使用体验
还行,整体
挺好用的,整体
快递特别给力,物流
更好,整体
蛮好的,整体
划算,价格
水水润润的,使用体验
实惠,价格
很不错,整体
好用,整体
不油腻,使用体验
非常不错,整体
发货非常给力,物流
赞一下,整体
正品,真伪
还不错,整体
挺好用的,整体
有点白,功效
挺保湿,功效
不错,整体
价格合适,价格
很好用,整体
很不错,整体
包装比较好,包装
很喜欢,整体
有点小,尺寸
不错,整体
很便宜,价格
超级喜欢,整体
微微一点白,功效
薄薄的,使用体验
很舒服,使用体验
是正品,真伪
质量棒棒哒,其他
服务,物流
物流棒,物流
很好,整体
喜欢,整体
很舒服,使用体验
很清爽,使用体验
水水的,使用体验
非常好,整体
很喜欢,整体
细腻,使用体验
不油腻,使用体验
很好用,整体
味道很好闻,气味
上妆效果很好,功效
赠品好多,价格
包装挺好,包装
非常棒,整体
经济实惠,价格
贵,价格
好评,整体
不错,整体
还好,整体
假的,真伪
没有多大效果,整体
非常满意,整体
很喜欢,整体
态度好,服务
物流特别快,物流
很好,功效
是正品,真伪
保湿,功效
很划算,价格
很好闻,气味
味道很自然,气味
赠品,价格
希望是正品,真伪
还可以,整体
很服帖,使用体验
精华液多,成分
滑滑的,使用体验
嫩嫩的,使用体验
还不错,整体
挺清爽的,使用体验
包装完整,包装
物流常快,物流
商家服务好,服务
非常喜欢,整体
物超所值,整体
超赞,整体
粘稠些,使用体验
挺好用的,整体
很好推开,使用体验
好评,整体
泡沫适中,使用体验
清洁能力有一定的,功效
非常舒适,整体
服务态度很好,服务
还好,整体
不错,整体
发货速度非常快,物流
正品,真伪
五星好评,整体
包装,包装
补水效果不错,功效
包装很细心,包装
快递挺给力,物流
非常好用,整体
喜欢,整体
挺好用的,整体
颜色比较均匀,功效
好评,整体
挺舒服的,使用体验
满意,整体
还可以,整体
遮暇效果很好,功效
美白效果不错,功效
味道有点太香,气味
不错,整体
不刺激,使用体验
好很多,整体
很好用,整体
很服帖,使用体验
包装很好,包装
没有破损,包装
物流很快,物流
挺好用的,整体
不紧绷,使用体验
不错,整体
好用,整体
保湿,功效
提亮,功效
清洁,功效
收缩毛孔,功效
补水,功效
挺好的,整体
挺喜欢,整体
物有所值,整体
物流很快,物流
补水效果不错,功效
大小合适,尺寸
不错,整体
一般,整体
太厚,其他
香味淡淡的,气味
很好用,整体
保湿效果不错,功效
补水,功效
好用,整体
还不错,整体
挺通透的,使用体验
满意,整体
很喜欢,整体
挺好的,整体
很满意,整体
物流非常快,物流
包装很好,包装
活动,价格
还不错,整体
补水没什么问题,功效
便宜,价格
喜欢,整体
非常满意,整体
物美价廉,价格
非常好用,整体
包装很喜欢,包装
精华液很多,成分
面膜纸薄透,使用体验
还不错,整体
比较温和,使用体验
还不错,整体
多多促销,价格
价格多多优惠,价格
最好用,整体
挺好用的,整体
持妆,功效
控油效果不错,功效
遮暇一般般,功效
不错,整体
活动,价格
快,物流
物流快,物流
挺好的,整体
不错,整体
非常不错,整体
快递很速度,物流
一般般,整体
卸妆挺好的,功效
泡沫很多,使用体验
很好,整体
很喜欢,整体
很好用,整体
不错,整体
好评,整体
挺划算的,价格
还不错,整体
不油腻,使用体验
很自然,功效
味道很好闻,气味
物流很快,物流
满意,整体
不是很喜欢,气味
味道怪怪的,气味
物流配送非常快,物流
香味,气味
很喜欢,整体
划算,价格
赠品,价格
挺好,整体
不错,整体
挺快,物流
物流很快,物流
物流快,物流
很划算,价格
五星好评,整体
是正品,真伪
很好,整体
物流很快,物流
非常好,整体
包装不错,包装
很划算,价格
很小,整体
不大好,整体
很不错,整体
快递超快,物流
不是特别显白,功效
很自然,功效
干巴巴,使用体验
一点都不水润,使用体验
很硬,使用体验
也不好使,整体
可以,整体
瓶盖碎了,物流
态度非常好,服务
很好用,整体
很舒服,整体
物流超快,物流
服务到家,物流
增品没收到,价格
五星好评,整体
物流超级给力,物流
价格合适,价格
很好,整体
好干燥,使用体验
很好用,整体
很舒服,使用体验
很水润,使用体验
不错,整体
便宜好多,价格
划算,价格
好,整体
还不错,整体
遮瑕,功效
提亮效果不错,功效
有点干,使用体验
起皮,使用体验
快递很快,物流
很不错,整体
太一般了,整体
干死了,使用体验
快递速度很快,物流
包装不错,包装
好用,整体
增白,功效
遮瑕,功效
快递,物流
很干净,功效
还不错,整体
挺好用的,整体
不贴,使用体验
很容易掉粉,使用体验
浮粉,使用体验
挺好用,整体
还可以,整体
还不错,整体
速度很快,物流
好没用,整体
可以啊,整体
提好用,整体
持久情况还好,功效
防晒效果一般,功效
物流多块,物流
盖子松的,包装
还行,整体
营养液很充足,成分
精华多,成分
还行,整体
不错,整体
味不错,气味
还可以,整体
物流很快,物流
比较好,整体
非常好用,整体
挺好用的,整体
水份几乎没有,成分
很干,使用体验
太差了,整体
粉浮着,使用体验
特别少,其他
还可以,整体
量多,其他
非常好用,整体
颜色正好,功效
活动,价格
很喜欢,整体
挺划算的,价格
好好的,整体
味道好闻,气味
还可以,整体
挺服帖,使用体验
性价比真高,价格
非常的实惠,价格
味道很好闻,气味
送货很快,物流
没有过敏,使用体验
挺薄,使用体验
贴肤,使用体验
不痒,使用体验
还可以,整体
还不错,整体
挺不错的,整体
物流快,物流
不干,使用体验
不紧绷,使用体验
非常好,整体
不错,整体
很好推开,使用体验
均匀肤色,功效
有点失望,整体
日期不是新的,新鲜度
包装挺好的,包装
赠品,价格
很好用,整体
很不错,整体
特别水润,使用体验
味道淡淡的,气味
还行,整体
太香了,气味
很好,整体
粉质细腻,使用体验
比较好推开,使用体验
好评,整体
很好用,整体
快递很快,物流
油亮油亮,使用体验
很白,功效
不错哦,整体
很自然,功效
很好推开,使用体验
不太喜欢,整体
很划算,价格
干的脱皮,使用体验
还可以,整体
很好,整体
泡沫很细腻,使用体验
挺好的,整体
遮瑕效果好,功效
还不错,整体
非常好用,整体
非常香,气味
还挺好的,整体
辣眼睛,使用体验
味道刺鼻,气味
太失望了,整体
不错,整体
保湿效果一般,功效
是正品,真伪
非常好用,整体
比较显白,功效
香味淡淡的,气味
发货速度挺快,物流
保湿效果好,功效
很实惠,价格
遮暇,功效
容易油,使用体验
服帖,使用体验
显白,功效
不错,整体
经济,价格
价位实惠,价格
挺好的,整体
挺补水,功效
上妆效果满好的,功效
不错,整体
很自然,功效
价格很合适,价格
很清爽,使用体验
不刺激,使用体验
可以哦,整体
水份多多,使用体验
很喜欢,整体
卸妆非常彻底,功效
很干净,使用体验
一点也不干,使用体验
卸妆效果一般般,功效
挺不错的,整体
价格实惠,价格
物超所值,整体
泡沫多,使用体验
洗干净,功效
不腻,使用体验
不干,使用体验
挺好,整体
经济,价格
实惠,价格
效果不错,功效
不卡粉,使用体验
持久,使用体验
清新,使用体验
包装好看,包装
挺好用的,整体
很不错,整体
有点白,功效
很喜欢,整体
真心不错,整体
可以,整体
服务不敢恭维,服务
是正品,真伪
补水效果还行,功效
价格低一点,价格
好用,整体
超级补水,功效
保湿,功效
很好,整体
物流给了,物流
不错,整体
还是不错的,整体
物流速度特别快,物流
卖家态度不错,服务
喜欢,整体
还可以,整体
好用,整体
不错,整体
挺好用,整体
很好用,整体
不油腻,使用体验
很爽,使用体验
正品,真伪
价格实惠,价格
物流超快,物流
很好用,整体
超级划算,价格
非常满意,整体
盒子没有,包装
保湿,功效
补水效果不错,功效
还可以,整体
水份挺足的,成分
挺好用的,整体
不卡粉,使用体验
挺实惠的,价格
精华液很多,成分
很喜欢,整体
不错,整体
遮暇还可以,功效
香味淡淡的,气味
还可以,整体
好评,整体
干净,使用体验
不紧绷,使用体验
好闻,气味
超好用,整体
润润的,使用体验
很好,整体
快递小哥送货到家,物流
好，棒,整体
好，用,整体
赠品,价格
好划算,价格
还行,整体
很喜欢,整体
不油腻,使用体验
不错,整体
好用,整体
实惠,价格
好用,整体
不好用,整体
太干了,使用体验
比较满意,整体
便宜,价格
可以,整体
香味可以,气味
很好,整体
不卡粉,使用体验
保湿好,功效
不错,整体
很快,物流
不错,整体
闷痘,使用体验
搓泥,使用体验
过期,新鲜度
包装也很好,包装
很不错,整体
非常不错,整体
味道好闻,气味
活动,价格
温和,使用体验
不太刺激,使用体验
不错,整体
一般,整体
不是很滋润,使用体验
吸收很不错,使用体验
不错,整体
容易推开,使用体验
遮瑕特别好,功效
挺好用的,整体
很好用,整体
香味淡淡的,气味
水水润润的,使用体验
真的很好,整体
补水,功效
很好用,整体
不紧绷,使用体验
超值的,价格
很好用,整体
好评,整体
价格实惠,价格
不错,整体
很好,整体
好用,整体
有一点白,功效
味道不好闻,气味
还可以,整体
水份很多,使用体验
粉底有香味,气味
隔离很好用,功效
不太喜欢,气味
很喜欢,整体
经济又实惠,价格
好评,整体
很好用,整体
价格亲民,价格
上妆效果很好,功效
气味相似,气味
好舒服,使用体验
滑滑的,使用体验
不拉眼,使用体验
真的好用,整体
好用,整体
喜欢,整体
精华液很多,成分
吸收很快,使用体验
包装很喜欢,包装
快递服务很好,物流
很常满意,整体
很棒,整体
超级喜欢,整体
真好,物流
大爱,整体
炒鸡棒棒,整体
清洁能力挺好的,功效
不紧绷,使用体验
很满意,整体
还不错,整体
还行吧,整体
还不错,整体
还可以,整体
假货,真伪
肤色不正,功效
不能用,整体
卸妆很干净,功效
很不错,整体
很方便,其他
速度很快,物流
不错,整体
清洁作用很一般,功效
好推开,使用体验
清薄,使用体验
透气,使用体验
很好用,整体
不错,其他
便宜,价格
是正品,真伪
不是很好用,整体
妆感还可以,使用体验
不油腻,使用体验
挺干的,使用体验
很喜欢,整体
快,物流
泡沫不多,使用体验
比较干净,功效
不紧绷,使用体验
还可以,整体
发货挺快,物流
好评,整体
物流很快,物流
比较水润,使用体验
美白效果,功效
还可以,整体
是正品,真伪
很满意,整体
发货飞快,物流
质量不错,其他
值得推荐,整体
遮瑕效果一般,功效
还好吧,整体
非常不错,整体
还行,整体
不好用,整体
控油效果很好,功效
清洁效果很干净,功效
泡沫丰富度刚刚合适,使用体验
保湿效果一整天,功效
温和程度很好,使用体验
速度快,物流
物美价廉,价格
服务好,服务
很划算,价格
客服态度很好,服务
是正品,整体
很方便,使用体验
不油腻,使用体验
希望是正品,真伪
粉扑好硬,使用体验
粉液一般般,使用体验
价格对的起,价格
服务,服务
品质好,整体
开票快,服务
一般,整体
好评,整体
活动,整体
价格很便宜,价格
很实惠,价格
精华液很多,成分
正品,真伪
包装,包装
清洁效果特别好,功效
超级好用,整体
保湿,功效
锁水效果很好,功效
活动,价格
还不错,功效
快递小哥,物流
是正品,真伪
很好,整体
送货速度快,物流
价格优惠很多,价格
物流速度,物流
特别好用,整体
挺好用的,整体
很喜欢,整体
很不错,整体
超级棒,整体
新包装,包装
非常不错,整体
很划算,价格
价格实惠,价格
很好用,整体
比较好用,整体
润润的,使用体验
清洁能力挺好的,功效
很清爽,气味
很实惠,价格
没有紧绷感,使用体验
不错,整体
补水效果很明显,功效
优惠活动,价格
性价比较高,价格
用着好,整体
还挺好,整体
物流非常快,物流
非常喜欢,整体
性价非常好,价格
非常不错,整体
不错,整体
挺好吸收,使用体验
香味特别喜欢,气味
不是正品,真伪
最差的,整体
不好,整体
包装,包装
快递还可以,物流
是正品,真伪
应该也不错,整体
价格比较实惠,价格
非常好用,整体
好用,整体
划算,价格
卖家,服务
快递服务不错,物流
五星好评,整体
效果不错,整体
给个赞,整体
保湿效果好,功效
不错,整体
快递师傅态度很多,物流
很好,整体
价格实惠,价格
很好用,整体
很不错,整体
很不错,整体
物流挺快的,物流
真心不好用,整体
物流速度快,物流
老板很好,服务
不错,整体
很喜欢,整体
很轻薄透亮,使用体验
超好用,整体
不太开心,整体
好评,整体
包装精致,包装
很不错,整体
水润,使用体验
保湿,功效
不油腻,使用体验
体亮自然,功效
特别满意,整体
泡泡很少,使用体验
清洁不是很够,功效
很温和,使用体验
好用,整体
不厚,使用体验
不过敏,使用体验
很水润,使用体验
跟服帖,使用体验
用着很好,整体
比较合适,整体
礼品,价格
不错,整体
很服帖,功效
很喜欢,整体
很好用,整体
服务就是好,物流
快递小哥服务态度特别好,物流
很服贴,使用体验
自然,功效
很好,整体
很好,使用体验
贴合度很满意,使用体验
大爱,整体
太方便了,使用体验
还挺省,其他
真的很一般,整体
不是很值,价格
卸妆不是太干净,功效
棒棒哒,整体
效果很好,功效
活动很划算,价格
不错,整体
活动力度很大,价格
非常好,整体
好用,整体
不错,整体
很好,整体
还行,整体
不好用,整体
不滋润,功效
不错,整体
挺好的,整体
很好用,整体
物美价廉,价格
很喜欢,整体
不错,整体
便宜,价格
物流超快,物流
挺舒服,使用体验
没有紧绷感,使用体验
挺干燥的,使用体验
补水不错,功效
有点点过敏,使用体验
味道别太香,气味
便宜了很多,价格
客服非常满意,服务
速度很快,物流
不错,整体
很舒服,整体
非常好,整体
很棒,整体
垃圾,整体
形状不规整,尺寸
包装很可爱,包装
还不错,整体
提亮肤色,功效
可以,整体
很好用,整体
很温和,使用体验
还行,整体
挺保湿的,功效
划算多了,价格
补水效果还可以,功效
是正品,真伪
非常好,整体
容易打开,使用体验
不错,整体
价格合理,价格
很薄,使用体验
服帖,使用体验
不黏糊糊,使用体验
还可以,整体
不错,整体
还不错,整体
赠品很多,价格
一般般,整体
超级好用,整体
很干净,功效
不紧绷,使用体验
挺好的,整体
满意,整体
很好用,整体
非常舒服,使用体验
颜色粉粉的,其他
很好,整体
不油腻,使用体验
清爽,使用体验
便宜多了,价格
物流够快,物流
还可以,整体
遮盖力一般,功效
很滋润,使用体验
很好用,整体
好用,整体
很好,整体
很不错,整体
很满意,整体
价格便宜实惠,价格
保湿效果不错,功效
非常好用,整体
再便宜点,价格
还不错,整体
不怎么好用,整体
还可以,整体
很不错,整体
贴装,使用体验
好,整体
还可以,整体
挺好用的,整体
挺保湿的,功效
好用,整体
不干涩,使用体验
物流真快,物流
好,整体
价位很给力,价格
不错,整体
速度快,物流
特别好,整体
价格实惠,价格
快递真的不错,物流
很不错的,整体
速度很快,物流
正品,真伪
很便宜,价格
不错,整体
还保湿,功效
很喜欢,整体
挺不错,其他
好用,整体
很补水,使用体验
物流,物流
是正品,真伪
服务棒棒哒,服务
挺好用的,整体
轻薄,使用体验
很提亮肤色,功效
超级好用,整体
好,整体
包装,包装
挺好的,整体
活动,价格
还不错,整体
非常满意,整体
控油效果一般,功效
持久情况没问题,功效
快递,物流
可以的,整体
是正品,真伪
挺好用的,整体
不错,整体
很方便,整体
性价比高,价格
还不错,整体
很好,整体
速度快,物流
美白效果,功效
好用,整体
喜欢,整体
水分多,成分
好吸收,使用体验
不错,整体
不错,整体
小礼品很多,价格
挺服帖,使用体验
挺遮瑕,功效
提亮肤色,功效
是正品,真伪
保湿,功效
没有浮粉,使用体验
很好闻,气味
很好用,整体
不紧绷,使用体验
好评,整体
不错,整体
送货快,物流
好用,整体
包装太随便了,包装
包装盒没有,包装
很好,整体
味道不错,气味
很不错,整体
是正品,真伪
保质期,新鲜度
很满意,整体
不错,整体
性价比不错,价格
妥妥的,整体
没毛病,整体
挺好用的,整体
不错,整体
物流快,物流
快递小哥,物流
遮暇效果一般般,功效
活动,价格
包装完整,包装
很漂亮,整体
味道很不错,气味
满意,整体
不卡粉,使用体验
很好用,整体
好服帖,使用体验
超级划算,价格
便宜好多,价格
是正品,真伪
好用,整体
真心划算,价格
挺不错的,整体
不错,整体
好的,整体
很不错,整体
不错,整体
比较自然,功效
棒棒哒,整体
挺好用的,整体
超级喜欢,整体
太划算,价格
希望是正品,真伪
产品一流,整体
快递三流,物流
很划算,价格
不错,整体
还不错,整体
很温和,使用体验
还不错,整体
补水效果还可以,功效
超级好用,整体
滑滑的,使用体验
物流超快,物流
很好,整体
活动,价格
不错,整体
挺好用的,整体
效果还不知道,功效
补水可以,功效
味道太香了,气味
包装很好,包装
很好用,整体
质量很好,其他
香味淡淡的,气味
清洁效果好,功效
还行,整体
没有过敏,使用体验
很补水,功效
精华液很多,成分
好评,整体
不错,整体
便宜,价格
希望是正品,真伪
好,整体
不错,整体
价格实惠,价格
物流快,物流
挺好用的,整体
不紧绷,使用体验
不错,整体
隔离效果挺不错,功效
好用,整体
实惠,价格
挺淡,气味
味道蛮好闻,气味
有点黏黏,使用体验
挺小只,尺寸
很满意,整体
还不错,整体
改善肤色,功效
不干,使用体验
物流好快,物流
很好用,整体
实惠,价格
卸不掉,功效
不错,整体
大爱,整体
味道挺好的,气味
速度快,物流
还不错,整体
很划算,价格
持久力可以,使用体验
保湿很好,功效
应该挺好的,整体
还可以,整体
送货快,物流
很喜欢,整体
很方便,整体
礼品,价格
好评,整体
一如既往的好,整体
挺好的,整体
不过敏,使用体验
保湿照顾还不错,功效
补水效果很好,功效
可以,整体
上妆效果还好,功效
挺好,整体
不好用,整体
很烂,整体
很薄,使用体验
很服帖,使用体验
价钱美丽,价格
很不错,整体
是正品,真伪
活动挺合适,价格
不错,整体
好用,整体
没有过敏,使用体验
好,其他
价格实惠,价格
比较温和,使用体验
很好,整体
喜欢,整体
正品,真伪
很不错,整体
挺好,整体
不错,整体
客服服务态度不错,服务
物流应该改进,物流
客服敷衍了事,物流
正品,真伪
非常好用,整体
包装太简陋了点,包装
还不错,整体
客服热心,服务
有些油,使用体验
是正品,真伪
很香,气味
是正品,真伪
上妆很好,功效
不油腻,使用体验
有点干,使用体验
很持久,功效
还可以,整体
很好,整体
很喜欢,整体
包装很精美,包装
图案漂亮,其他
很喜欢,整体
物流很快,物流
还不错,整体
很舒服,整体
还好,整体
真的好用,整体
还不错,整体
物流配送中心很快,物流
很好,整体
很满意,整体
好评,整体
不好用,整体
太干了,使用体验
没有说的那么保湿,功效
上当了,整体
很好用,整体
包装比较好携带,包装
很好用,整体
味道很好闻,气味
很好用,整体
轻薄,使用体验
很提肤色,功效
还不错,整体
好用,整体
不油腻,使用体验
喜欢,整体
瓶子新款,包装
方便,使用体验
很好用,整体
不干,使用体验
赠品好多,价格
很好用,整体
好评,整体
很划算,价格
不刺激,使用体验
很温和,使用体验
快递服务态度好,物流
挺好用的,整体
味道很好闻,气味
价格真的优惠,价格
保湿,功效
不油腻,使用体验
很贴,使用体验
最喜欢的,整体
很一般,整体
不好上妆,功效
搓泥了,使用体验
有些失望,整体
价格挺实惠,价格
还可以,整体
还行,整体
特别喜欢,整体
挺好的,整体
特喜欢,整体
划算,价格
活动,价格
好评,整体
还不错啦,整体
挺滋润补水的,使用体验
很划算,价格
挺好用的,整体
不错,整体
很好吸收,使用体验
赠品很好,价格
丝润,使用体验
光滑,使用体验
好小,尺寸
清洁效果不是很好,功效
挺温和的,使用体验
可以,整体
快寄很给力,物流
水水润润,使用体验
真品牌,真伪
物流快,物流
价格便宜,价格
滋润,使用体验
送货快,物流
还不错,整体
活动划算,价格
一般,整体
没那么好用,整体
物流很快,物流
补水效果很明显,功效
包装很好,包装
不错,整体
好评,整体
瓶子很漂亮,包装
快递很快,物流
态度好,物流
很喜欢,整体
很好用,整体
很好,整体
很不错,整体
快递员,物流
好用,整体
水水的,使用体验
很细,使用体验
挺好的,整体
是正品,真伪
快递太不靠谱,物流
商家不解决,服务
物流挺快的,物流
是正品,真伪
很放心,整体
快递真的很快呀,物流
颜值较高,包装
不错,整体
好用,整体
补水不错,功效
卸妆干净,功效
很温和,使用体验
还不错,整体
便宜了好多,价格
非常好,整体
很满意,整体
价格便宜,价格
价钱实惠,价格
不干,使用体验
物流很快,物流
物流很快,物流
不错,整体
价格合适,价格
物流给力,物流
很不错,整体
物流快,物流
好,整体
超喜欢,整体
香味不太喜欢,气味
质地轻薄,使用体验
挺滋润,使用体验
不错,整体
很好,整体
价格较便宜,价格
一般,整体
有点卡粉,使用体验
不错,整体
比较好用,整体
很光滑,使用体验
好推开,使用体验
不卡粉,使用体验
挺好的,整体
买的值,价格
价格优惠,价格
正品,真伪
很好,整体
超级好用,整体
非常喜欢,整体
味道很好闻,气味
清洁能力不错,功效
发货很快,物流
活动力度很大,价格
很实惠,价格
补水效果,功效
服务非常好,服务
精华挺多的,成分
很好,整体
挺薄的,使用体验
很舒服,使用体验
清洁度还不错,功效
保湿效果很好,功效
物流好快,物流
清洁效果不错,功效
不紧绷,使用体验
酒精味很明显,气味
还不错,整体
很舒服,使用体验
清香淡淡的,气味
还可以,整体
精华挺多的,成分
还不错,整体
挺好用的,使用体验
不错,整体
补水效果很好,功效
物流很快,物流
态度很好,物流
颜值很高,包装
不错,整体
物流超快,物流
延展性很好,使用体验
调节肤色,功效
很好用,整体
挺好,整体
味道挺清淡的,气味
非常好,整体
很好用,整体
补水效果很好,功效
包装完好,包装
快递小哥服务很好,物流
挺好的,整体
不错,整体
包装,包装
很不错,整体
干净,功效
不紧绷,使用体验
送货速度快,物流
包装完整,包装
杠杠的,整体
比较喜欢,整体
挺补水的,功效
水嫩的,使用体验
包装,包装
滋润度正好,使用体验
增白效果不喜欢,功效
很好用,整体
用量少,使用体验
洗的干净,功效
很不错,整体
遮瑕效果不错,功效
挺好用,整体
很好,整体
湿润,使用体验
补水效果太好,功效
5星好评,整体
挺好用的,整体
是正品,真伪
很好用,整体
送货速度真的很快,物流
服务态度好,物流
价格便宜,价格
还不错,整体
还可以,整体
挺好的,整体
物美价廉,价格
不错,整体
香味不是很喜欢,气味
有保湿效果,功效
收货完美,物流
很喜欢,整体
非常好,整体
设计很贴心,包装
挺好的,整体
很便宜,价格
很快,物流
还可以,整体
满意,整体
很喜欢,整体
不泛白,功效
不是特别油腻,使用体验
还可以,整体
防晒效果,功效
快递就是快,物流
很好用,整体
一般般,整体
还挺好用的,整体
还可以,整体
包装不是很好,包装
吸收挺好的,使用体验
非常不错,整体
非常划算,价格
太棒了,价格
补水效果不错,功效
很好用,整体
很好用,整体
不过敏,整体
活动挺优惠的,价格
价格实惠,价格
是正品,真伪
物流快,物流
好评,整体
到货快,物流
好用,整体
补水,功效
隔离效果好,功效
价格实惠,价格
很喜欢,整体
很划算,价格
包装没心情了,包装
不知道是不是正品,真伪
很不错,整体
很好,其他
自然,功效
还不错,整体
好评,整体
快递小哥好,物流
给赞,整体
清洁能力很给力,功效
好用,整体
非常的服帖,使用体验
精华液不多,成分
很清爽,使用体验
很喜欢,整体
还不错,整体
好评,整体
服务好,服务
很不错,整体
实惠,价格
好用,整体
喜欢,整体
舒服,使用体验
不错,整体
实惠,价格
实用,整体
很舒服,整体
快递很快,物流
味道还好,气味
很喜欢,整体
不刺激,使用体验
物流很快,物流
快递小哥很热情,物流
还不错,整体
挺喜欢,整体
还不错,整体
不知道是不是正品,真伪
还不错,整体
便宜,价格
很好,整体
很心塞,价格
很舒服,使用体验
非常不错,整体
浮粉,使用体验
不贴合,使用体验
太快了,物流
非常不错,整体
物有所值,整体
非常好,整体
很划算,价格
味道很不错,气味
好用,整体
很好,整体
遮瑕效果,功效
价格美丽,价格
精华很多,成分
很不错,整体
确实不错,整体
物流就是快,物流
快递小哥服务态度比较好,物流
比较满意,整体
不错,整体
非常不错,整体
挺不错的,整体
很补水,功效
还不错,整体
还行,整体
味道不习惯,气味
物流挺快的,物流
挺好的,整体
很保湿,功效
很划算,价格
太合适,价格
补水,功效
美白,功效
紧致,功效
还行,整体
挺滋润的,使用体验
很好用,整体
补水,功效
快递真的很快,物流
价位合理,价格
不错,整体
还好吧,整体
喜欢,整体
很好用,整体
水份充足,成分
保湿效果棒,功效
很好,整体
泡沫丰富,使用体验
干净,功效
不干燥,使用体验
还可以,整体
不贵,价格
好用,整体
很好,整体
很自然,功效
挺喜欢的,整体
超级喜欢,整体
不错,整体
应该可以,整体
质优价廉,价格
送货速度快,物流
超级划算,价格
盒子很漂亮,包装
润润的,使用体验
不错,整体
不过敏,使用体验
很好,整体
不错,整体
挺满意的,整体
还不错,整体
很好,使用体验
美白,功效
遮瑕,功效
价格挺实惠,价格
货真价值,整体
很好,整体
不错,整体
价格便宜,价格
送货快,物流
挺好的,整体
很方便,整体
很喜欢,整体
物流特别快,物流
包装忒简单,包装
薄点,使用体验
可以,整体
价格实惠,价格
不错,整体
喜欢,整体
物流快,物流
卸妆还不错,整体
赠品,价格
非常好,整体
物流非常强,物流
挺好用的,整体
太少了,其他
很舒服,整体
不会浮粉,使用体验
很好用,整体
挺湿润的,使用体验
不干,使用体验
物流给力,物流
很好用,整体
正品,真伪
非常好,整体
好帖,使用体验
好喜欢,整体
挺好的,整体
一般般,整体
还可以,整体
包装很大气,包装
很服帖,使用体验
外观很漂亮,包装
很好,整体
便宜,价格
味道喜欢,气味
还不错,整体
挺清爽的,使用体验
挺好的,整体
便宜,价格
最实汇的,价格
快递非常给力,物流
活动力度大,价格
很便宜,价格
补水效果超好,功效
好实惠,价格
五星好评,整体
泡沫不多,使用体验
清洁力跟强,功效
很好用,整体
有香味,气味
很补水,功效
正品,真伪
那么白,功效
不怎么样,整体
不是很遮瑕,功效
不服帖,使用体验
质量不错,其他
非常喜欢,整体
很满意,整体
很润,使用体验
喜欢,整体
有点味道,气味
不太喜欢,气味
还好,整体
过得去,整体
很实惠,价格
非常满意,整体
快递员很好,物流
好评,整体
五分好评,整体
价格划算,价格
发货速度很快,物流
不错,整体
挺好的,整体
好用,整体
不错,整体
不油,使用体验
稍微过敏,使用体验
价格很美丽,价格
挺好了,整体
非常好,整体
不沙眼睛,使用体验
清爽度,使用体验
实惠,价格
挺好用,整体
价格实惠,价格
确实不错,整体
包装很好,包装
性价比高,价格
好用,整体
很好,整体
保湿很不错,功效
精华特别多,成分
非常好用,整体
好评,整体
上妆效果容易上装,使用体验
自然,功效
不干燥,使用体验
蛮好用的,整体
蛮白的,功效
特别细腻,使用体验
均匀,功效
方便,整体
速度快,物流
一般,整体
喜欢,整体
提亮肤色,功效
好惊喜,整体
还不错,整体
包装不行,包装
特别好用,整体
超喜欢,整体
很不错,整体
一如既往的喜欢,整体
补水,功效
保湿,功效
提亮,功效
清洁,功效
收缩毛孔,功效
很好,整体
不错,整体
绝对正品,真伪
不过敏,使用体验
美美哒,整体
卖家很好,服务
礼品,价格
价钱合理,价格
赠品很多,价格
很好用,整体
很白,功效
还不错,整体
价格很亲民,价格
防晒,功效
显白,功效
隔离效果不错,功效
卸妆比较干净,功效
快递快,物流
特别自然,功效
白了一个度,功效
很不错,整体
不浮粉,使用体验
不跑妆,使用体验
香味特喜欢,气味
挺好的,整体
好吸收,使用体验
适合,整体
不错,整体
好评,整体
跟补水,功效
垃圾,整体
欺骗,服务
很好,整体
快递很给力,物流
蛮好的,整体
活动便宜了很多,价格
很好用,整体
超级好用,整体
美美的,整体
超级划算,价格
油,使用体验
还是不错的,功效
挺划算,价格
蛮喜欢的,整体
是正品,真伪
非常好,整体
特别好,整体
很滋润,使用体验
补水效果不错,功效
满分,整体
非常好用,整体
很满意,整体
不错,整体
还不错,整体
便宜很多,价格
挺好的,整体
好用,整体
还好,整体
不爽,价格
物流快,物流
很好用,整体
白白透透的,功效
一点也不浮,使用体验
好上妆,使用体验
修饰肤色比较自然,功效
还不错,整体
价格便宜,价格
物流真快,物流
很划算,价格
喜欢,整体
是正品,真伪
很好用,整体
水分足,成分
很实惠,价格
不错,整体
贴个面部,使用体验
非常好用,整体
很好用,整体
物流很快,物流
服务态度很好,服务
不错,整体
送货速度快,物流
好,整体
没有紧绷感,使用体验
补水,功效
好用,整体
很实惠,价格
送货很给力,物流
不错,整体
物流慢死,物流
赠品没,价格
挺好的,整体
好评,整体
好用,整体
非常不错,整体
不错,功效
上妆效果很自然,功效
价格便宜,价格
味道清新,气味
很舒适,使用体验
清爽,使用体验
快递小哥很给力,服务
包装,包装
物流速度很快,物流
很不错,整体
喜欢,整体
点赞,整体
不好用,整体
清洁能力差的要死,功效
很贴皮肤,使用体验
特别好,整体
还可以,整体
服帖,使用体验
很水润,使用体验
超级好用,整体
很清爽,使用体验
还行,整体
很好涂开,使用体验
泛油光,使用体验
超级服帖,使用体验
很喜欢,整体
包装好,包装
服务好,服务
五星好评,整体
非常喜欢,整体
非常好用,整体
快递速度快,物流
还不错,整体
很好用,整体
便宜,价格
泡沫不太好洗掉,使用体验
设计很帮,其他
挺好用的,整体
还可以,整体
满意,整体
补水效果好,功效
好用,整体
物流速度快,物流
老板很好,服务
还是不错的,整体
很喜欢,整体
不错,整体
很好用,整体
好评,整体
很好用,整体
推开不错,使用体验
很香,气味
白白嫩嫩的,使用体验
难用,整体
不适合,整体
怪怪的,整体
浮了,使用体验
活动超级合适,价格
送货速度非常快,物流
精华液很多,成分
还可以,整体
包装很好,包装
很好,整体
物流很快,物流
很好,整体
非常好,整体
很满意,整体
不错,整体
可以,整体
很好用,整体
不错,整体
快,物流
活动,价格
还行,整体
挺好用,整体
不干皮,使用体验
肤色很亮,功效
不脱妆,使用体验
好用,整体
活动很实惠,价格
补水效果很好,功效
好用,整体
很不错,整体
很好,整体
还可以,整体
挺服帖的,使用体验
还可以,整体
可以,整体
油亮亮的,使用体验
超喜欢的,整体
很自然,功效
美美哒,整体
滑滑的,使用体验
不紧绷,使用体验
态度很好,服务
相当的满意,服务
一般,整体
挺好的,整体
有点香,气味
不适应,气味
还不错,整体
不油腻,使用体验
很滋润,使用体验
不太好,整体
补水效果不错,功效
比较贴合,使用体验
不错,整体
颜色比较好看,功效
清凉,使用体验
还可以,整体
味道不好,气味
很划算,价格
不错,整体
外观好看,包装
很滋润,使用体验
香味很好闻,气味
速度佩服,物流
不错,整体
很喜欢,整体
很超值,价格
收货迅速,物流
很保湿,功效
不行,整体
很粘,使用体验
不是很好用,整体
价格优惠,价格
挺好,整体
很喜欢,整体
遮瑕效果超好,功效
有点干,使用体验
很划算,价格
挺好的,整体
还不错,整体
大小刚好,尺寸
水份足,成分
白嫩,使用体验
满意,整体
好评,整体
很好用,整体
很好,整体
不错,整体
一直信赖,整体
很划算的,价格
正品,真伪
蛮好用的,整体
还可以,整体
好用,整体
很好用,整体
赠品,价格
有点油,使用体验
很喜欢,整体
很不错,整体
保湿效果不错,功效
遮瑕效果很好,功效
不算太贵,价格
能接受,价格
挺好的,整体
不错,整体
很喜欢,整体
好,整体
不错,整体
还不错,整体
味道一样,气味
挺好用,整体
不错,整体
挺好的,整体
很滋润,使用体验
不厚重,使用体验
好用,整体
挺好用的,整体
挺好的,整体
物流很快,物流
还可以,整体
满喜欢的,整体
不错,整体
挺好用,整体
假的,真伪
都是胶,使用体验
坑人,整体
非常满意,整体
一如既往的好,整体
发货速度快,物流
包装仔细,包装
日期新鲜,新鲜度
不错,整体
很好,整体
客服没有人理会,服务
快递超快,物流
物流很快,物流
还不错,整体
很给力,整体
东西少了,其他
补水效果明显,功效
吸收迅速,使用体验
一如既往的好,整体
外箱,包装
很亲和,使用体验
很好用,整体
挺好,整体
很气人,物流
有点坑,物流
假货,真伪
还好,整体
挺薄的,使用体验
清洁能力,功效
香味喜欢,气味
细滑,使用体验
容易冲洗,使用体验
好用的,整体
补水效果挺好的,功效
挺好用的,整体
挺好,整体
正品,真伪
温和不刺激,使用体验
很棒,整体
价格平民价,价格
很好,整体
棒棒哒,整体
不太适合,整体
不吸收,使用体验
辣眼睛,使用体验
不好用,整体
遮瑕效果不好,功效
比较干,使用体验
不保湿,功效
速度,整体
挺好用的,整体
很舒服,使用体验
滑滑的,使用体验
还可以,整体
正品,真伪
价格很实惠,价格
一般般,整体
活动,价格
补水效果很好,功效
味道好闻,气味
物流非常的快,物流
不错,整体
很实在,整体
非常的好用,整体
量足,其他
喜欢,整体
还不错,整体
特别特别划算,价格
便宜,价格
不长闭合,使用体验
不油,使用体验
水润,使用体验
价廉,价格
不错,整体
包装完整,包装
包装精美,包装
不错,整体
不错,整体
很满意,整体
油腻腻的,使用体验
不喜欢,整体
还行,整体
还可以,整体
很香,气味
不错的,整体
还可以,整体
有点油,使用体验
遮瑕力一般,功效
轻薄,使用体验
提亮肤色,功效
不刺激,使用体验
很好,整体
清洁,功效
干净,功效
价格亲民,价格
活动,价格
很划算,价格
很保湿,功效
补水,功效
还不错,整体
很润,使用体验
送货比较快,物流
太差,整体
卡粉,使用体验
还不错,整体
挺细腻,使用体验
非常好用,整体
太干,使用体验
有点小,尺寸
上妆效果一般,功效
持久情况,功效
超级喜欢,整体
服务棒棒哒,服务
不好用,整体
还可以,整体
特别好用,整体
美美哒,使用体验
味道还不错,气味
挺好的,整体
不油腻,使用体验
清透,使用体验
礼盒很精美,包装
一点点,尺寸
赠品很丰富,价格
快递员很细心,物流
不好,整体
相当不错,整体
很水润,使用体验
很舒服,使用体验
正品,真伪
还不错,整体
妆感比较厚重,使用体验
很舒服,使用体验
很好,整体
非常不错,整体
赠品,价格
很好,整体
价格便宜,价格
很好,整体
物流真不错,物流
好评,整体
细腻,使用体验
滋润,使用体验
不错,整体
还可以,整体
酒精味浓浓的,气味
不错,整体
好闻,气味
挺好用的,整体
超补水,功效
快递超赞,物流
超级好用,整体
很服帖,使用体验
修饰肤色,功效
很喜欢,整体
很赞,整体
补水效果杠杠的,功效
非常好,整体
很好,整体
不会过敏,使用体验
很舒服,使用体验
很水润,使用体验
是正品,真伪
很好,整体
很快,物流
喜欢,整体
有点点油,使用体验
很好用,整体
很自然,功效
很舒服,使用体验
包装很好,包装
很合适,整体
还可以,整体
大赞,整体
包装,包装
活动价格没有便宜很多,价格
很好,整体
活动,价格
非常实惠,价格
保湿效果不错,功效
还可以,整体
非常喜欢,整体
很好用,整体
非常好,整体
味道好,气味
很衬肤色,功效
比较满意,整体
很适合,整体
还可以,整体
物流挺快,物流
还行,整体
差一些,功效
保湿有点干,功效
吸收还好,使用体验
性价比高很多,价格
物流很快,物流
点赞,整体
还挺多的,整体
还行吧,整体
味道不是很喜欢,气味
一如既往的好,整体
可以,整体
味道不一样,气味
假的,真伪
精华液很多,成分
物流速度很快,物流
面膜纸薄透,使用体验
包装高档,包装
好用,整体
不卡粉,使用体验
遮瑕效果不错,功效
不错,整体
价位很亲民,价格
还可以,整体
物流超快,物流
有点味道,气味
希望是正品,真伪
发货快,物流
水水嫩嫩的,使用体验
很好,整体
价格实惠,价格
有点胶味,气味
不好用,整体
很细腻,使用体验
自然,功效
确实很好,整体
满意,整体
很好用,整体
遮瑕力一般般,功效
提亮蛮好,功效
包装完好无损,包装
活动,价格
很便宜,价格
很好,整体
物流超级速度,物流
挺好用,整体
挺滋润,使用体验
保湿,功效
礼品很好,价格
挺好的,整体
不错,整体
挺好的,整体
喜欢,整体
速度很快,物流
香味太重,气味
一般般,整体
物流小哥服务特别好,物流
商家不错,服务
五星好评,整体
还不错,整体
很温和,整体
不油腻,使用体验
很不错,整体
保湿效果很好,功效
不错,整体
物流很快,物流
不错,整体
补水多了,功效
不错,整体
蛮好,整体
便宜,价格
活动很划算,价格
味道很喜欢,气味
很舒服,使用体验
不干燥,使用体验
不蜕皮,使用体验
很满意,整体
快递小哥非常给力,物流
非常不错,整体
快递,物流
颜色偏暗,功效
持久可以,功效
非常好,整体
不油腻,使用体验
清清爽爽的,使用体验
味道好闻,气味
好少,其他
速度快,物流
巨好用,整体
发货快,物流
便宜得多,价格
速度太快了,物流
客服服务很好,服务
不错,整体
好用,整体
清洁皮肤效果很好,功效
很实惠,价格
很滑,使用体验
很好用,整体
挺显白的,使用体验
很好,整体
很满意,整体
物流很给力,物流
还可以,整体
还不错,整体
挺实惠的,价格
颜色好,其他
挺不错的,整体
真的不错,整体
卸妆效果很一般,功效
包装很简陋,包装
很不错,整体
还不错,整体
太失望了,整体
坏的,包装
还好,整体
售后不错,服务
过敏,使用体验
特别温和,使用体验
挺好的,整体
还可以,整体
挺干净的,功效
有点疼,使用体验
挺好,整体
划算,价格
非常好用,整体
很满意,整体
很好,整体
包装,包装
有点小贵,价格
正品,真伪
包装很好,包装
很好用,整体
巨好用,整体
效果很不错,功效
香味淡淡的,气味
一点没问题,使用体验
非常滋润,使用体验
保湿,功效
非常满意,整体
速度真快,物流
很好,整体
一般般,整体
快递小哥,物流
发货速度快,物流
还不错,整体
比较干,使用体验
持妆效果不错,功效
挺好用,整体
非常好用,整体
很水润,使用体验
一点刺激感都没有,使用体验
很舒服,使用体验
喜欢,整体
味道有点刺鼻,气味
不错,整体
很舒服,使用体验
很好用,整体
补水,功效
保湿效果好,功效
精华多,成分
比较服帖,使用体验
薄薄的,使用体验
很舒服,使用体验
很自然,功效
很均匀,功效
不干燥,使用体验
好卸妆,功效
包装挺不错,包装
味道香香的,气味
还可以,整体
挺好用的,整体
很清爽,使用体验
很好推开,使用体验
很实惠,价格
还不错,整体
好用,整体
很自然,功效
味道非常喜欢,气味
保湿效果很好,功效
很喜欢,整体
活动,价格
还不错,整体
有点小贵,价格
发货很快,物流
超极好,整体
很适合,整体
赞赞,整体
还行,整体
很保湿,功效
是正品,真伪
蛮多的,其他
快递给力,物流
好评,整体
物流这么快,物流
非常喜欢,整体
好的没话说,整体
赞,整体
应该还可以,整体
物流速度挺快的,物流
价格不贵,价格
挺好用,整体
包装新,包装
挺好用,整体
包装真心不错,包装
速度快,物流
可以,整体
非常好,整体
超级好,整体
活动便宜,价格
补水,功效
保湿效果很好,功效
很满足,整体
很好用,整体
很喜欢,整体
很清爽,使用体验
物有所值,整体
听水嫩的,使用体验
挺不错,整体
颜色自然,功效
很好用,整体
活动最实惠,价格
快递小哥点赞,物流
一如既往的好,整体
不会觉得紧绷,使用体验
非常温和,使用体验
便宜又实惠,价格
很水润,使用体验
特别的好用,整体
还不错,整体
不错,整体
价格合适,价格
物流给力,物流
保湿,功效
美白效果很好,功效
不过敏,使用体验
五星好评,整体
不错,整体
还可以,整体
物流很快,物流
可以,整体
不错,整体
物流超快,物流
很好,整体
修正肤色,功效
物美价廉,价格
非常好,整体
不错,整体
很舒服,使用体验
不紧绷,使用体验
滑滑的,使用体验
一如既往的好,整体
很不错,整体
很喜欢,整体
滑滑的,使用体验
保湿不好,功效
包装不好,包装
差评,整体
不好用,整体
很划算,价格
有些黏腻,使用体验
还可以,整体
挺麻烦的,服务
还可以,整体
快递超快,物流
很好用,整体
很好,整体
补水效果,整体
挺便宜,价格
精华液很好,成分
一般,整体
补水效果特别好,功效
真品,真伪
味道没错,气味
很便宜,价格
发货很快,物流
很好用,整体
不错,整体
非常好,整体
价格合适,价格
不错,整体
好用,整体
不错,整体
很好用,整体
客服很细心,服务
态度非常好,服务
不错,整体
发货神速,物流
上乘,整体
太快了,物流
防晒还算可以,功效
味道不是很好,气味
一如既往的好,整体
赠品好多,价格
棒棒哒,整体
优秀,整体
赠品,价格
速度值得点赞,物流
五星好评,整体
非常好,整体
是正品,真伪
很自然,功效
显肤色,功效
好用,整体
比较有气色,使用体验
丰富,使用体验
很好用,整体
泡沫细腻,使用体验
一如既往的好,整体
挺满意的,整体
赠品不少,价格
挺好的,整体
便宜,价格
实惠,价格
不错,整体
活动,价格
不会差,整体
还不错,整体
还不错,整体
包装有点简陋,包装
是真品,真伪
很不错,整体
美白,功效
滋润,使用体验
隔离效果很好,功效
快递小哥辛苦了,物流
便宜,价格
价廉物美,价格
不错,整体
很喜欢用,整体
不错,整体
很喜欢,整体
有一点点痒,使用体验
蛮好的,整体
味道太大了,气味
不服帖,功效
感觉不高,整体
实惠,价格
好用,整体
价格很便宜,价格
很好用,整体
物流很给力,物流
快递小哥很给力,物流
不错,整体
味道淡淡的,气味
外观很喜欢,包装
不错,整体
好评,整体
挺好的,整体
挺便宜的,价格
活动,价格
物美价廉,价格
不浮粉,使用体验
很服帖,使用体验
很好,整体
还不错,整体
香,气味
味道不刺鼻,气味
有点儿掉妆,使用体验
活动,价格
好好用,整体
还可以,整体
还不错,整体
很补水,功效
显白,使用体验
挺好用的,整体
有一点点白,功效
成膜速度非常快,功效
不油腻,使用体验
很清爽,使用体验
很喜欢,整体
香味淡淡的,气味
水润,使用体验
不干燥,使用体验
挺好的,整体
效果明显,整体
没有过敏反应,使用体验
很赞,整体
很好,整体
很好用,整体
量也多,其他
便宜,价格
好用,整体
活动,价格
快递好,物流
服务好,服务
活动很实惠,价格
不错,整体
很方便,整体
很喜欢,整体
很好用,整体
很有新意,使用体验
按压设计很方便,使用体验
很好,整体
划算,价格
快递小哥给力,物流
不错,整体
很好吸收,使用体验
真心不错,整体
价格便宜,价格
正品,真伪
很好用,整体
很满意,整体
活动,价格
好用,整体
不贵,价格
活动价格优惠,价格
挺好用的,整体
一般般,整体
很干,使用体验
活动,价格
价格很便宜,价格
挺滋润的,使用体验
不干燥,使用体验
真的,真伪
滑滑的,使用体验
没洗干净,使用体验
包装太差了,包装
好差,整体
过敏了,使用体验
还行,整体
味道一般,气味
活动,价格
不错,整体
非常不错,整体
超级喜欢,整体
还行,整体
很好,整体
好小,尺寸
是正品,真伪
非常的香,气味
精华很多,成分
特别好用,整体
不错的,整体
不错,整体
很合适,整体
非常不错,整体
很清爽,使用体验
棒棒哒,整体
挺好用的,整体
很划算,价格
挺不错的,整体
还可以,整体
补水效果真不错,功效
水灵灵,使用体验
水水的,使用体验
嫩嫩的,使用体验
很好,整体
非常满意,整体
细腻,使用体验
润泽,使用体验
喜欢,整体
挺划算的,价格
还不错,整体
没有免邮券,价格
不错,整体
喜欢,整体
实惠,价格
优惠力度大,价格
包装好看,包装
烂东西,整体
抹不开,使用体验
还可以,整体
好,整体
滋润,使用体验
服帖,使用体验
蛮好的,整体
喜欢,整体
还不错的,整体
物流很快,物流
非常好,整体
很不错,整体
还好,整体
比较温和,使用体验
赠品,价格
很划算,价格
太小,尺寸
礼物很好,价格
真的好用,整体
物超所值,整体
白的很自然,功效
很水润,使用体验
好用,整体
还行,整体
物流很快,物流
快,物流
好,物流
非常满意,整体
包装还不错,包装
补水效果很好,功效
活动,价格
不错,整体
好评,整体
不错,整体
挺好的,整体
不错,整体
很好用,整体
不干,使用体验
提亮偏黄的肤色,功效
包装很紧密,包装
清洁能力好,功效
味道很香,气味
包装精美,包装
真的很好,整体
非常好,整体
保湿效果很好,功效
不油腻,使用体验
非常喜欢,整体
可遮瑕,功效
很好,整体
很喜欢,整体
包装漂亮,包装
很保湿,功效
很修复,功效
卸妆效果不好,功效
滑滑的,使用体验
降价,价格
轻薄,使用体验
好推开,使用体验
非常满意,整体
好用,整体
很好,整体
颜色偏深,包装
不错,整体
满意,整体
包装很好,包装
挺实惠的,价格
不错,整体
超好用,整体
不卡粉,使用体验
还好,整体
有点麻烦,使用体验
瓶子塑料比较硬,包装
好用,整体
便宜,价格
挺不错的,整体
温和,使用体验
不刺激,使用体验
活动,价格
水分很多,成分
还可以,整体
很便宜,价格
很划算,价格
包装完好,包装
时间快,物流
客服热心,服务
经济,价格
实惠,价格
快递神速,物流
超满意,整体
赞,整体
特别好用,整体
很去油,使用体验
很香,气味
特别实惠,价格
很滑,使用体验
满意,整体
很服帖,使用体验
很舒服,使用体验
挺好的,整体
赞一个,整体
物流非常快,物流
非常补水,功效
非常好,整体
很喜欢,整体
挺好的,整体
太快了,物流
有点干,使用体验
没用,整体
还可以,整体
好评,整体
是假货,真伪
刺激,使用体验
很好,整体
非常喜欢,整体
物流快,物流
服务很好,服务
赞一下,整体
挺好用的,整体
喜欢,整体
是正品,真伪
非常好,整体
太划算了,价格
活动,价格
好用爆了,整体
非常开心,整体
快递师傅,物流
还可以,整体
很好用,整体
挺好用的,整体
还可以,整体
不怎么样,整体
不怎么起泡沫,使用体验
非常好,整体
客服很好,服务
服务态度员太差劲,服务
还好,整体
很好用,整体
不错,整体
非常喜欢,整体
超喜欢的,整体
挺好,整体
补水效果不错,功效
是正品,真伪
不油腻,使用体验
物流很快的,物流
挺干净,功效
挺保湿,功效
不干燥,使用体验
还行,整体
还不错,整体
是正品,真伪
物流很快,物流
方便,其他
保湿效果还好吧,功效
还喜欢,整体
不错,整体
价廉物美,价格
很好用,整体
不卡粉,使用体验
赠品,价格
很好用,整体
不错,整体
很好,整体
底色很好,功效
挺好的,整体
很方便的,其他
价钱要低得多,价格
补水效果还是不错的,功效
正品,真伪
挺好的,整体
补水,功效
还行,整体
有点干,使用体验
物美价廉,价格
好用,整体
不贵,价格
好,整体
满意,整体
发货快,物流
物流给力,物流
补水效果很好,功效
很服帖,使用体验
有点失望,整体
有点卡粉,使用体验
非常好,整体
是真品,真伪
挺好用的,整体
不错,整体
挺好的,整体
补水,功效
渗透性很强,功效
很好用,整体
泡沫挺多的,使用体验
味道有点香,气味
超好用,整体
挺便宜的,价格
非常满意,整体
通透,使用体验
美白,功效
不过敏,使用体验
光洁,使用体验
快递很快,物流
很实惠,价格
不错,整体
不油腻,使用体验
清爽,使用体验
特别好用,整体
价格挺实惠的,价格
物流速度很快,物流
很舒服,使用体验
特别好,整体
特别喜欢,整体
快递挺快的,物流
好评,整体
物流超级快,物流
赠品不错,价格
味道不错,气味
不紧绷,使用体验
不错,整体
很贴合肤色,使用体验
是正品,真伪
不错,整体
挺好用的,整体
不错,整体
挺温和的,使用体验
很不错,整体
物美价廉,价格
补水效果不错,功效
吸收,使用体验
不错,整体
厚度适中,尺寸
大小合适,尺寸
五星好评,整体
物美价廉,价格
垃圾,整体
最差,整体
浪费钱,整体
浮粉,使用体验
难推开,使用体验
卡,使用体验
很好用,整体
还可以,整体
快递的包装中空的,物流
设计喜欢,其他
非常好,整体
很喜欢,整体
包装挺好的,包装
送货很快,物流
包装很到位,包装
不错的,整体
物美价廉,价格
白的自然,功效
不错,整体
挺好,整体
很不错,整体
很可以,整体
很好,整体
快递很快,物流
挺好用,使用体验
价格实惠,价格
补水效果不错,功效
精华很多,成分
味道淡淡的,气味
挺好用的,整体
挺好用的,整体
黏黏糊糊,使用体验
不吸收,使用体验
应该不错,整体
日期不太好,新鲜度
挺好的,整体
很满意,整体
不错,整体
还可以,整体
好很多,整体
不错,整体
挺水润的,使用体验
大爱呀,整体
速度很快,物流
不错,整体
是正品,真伪
好,整体
还不错,整体
冰冰凉凉,使用体验
水水润润,使用体验
很舒服,使用体验
好评,整体
不错,整体
物流出奇的快,物流
还不错,整体
真不错,整体
清洁力不错,功效
好评,整体
温和,使用体验
不刺激,使用体验
很好用,整体
很不错,整体
赠品好多,价格
活动很划算,价格
还可以,整体
靠谱,价格
赠品实在,价格
超级好,整体
清洁能力还好,功效
一点点红,使用体验
不错,整体
喜欢,整体
很清爽,使用体验
不油,使用体验
挺好的,整体
不错,其他
像正品,真伪
不错,整体
补水效果好,功效
很好用,整体
遮瑕不是太好,功效
是正品,真伪
不错,整体
很好,整体
很喜欢,整体
遮黄气暗沉,功效
不油腻,使用体验
挺好的,整体
物流很快,物流
小小的,尺寸
正品,真伪
温和性的,使用体验
物流很快,物流
不知道是不是正品,真伪
黏黏的,使用体验
还行,整体
挺好用的,整体
经济,价格
实惠,价格
很好,整体
很自然,功效
很香,气味
好划算,价格
不错,整体
挺水润的,使用体验
物流杠杠的,物流
喜欢,整体
喜欢,整体
太裸妆了,使用体验
很喜欢,整体
快递蛮快的,物流
包装太简便,包装
很好用,整体
送货快,物流
服务态度好,物流
还不错,整体
美白,功效
隔离效果很好,功效
好用,整体
不错,整体
很好,整体
很实惠,价格
配送服务态度很好,物流
非常满意,整体
异味没有,气味
瓶口方便,包装
无异常不适,使用体验
价钱超级值得,价格
赠品好有分量,价格
很好用,整体
易吸收,使用体验
隔离效果好,功效
价格非常公道,价格
保湿效果,功效
补水特别好,功效
非常好,整体
不错,整体
价格实惠,价格
不错,整体
挺喜欢,整体
清洁能力蛮好的,功效
物流没话说,物流
太好了,整体
不错,整体
包装完美,包装
分量足,其他
卸妆水很少,其他
上妆效果比较厚重,功效
持久情况很好,功效
物美价廉,价格
喜欢,整体
好用,整体
还不错,整体
粉质不是很好,使用体验
物美价廉,价格
快递给力,物流
味道淡淡的清香,气味
挺好用的,整体
细腻,使用体验
不紧绷,使用体验
香味,气味
是正品,真伪
挺好用的,整体
非常好用,整体
补水效果还可以,功效
发货速度快,物流
满意,整体
是正品,真伪
不错,整体
很细腻,使用体验
很棒,整体
价格便宜,价格
物美价廉,价格
好用,整体
好评,整体
价格便宜,价格
活动给力,价格
不错,整体
好用,整体
不刺激,使用体验
非常满意,整体
水比较多,成分
光光的,使用体验
活动很合适,价格
店家服务很好,服务
很不错,整体
包装盒很好看,包装
粉质细腻,使用体验
略带香味,气味
很舒服,使用体验
爽,整体
不油腻,使用体验
美白效果,功效
物流没得说,物流
挺好的,整体
厚重,使用体验
不错,整体
还不错,整体
外观粗糙,包装
很薄,其他
赠品到位,价格
物流很给力,物流
挺好的,整体
无紧绷感,使用体验
比较保湿,功效
细腻,使用体验
亮白,功效
香味淡淡的,气味
不油腻,使用体验
很好用,整体
很喜欢,整体
价格很合适,价格
很喜欢,整体
挺滋润的,使用体验
防晒效果,功效
挺保湿,功效
没有介绍的那么遮盖红血丝,功效
稍微有点提亮,功效
很好,整体
还不错,整体
很喜欢,整体
味道香香的,气味
提亮肤色,功效
很好,整体
快递很快,物流
还行吧,整体
较温和,使用体验
还是干,使用体验
挺舒服,整体
不错,整体
很好用,整体
一点也不好用,其他
起痘,使用体验
好清爽,使用体验
不刺激,使用体验
卸妆很干净,功效
经济,价格
实惠,价格
喜欢,整体
好用,整体
活动很合适,价格
很不错,整体
店家服务很好,服务
非常好,整体
物超所值,整体
差不多,整体
物流很快,物流
价格很实惠,价格
特别的好,整体
还不错,整体
便宜,价格
非常满意,整体
特别舒服,使用体验
挺好的,整体
补水效果很不错,功效
很好用,整体
很好用,整体
非常好,整体
不油腻,使用体验
不是很好用,整体
好好用,整体
肤色提亮很多,功效
透气,使用体验
遮瑕效果一般,功效
挺润的,使用体验
没有浮粉,使用体验
不错,整体
比较满意,整体
不错,整体
效果挺不错,功效
很划算,价格
很好,整体
挺不错,整体
很好,整体
价钱不贵,价格
挺不错,整体
挺水润,使用体验
挺不错的,整体
很高大上,整体
非常喜欢,整体
便宜,价格
漏了,包装
不错,整体
很满意,整体
很好,整体
不错,整体
很好,整体
不贵,价格
很满意,整体
不错,整体
补水效果非常好,功效
快递小哥很热情,物流
送货速度很快,物流
挺好的,整体
美白效果特别好,功效
好用,整体
特划算,价格
漂亮,包装
上档次,包装
颜色偏黄,功效
很不错,整体
包装完整,包装
实惠,价格
还行,整体
活动价格很实惠,价格
非常不错,整体
一般般,整体
保湿效果好,功效
好评,整体
温和,使用体验
不刺激,使用体验
包装精美,包装
实惠,价格
好用,整体
不好,整体
好少,其他
卸妆挺干净,功效
还不错,整体
不油,使用体验
挺好的,整体
容易推开,使用体验
不错,整体
物流效率超级高,物流
物流快,物流
很不错,整体
味道喜欢,气味
很清爽,使用体验
不油腻,使用体验
很干净,使用体验
很划算,价格
挺好用的,整体
好评,整体
遮瑕效果好,功效
气色很好,使用体验
自然,功效
香味淡淡的,气味
滑滑的,整体
价格可以,价格
还可以,整体
比较好用,整体
很好,整体
包装漂亮,包装
挺好的,整体
挺好用的,整体
不错,整体
非常好,整体
物流快,物流
好,整体
不错,整体
特别好用,整体
防晒效果不错,功效
轻微酒精味,气味
很不错,整体
物流很快,物流
很喜欢,整体
赞,整体
活动这么便宜,价格
好,整体
没有美白,功效
很好用,整体
送货快,物流
价格便宜,价格
是正品,真伪
不错,整体
活动,价格
挺好,整体
真快,物流
贴合度不是特别好,使用体验
稍微偏硬,使用体验
喜欢,整体
特别好用,整体
涂抹均匀,使用体验
挺好用的,整体
细腻,使用体验
易推开,使用体验
价格实惠,价格
客服耐心,服务
物流超快,物流
挺好的,整体
不错,整体
不厚重,使用体验
自然,功效
挺轻薄的,使用体验
不错,整体
很好用,整体
很好,整体
不油腻,使用体验
很适合,整体
平价,价格
比较适合,整体
价格实惠,价格
美白效果,功效
隔离效果很不错,功效
还可以,整体
有点小贵,价格
还行,整体
味道不喜欢,气味
一如既往的好,整体
超划算,价格
不错,整体
很棒,整体
很服帖,使用体验
不会浮粉,使用体验
很显白,功效
特别不愉快,服务
一点也不刺激,使用体验
很好用,整体
吸收情况有点厚重,使用体验
性价比不错,其他
挺优惠的,价格
好评,整体
不错,整体
真的不错,整体
非常好,整体
很滋润,使用体验
香味好清淡,气味
不是那种特别厚重的百,功效
很薄,使用体验
很透,使用体验
非常喜欢,整体
不错,整体
不伤皮肤,使用体验
不觉得油腻,使用体验
卖家服务好,服务
性价比不错,价格
非常好,整体
很好推开,使用体验
滋润度很好,使用体验
价格不高,价格
是正品,真伪
好评,整体
超级服帖,使用体验
超级好用,整体
还行,整体
不是特别白,功效
能接受,整体
挺干净的,功效
物流很快,物流
超级实惠,价格
效果不错,功效
还行,整体
质量还不错,其他
快递很快,物流
喜欢,整体
还可以,整体
好评,整体
失望,整体
保湿效果不错,功效
非常满意,整体
很服帖,使用体验
效果很好,功效
棒棒哒,整体
还不错,整体
易涂开,使用体验
不错,使用体验
容易推开,使用体验
很润,使用体验
显白,功效
便宜,价格
挺好,整体
很不错,整体
不错,整体
特别滋润,使用体验
防晒效果,功效
很好用,整体
很喜欢,整体
物有所值,整体
包装,包装
快递好,物流
快递小个很是给力,物流
很不错,整体
不紧绷,使用体验
很大气,包装
还不错,整体
活动,价格
价格很实惠,价格
是正品,真伪
比较优惠,价格
大气上档次,使用体验
很喜欢,整体
清洁能力挺干净的,功效
味道好闻,气味
很温和,使用体验
泡沫很多,使用体验
活动,价格
看起来不错,整体
很好,整体
很细,使用体验
润,使用体验
非常好,整体
快递的速度最喜欢,物流
不错,整体
正品,真伪
好香,气味
非常好用,整体
白了一点点,功效
很满意,整体
很好用,整体
物流很快,物流
不错,整体
非常好,整体
物美价廉,价格
送货速度快,物流
包装很好,包装
真心不错,整体
活动价格超值,价格
很喜欢,整体
活动价格相当的便宜,价格
很水润,使用体验
比较油腻,使用体验
活动,价格
价格还可以,价格
不好,整体
卡粉,使用体验
保湿效果很好,功效
精华水少,成分
有点硬,使用体验
还不错,整体
物流很快,物流
好用,整体
还行,整体
好评,整体
很好,整体
喜欢,整体
挺好的,整体
补水效果非常好,功效
挺好用的,整体
挺自然的,功效
问道可以,气味
真喜欢,整体
物流超级差,物流
很好,整体
很好用,整体
物流很快,物流
味道,气味
好,整体
保质期比较近,新鲜度
强力推荐,整体
超级好用,整体
补水,功效
水润,使用体验
喜欢,整体
上妆效果一般,功效
持久度不错,功效
不好,整体
好刺鼻,气味
挺好用,整体
保湿效果还行,功效
不油,使用体验
特别喜欢,整体
保湿,功效
补水,功效
不错哦,整体
挺好用的,整体
发货速度快,物流
很满意,整体
好用,整体
挺水润的,使用体验
非常好用,整体
不干,使用体验
湿润,使用体验
美白,功效
很好用,整体
很干,使用体验
不好用,使用体验
好评,整体
稍微白一点,包装
颜色比较自然,包装
清洗很干净,功效
活动,价格
不错,整体
非常好,整体
很好,整体
好,整体
清香味淡淡的,气味
还可以,整体
满意,整体
酒精味那么重,气味
还不错,整体
可以,整体
物流速度快,物流
价格优惠,价格
价格很便宜,价格
酒精味,气味
补水效果还不错,功效
很清新,气味
味道自然,气味
很好,整体
很好,整体
好用,整体
很不错,整体
客服非常好,服务
快递很快,物流
味道挺好闻的,气味
不怎么亮肤,功效
很喜欢,整体
挺好用的,整体
补水效果很好,功效
活动便宜实惠,价格
送货很快,物流
服务很好,服务
没有那么润,使用体验
还是紧绷,使用体验
保湿效果不错,功效
清洁能力还行,功效
泡沫不会太多,使用体验
容易清洁,使用体验
不会很干,使用体验
效果很好,功效
价格很便宜,价格
包装太简单了,包装
控油效果,功效
物流很快,物流
价格实惠,价格
很好,整体
挺好的,整体
服帖,使用体验
不油腻,使用体验
非常自然,功效
轻薄,使用体验
快递小哥神速,物流
礼品,价格
很满意,整体
很棒,整体
物流很快,物流
不错,整体
好用,整体
实惠,价格
味道挺好闻的,气味
上妆效果很好,功效
挺好用,整体
很不错,整体
非常好用,整体
很好用,整体
不干,使用体验
还行,整体
非常喜欢,整体
包装非常好,包装
还可以,整体
好评,整体
是正品,真伪
吸收不是很好,使用体验
还行,整体
形状不规整,尺寸
长痘,使用体验
补水没有太大感觉,功效
挺好的,整体
不错,整体
值得信赖,整体
还好,整体
有点脱皮,使用体验
还可以,整体
挺好用的,整体
物流很快,物流
好用,整体
很服帖,使用体验
到货很快,物流
很显白,功效
很好,整体
好用,整体
不贵,价格
好划算,价格
太好用了,整体
超喜欢,整体
实惠,价格
很服帖,使用体验
非常喜欢,整体
价位合适,价格
挺好的,整体
物美价廉,价格
性价比高,价格
差不多,整体
蛮好用,整体
挺好的,整体
还不错,整体
泡沫很丰富,使用体验
不紧绷,使用体验
很适合,整体
特别滋润,使用体验
精华太少,成分
定妆效果很好,功效
不卡粉,使用体验
不好用,整体
特别油油,使用体验
很好用,整体
很喜欢,整体
包装很好,包装
很优惠,价格
很划算,价格
价位,价格
补水真的可以,功效
活动很划来,价格
很好用,整体
很干净,功效
不错,整体
去污力强,功效
泡沫过于多了,使用体验
质地很温和,使用体验
很舒服,使用体验
还行吧,整体
活动炒鸡划算,价格
会不会过敏,使用体验
活动,价格
快递小哥服务好,物流
速度快,物流
欺骗顾客,整体
差评,整体
物流很快,物流
挺不错的,整体
很划算,价格
精华液多,成分
是真品,真伪
滋润,使用体验
挺好的,整体
物流比较快,物流
味道淡淡的,气味
保质期到期,新鲜度
味道很好闻,气味
不错,整体
好评,整体
好用,整体
颜值高,包装
不错,整体
补水效果很好,功效
挺好的,整体
挺保湿的,功效
很好闻,气味
持久度还行,使用体验
滋润,使用体验
很好用,整体
不干,使用体验
不错,整体
特别湿润,使用体验
性价比很高,价格
好推开,使用体验
很好用,整体
包装很好,包装
物流也快,物流
很满意,整体
很好用,整体
味道好闻,气味
赠品,价格
速度,物流
味道不浓重,气味
还不错,整体
比较好用,整体
不卡粉,使用体验
很好,整体
补水效果好,功效
快递给力,物流
物流快,物流
挺好用的,整体
很滋润,使用体验
喜欢,整体
赞,整体
活动,价格
物流好用,物流
非常补水,功效
好用,整体
不错,整体
很实用,整体
优惠活动,价格
服务杠杠的,服务
很好,整体
味道清凉,气味
不油腻,使用体验
便宜,价格
实惠,价格
量大,其他
挺好用的,整体
挺实惠,价格
容易推开,使用体验
特别自然,使用体验
保湿度很好,功效
防晒效果不清楚,功效
很好推开,使用体验
颜色正合适,功效
很方便,使用体验
正品,真伪
吸收特别好,使用体验
保湿效果很好,功效
不油腻,使用体验
补水效果特别好,功效
精华液很多,成分
物流超快,物流
挺好用的,整体
好用,整体
还可以,整体
不错,整体
很满意,整体
喜欢,整体
还行吧,整体
香香的,气味
挺好闻的,气味
快递没话说,物流
补水效果非常好,功效
超合算,价格
价格还算实惠,价格
还行,整体
不错,整体
很好用,整体
不错,整体
瓶盖设计好巨大,包装
不知道真假,真伪
酒精的味道比较重,气味
划算,价格
挺好用的,整体
保湿效果不错,功效
补水,功效
保湿不错,功效
超级补水,功效
好用,整体
滑滑的,使用体验
还不错,整体
好评,整体
物流给力,物流
味道可以的,气味
不错,整体
浮粉比较厉害,使用体验
还可以,整体
好评,整体
活动很实惠,价格
不错,整体
很方便,整体
物流快,物流
正品,真伪
活动价很实惠,价格
很好,整体
很温和,使用体验
清理力强,功效
一般,整体
不保湿,功效
超值的,价格
挺上色,功效
喜欢,整体
喜欢,整体
好评,整体
卡粉,使用体验
很好用,整体
不卡粉,使用体验
有提亮的效果,功效
卸妆很好,功效
包装嫌弃,包装
很适合,整体
会紧缩,使用体验
正不正品,真伪
渣货,整体
不油,使用体验
很清爽,使用体验
很好用,整体
很好用,整体
很好用,整体
性价比高,价格
不错,整体
物流快,物流
精华液挺多多的,成分
还行吧,整体
老搓泥,使用体验
不适合,使用体验
很好,整体
很好,整体
喜欢,整体
很保水,功效
补湿,功效
非常差,整体
卸不干净,功效
差,整体
假的,真伪
过敏,使用体验
商家态度极差,服务
挺不错的,整体
便宜,价格
还可以,整体
不错的,整体
好用,整体
喜欢,整体
好用,整体
实惠,价格
不错,整体
外表可以,包装
好用,整体
很好用,整体
保湿效果很好,功效
物美价廉,价格
快递小哥送货速度快,物流
态度很好,物流
真心不错,整体
挺好,整体
很补水,功效
还可以,整体
有点发干,使用体验
喜欢,整体
很好用,整体
很不错,整体
不会差,整体
很实惠,价格
是正品,真伪
好用,整体
物流很快,物流
外包装,包装
小包装完好,包装
一般,整体
不是太完美,整体
活动挺便宜,价格
补水效果很好,功效
超级补水,功效
挺好的,整体
挺滋润的,使用体验
香香的,气味
效果很好,功效
客服真的忙,服务
补水够用了,功效
很水,使用体验
物美价廉,价格
不错,整体
很水润,使用体验
不错,整体
服帖,使用体验
还可以,整体
包装太次,包装
漏水,包装
破了,包装
喜欢,整体
还可以,整体
很好,整体
很好用,整体
很舒服,使用体验
还好,整体
很好用,整体
很清爽,使用体验
非常好,整体
很舒服,使用体验
很薄,使用体验
物流很快,物流
包装完好,包装
美美的,整体
挺好的,整体
不油腻,使用体验
挺适合,整体
还可以,整体
提亮肤色,功效
很好,整体
一直在用,整体
物流很快,物流
很严实,包装
活动,价格
很划算,价格
包装没有损坏,包装
有点白,功效
控油情况还行,功效
物流快,物流
很清爽,使用体验
不油腻,使用体验
挺好,整体
一直用,整体
比较好涂开,使用体验
不会很干,使用体验
不错,整体
一如既往的好,整体
补水效果挺好的,功效
补水效果好,功效
不错,整体
便宜,价格
好评,整体
还不错,整体
快递神速,物流
包装非常好,包装
运货速度非常快,物流
很喜欢,整体
非常满意,整体
不错,整体
补水效果很好,功效
好用,整体
实惠,价格
盒子都没有,包装
可以,整体
不错,整体
物美价廉,价格
还不错,整体
洗不净,使用体验
质量不怎么样,其他
泡沫没什么,使用体验
洗不净,使用体验
很不开森,整体
最垃圾,整体
快递速度真不是盖的,物流
挺好,整体
能修复皮肤,功效
很舒服,使用体验
味道非常好闻,气味
特别服帖,使用体验
自然,功效
不错,整体
价格很合理,价格
挺好的,整体
挺流的,整体
划算,价格
很好用,整体
很好,整体
细腻,使用体验
不脱妆,使用体验
不错,整体
很划算,价格
不错,整体
不好用,整体
不错,整体
好,整体
挺好,整体
包装太差了,包装
还可以,整体
物流很快,物流
很好用,整体
不错,整体
很不错,整体
很喜欢,整体
很好用,整体
正品,真伪
挺好,整体
有淡斑效果,功效
美白尚不明显,功效
好干净,使用体验
清洗的效果不是很好,功效
还行,整体
送货快,物流
挺好用的,整体
挺合适的,整体
最好用,整体
超喜欢,整体
还可以,整体
隔离效果,功效
物流特别快,物流
挺好的,整体
物美价廉,价格
不错,功效
效果挺好的,功效
配送很快,物流
挺好,整体
服务,服务
满意,整体
物流很快,物流
绝对正品,真伪
很不错,整体
很好用,整体
就是好,整体
保湿效果非常好,功效
滋润,使用体验
很光滑,使用体验
好评,整体
还好吧,整体
挺不错的,整体
好用,整体
性价比很高,价格
很好用,整体
价格超级优惠,价格
很满意,整体
还不错,整体
很不错,整体
效果很好,功效
正品,真伪
特别薄,使用体验
很服帖,使用体验
精华很多,成分
很保湿,功效
很不错,整体
平价,价格
好用,整体
还不错,整体
很喜欢,整体
很好,整体
送货快,物流
好评,整体
比较划算,价格
挺好用,整体
味道不错,气味
补水效果非常好,功效
精华液特别多,成分
好评,整体
挺好用的,整体
不错,整体
满意,整体
味道可以,气味
湿润,使用体验
好用,整体
很喜欢,整体
挺好用,整体
超赞,整体
肤色自然,功效
提亮肤色,功效
很细腻,使用体验
服帖,使用体验
是不是正品,真伪
遮瑕效果好,功效
价格实惠,价格
物有所值,整体
开心,整体
棒棒哒,整体
喜欢,整体
很舒服,使用体验
快递迅速,物流
服务态度好,物流
效果非常棒,功效
上妆效果还可以,功效
有点黑,功效
很好用,整体
真的好用,整体
非常好用,整体
很好用,整体
很好用,整体
正品,真伪
挺好的,整体
吸收情况可以,使用体验
价格便宜,价格
好使,整体
挺好,整体
补水挺好,功效
又白又亮,功效
超神速,物流
优惠,价格
好评,整体
速度给个好评,物流
滑滑的,使用体验
便宜一点,价格
超级喜欢,整体
很服帖,使用体验
物流特别给力,物流
满意,整体
非常舒服,使用体验
还不错,整体
还可以,整体
物流挺快的,物流
赠品,价格
挺好的,整体
客服,服务
还可以,整体
性价比比较高,其他
非常好用,整体
很好用,整体
细腻,使用体验
遮红血丝,功效
正品,真伪
划算,价格
很好,整体
补补水,功效
好用,整体
物流快,物流
非常棒,整体
量比大,其他
很喜欢,整体
很滋润,使用体验
容易抹开,使用体验
很不错,整体
快递很快,物流
很好,整体
不错,整体
很好,功效
自然,功效
挺好的,整体
挺舒服的,整体
清洁能力强,功效
方便,使用体验
很不错,整体
活动很划算,价格
是正品,真伪
包装很好,包装
很划算,价格
很满意,整体
不错,整体
细腻,使用体验
自然,使用体验
有点小,尺寸
很好用,整体
很好用,整体
不会紧绷,使用体验
很舒服,使用体验
很值,价格
很清爽,使用体验
不错,整体
物美价廉,价格
挺好用的,整体
效果不错的,功效
活动不错,价格
挺好用的,整体
非常满意,整体
价格很好,价格
很棒了,整体
挺好的,整体
味道很好闻,气味
光滑,使用体验
细腻,使用体验
不遮眼睛,使用体验
挺好用的,整体
不错的,整体
超快,物流
不错,整体
5星好评,整体
物流太给力,物流
香味淡淡的,气味
白的自然,功效
超喜欢,整体
卸妆效果很好,功效
不油,使用体验
比较清爽,使用体验
喜欢,整体
不粘,使用体验
快递速度快,物流
包装好,包装
挺好,整体
太假了,整体
好用,整体
速度很快,物流
不错,整体
还不错,整体
喜欢,整体
是正品,真伪
起泡量少的,使用体验
味道不喜欢,气味
活动,价格
很好用,整体
很划算,价格
价钱优惠,价格
正品,真伪
还不错,整体
好用,整体
物流挺快的,物流
挺好用的,整体
香味淡淡的,气味
快递盒大大的,包装
赠品没有,价格
不是很白,功效
有点干,使用体验
挺好,整体
非常好,整体
很温和,使用体验
好多了,整体
是正品,真伪
很好,整体
很好,整体
味道香香的,气味
快递很赞,物流
挺好的,整体
还不错,整体
活动优惠,价格
还可以,整体
不太好,整体
好用,整体
味好闻,气味
快递太差劲了,物流
气味很好闻,气味
很好用,整体
便宜,价格
方便,整体
好用,整体
瓶子不错,包装
还不错,整体
很好用,整体
不错,整体
味道比较喜欢,气味
比较划算,价格
很喜欢,整体
太小,尺寸
很好,整体
便宜,价格
价格实惠,价格
不错,整体
正品,真伪
好,包装
包装有档次,包装
特别好,整体
客服很有耐心,服务
送货非常好,物流
精华很少,成分
补水效果很好,功效
很服帖,使用体验
补水效果特别好,功效
挺好用的,整体
好用,整体
客服不合格,服务
非常好用,整体
很清爽,使用体验
划算,价格
喜欢,整体
不错,整体
味道不是很喜欢,气味
清爽,使用体验
不紧绷,使用体验
物流速度太快了,物流
挺好的,整体
洁肤很好,功效
很好,整体
很水润,使用体验
很好,整体
非常棒,整体
好,整体
遮盖力好,功效
提亮肤色效果好,功效
挺好,整体
快,物流
快递快,物流
还不错,整体
听服帖,使用体验
自然,功效
价格便宜,价格
酸酸的,气味
香香的,气味
颜色正,其他
喜欢,整体
还行,整体
挺好用的,整体
便宜,价格
实惠,价格
好用,整体
挺不错,整体
不错,整体
挺好的,整体
挺好,整体
非常不错,整体
外观高大上,包装
非常好,整体
很不错的,整体
省钱,价格
便宜,价格
满意,整体
蛮补水的,功效
清洁度比较好,功效
比较赞的,整体
很好用,整体
一般,整体
物流给力,物流
活动很优惠,价格
还可以,整体
保湿,功效
满意,整体
挺好用的,整体
很细,使用体验
白,功效
滋润,使用体验
很好用,整体
水水的,使用体验
很划算,价格
好评,整体
物流快,物流
好评,整体
不错,整体
挺实惠,价格
挺好用的,整体
正品,真伪
不错,整体
很开心,整体
便宜,价格
好评,整体
比较信得过,整体
很好用,整体
味道不错,气味
味道还不错,气味
很喜欢,整体
不错,整体
外观很好看,包装
很好用,整体
价格便宜,价格
实惠,价格
还行,整体
包装,包装
是正品,真伪
洁面很干净,功效
温和,使用体验
很好用,整体
不刺激,使用体验
不错,整体
补水美白效果挺不错,功效
不错,整体
还不错,整体
棒棒哒,整体
很温和,使用体验
保湿,功效
淡淡的香味,气味
很喜欢,整体
物美价廉,价格
还不错的,整体
是正品,真伪
是正品,真伪
物流很快,物流
很好,整体
挺好的,整体
包装新款,包装
可以,整体
赠品,价格
包装很旧,包装
不错,整体
还不错,整体
应该是真的,真伪
非常满意,整体
非常喜欢,整体
挺水润的,使用体验
很服帖,使用体验
很很用的,整体
补水,功效
很划算,价格
不错,整体
薄薄的,使用体验
好用,整体
补水效果很好,功效
好评,整体
物流很快,物流
很舒服,使用体验
很温和,使用体验
不刺激,使用体验
好划算,价格
好用,整体
很好用,整体
细致,使用体验
还好吧,整体
很干,使用体验
好精致,整体
有点滑滑的,使用体验
较难清洗,使用体验
还行,整体
补水还不错,功效
好合算,价格
包装很好,包装
不错,整体
满意,整体
很好,整体
是正品,真伪
很舒服,使用体验
水润皮肤,使用体验
更滋润,使用体验
可干,使用体验
快递速度很快,物流
快递员态度很好,物流
很滋润,使用体验
挺好的,整体
很好用,整体
很方便,整体
不错,整体
很好,整体
速度很快,物流
精华多,成分
还好,整体
棒棒哒,整体
真心不错,整体
好一点,整体
非常好,整体
好得不得了,整体
好,整体
很好,整体
很超值,价格
不紧绷,使用体验
假的,真伪
蛮好的,整体
不错,整体
可以,整体
不错,整体
很多,其他
还不错,整体
是正品,真伪
挺好的,整体
面膜纸不厚,使用体验
服帖,使用体验
喜欢,整体
正品,真伪
不起干皮,使用体验
挺润的,使用体验
物流很给力,物流
挺好用的,整体
真的很不错,整体
湿湿润润的,使用体验
亮亮的,功效
卸妆效果特好,功效
棒棒哒,整体
五星,整体
赠品很好用,价格
很滋润,使用体验
精华很多,成分
保湿,功效
包装完好,包装
好,整体
不假白,功效
均匀肤色,功效
去除暗沉,功效
很好用,整体
很细腻,使用体验
卸妆力最差,功效
味道不错,气味
不油腻,使用体验
挺好用的,整体
活动,价格
物美价廉,价格
补水没问题,功效
超级划算,价格
不错,整体
不错,整体
很好,整体
物流很快,物流
服务态度很好,服务
美白,功效
挺油腻,使用体验
柔软,使用体验
细腻,使用体验
吸收挺快,使用体验
美白效果,功效
还不错,整体
挺补水的,功效
喜欢,整体
补水还可以,功效
很好用,整体
很自然,功效
滋润,使用体验
挺好的,整体
挺细腻的,使用体验
会不会过敏,使用体验
物流真是神速,物流
好用,整体
不错,整体
物流太慢了,物流
味道不一样,气味
很好用,整体
挺补水,功效
可以,整体
客服态度极差,服务
还可以,整体
还可以,整体
很好用,整体
挺好用的,整体
遮瑕效果很好,功效
不是很好用,整体
有点卡粉,使用体验
性价比很高,价格
活动,价格
还是不错的,整体
挺好的,整体
很喜欢,整体
特别好用,整体
比较保湿,功效
干净,使用体验
实惠,价格
袋子很漂亮,包装
不错,整体
很好用,整体
赠品很多,价格
超赞,整体
挺好,整体
洗得干净,功效
有点干,使用体验
保湿效果不错,功效
价格合理,价格
很惊喜,价格
赠品没有,价格
物流服务好,物流
很好,整体
很好用,整体
挺好的,整体
味道还可以,气味
挺好,整体
成膜有点慢,使用体验
完美,整体
润色效果,功效
粉质细,使用体验
轻薄,使用体验
上妆透亮,使用体验
提亮肤色不夸张,功效
物美价廉,价格
喜欢,整体
补水效果不错,功效
价格实惠,价格
喜欢,整体
爱不释手,整体
挺划算的,价格
不错,整体
有一点点干,使用体验
很好,整体
很喜欢,整体
挺温和的,使用体验
很清爽,使用体验
还行,整体
泡沫很少,使用体验
一般,整体
有点紧绷,使用体验
不是很适合,整体
快递强大,物流
很好闻,气味
味道喜欢,气味
还行,整体
不错,整体
活动很实惠,价格
清洁能力,功效
还不错,整体
价格便宜,价格
优惠券,价格
很不错,整体
很熟服,使用体验
水水的,使用体验
味道很好,气味
不错,整体
好评,整体
不错,整体
好帖,使用体验
发货物流超快,物流
不错,整体
还可以,整体
皮肤亮亮的,功效
不错,整体
很服帖,使用体验
活动很合适,价格
还不错,整体
物流点赞,物流
好用,整体
不刺激,使用体验
价格不算高,价格
包装很满意,包装
很好用,整体
价格能接受,价格
包装简陋,包装
好用,整体
保湿,功效
送货迅速,物流
物美价廉,价格
活动,价格
赠品,价格
很细腻,使用体验
还行,整体
挺实惠的,价格
隔离,功效
增白,功效
挺好的,整体
味道很好闻,气味
物流很快,物流
包装很漂亮,包装
很满意,整体
不起皮,使用体验
太不靠谱了,整体
降价,价格
就要过期了,新鲜度
很舒服,使用体验
特别水嫩,使用体验
还可以,整体
挺自然,使用体验
少了点,其他
还不错,整体
不错,整体
很好,整体
便宜,价格
是正品,真伪
不错,整体
比较好用,整体
假货,真伪
遮瑕效果没有,功效
掉粉,使用体验
特别的干,使用体验
快要过期,新鲜度
物流超级快,物流
超级划算,价格
价格便宜,价格
发货很快,物流
很好,整体
好用,整体
很干净,功效
很好,整体
很喜欢,整体
方便,其他
很快,物流
好评,整体
包装严实,包装
物流快,物流
挺好用的,整体
挺好吸收,使用体验
不油腻,使用体验
很舒服,使用体验
美白效果没看出来,功效
补水效果不错,功效
很滋润,使用体验
不油腻,使用体验
水水嫩嫩的,使用体验
非常舒服,使用体验
挺好,整体
还可以,整体
好用,整体
温和,使用体验
不刺激,使用体验
物超所值,整体
速度快,物流
不错,整体
清爽爽的,使用体验
挺好用的,整体
活动价超好,价格
特别好用,整体
重,气味
气味不好闻,气味
持久度不好,使用体验
没有什么不良反应,使用体验
不错,整体
挺便宜,价格
很快,物流
正品保证,真伪
客服很好,服务
很好,整体
支持,整体
挺好用的,整体
很好,整体
味道香香的,气味
很滋润,使用体验
不干,使用体验
变白了,功效
非常好用,整体
非常速度,物流
变白,功效
很水润,使用体验
不过敏,使用体验
好用,整体
不多,整体
遮瑕是假,功效
提亮肤色是真,功效
物流挺快,物流
稍微干燥,使用体验
很好用,整体
补水效果特别棒,功效
很好,整体
是正品,真伪
好评,整体
还可以,整体
非常满意,整体
很好用,整体
很好用,整体
清爽,使用体验
价格便宜,价格
不油腻,使用体验
味道很好闻,气味
不错,整体
超补水,功效
很好,整体
不错,整体
完整,包装
包装没有破损,包装
卖家服务态度好,服务
很清爽,使用体验
不油腻,使用体验
面膜纸很薄,使用体验
很舒服,使用体验
吸收很快,使用体验
挺好,整体
很清爽,使用体验
还好吧,整体
价格很实惠,价格
还可以,整体
面积太小,尺寸
正品,真伪
挺好的,整体
自然,功效
好推开,使用体验
很清爽,使用体验
物美价廉,价格
快速,物流
精华很多,成分
痘痘消下去,使用体验
很补水,功效
满水润的,使用体验
蛮轻薄的,使用体验
保湿效果很好,功效
很好用,整体
包装挺精致,包装
发货速度快,物流
价格便宜,价格
还行,整体
补水效果特别好,功效
好用,整体
很喜欢,整体
特别合算,价格
不卡粉,使用体验
保湿,功效
滋润,使用体验
非常好用,整体
干净,功效
没有紧绷感,使用体验
还可以,整体
太合适了,整体
很满意,整体
很喜欢,整体
价格不贵,价格
快递很快,物流
不错,整体
还可以,整体
味道一样,气味
不错,整体
好用,整体
还可以,整体
补水,功效
好的很,整体
很喜欢,整体
很滋养,使用体验
美美哒,整体
挺好用的,整体
很温和,使用体验
不错,整体
很好,整体
送货飞快,物流
包装够随意,包装
滋润,使用体验
不油腻,使用体验
味道喜欢,气味
包装严实,物流
物流太棒了,物流
很好用,整体
还不错,整体
成分很安全,成分
很舒服,使用体验
水好多,成分
没有过敏现象,使用体验
挺好用的,整体
还不错,整体
量有点少,尺寸
好用,整体
特别好用,整体
不错,整体
不紧绷,使用体验
价格亲民,价格
好用,整体
很细腻,使用体验
很自然,使用体验
是正品,真伪
不错,整体
挺好用的,整体
蛮不错的,整体
不错,整体
还可以,整体
挺漂亮的,整体
这么便宜,价格
丝薄,使用体验
面膜纸服帖,使用体验
很喜欢,整体
差死了,整体
不好用,整体
会起脂肪粒,使用体验
很好,整体
速度很快,物流
还不错,整体
很好用,使用体验
超水润,使用体验
补水,功效
很好,整体
保湿,功效
卸妆很干净,功效
不刺激,使用体验
还行吧,整体
还挺香的,气味
活动价,价格
补水效果很好,功效
超级服帖,使用体验
很喜欢,整体
发货速度,物流
配送服务一流的,物流
还好,整体
不黏不腻,使用体验
便宜实惠,价格
好洗,使用体验
不错,整体
不油腻,使用体验
赠品,价格
喜欢,整体
非常喜欢,整体
味道差不多,气味
一般般,整体
过敏了,使用体验
清洁能力弱,功效
很稀,其他
挺好的,整体
快递很快,物流
特别滋润,使用体验
提亮肤色非常不错,功效
不油腻,使用体验
不错,整体
很好,整体
真心不错,整体
很喜欢,整体
满意,整体
超喜欢,整体
挺实惠,价格
补水效果不错,功效
挺超值的,价格
很好,整体
不错,整体
辣脸,使用体验
痒,使用体验
不是正品,真伪
不错,整体
物美价廉,价格
很保湿,功效
物美价廉,价格
不错,整体
棒棒哒,整体
还不错,整体
不干,使用体验
很好用,整体
还行,整体
皮肤亮白,功效
服务周到,服务
价格挺优惠的,价格
物流很快,物流
包装不错,包装
香精,成分
还可以,整体
挺好用的,整体
补水棒棒的,功效
蚕丝面料,成分
轻薄,使用体验
透气,使用体验
