1,_,不错
1,_,勾称白嫩
1,_,是正品
2,_,不是
2,_,喜欢
2,颜色,明显
3,_,挺细腻的
4,_,还行
5,_,不错
6,_,很好
6,_,很细腻
6,_,提亮了肌肤
6,_,贴合肤色
7,_,很喜欢
7,_,特别好用
8,_,好评
9,_,还可以
10,_,不错
11,_,不错
11,_,很清爽
11,_,水润
11,_,没有油腻
12,_,还行
12,包装,一般
13,_,一般般
14,_,不错
15,_,很不爽
15,物流速度,快
15,盖子,裂了
16,_,好用
16,_,没以前
18,_,很喜欢
18,_,很好用
19,_,不错
19,_,喜欢
19,_,大赞
19,_,很好
19,_,给力
20,_,不油腻
20,_,自然
21,_,好评
21,_,挺好用的
22,_,比较干净
23,_,很不错
23,_,很贴肤
23,_,细腻
24,_,不错
25,_,优惠
26,_,太贵了
26,_,很好用
26,_,有点干
27,_,真心不错
28,_,一般
28,_,油腻
28,成膜,较慢
29,_,很好用
29,_,很温和
30,_,有些发白
30,_,还可以
31,_,不错
31,_,非常好
32,_,卸妆
32,_,好评
32,_,干净
33,_,好用
33,_,很自然
34,_,不错
34,_,很好
34,_,快
35,_,很不舒服
35,_,有些不合适
35,_,有些痒
35,_,有刺激性
36,快递,很快
37,_,很划算
37,速度,很快
38,_,很水润
38,包装,不错
39,_,真
39,快递小哥服务,很好
39,物流,很快
40,_,特别划得来
41,_,不紧绷
41,_,很好用
41,_,水水的
42,_,一般
43,_,挺好用的
43,酒精味,重
44,_,很喜欢
45,_,很好
46,_,还可以
47,_,很温和
47,_,非常不错
47,味道,没有刺鼻的
48,_,不错
48,_,还行
49,_,不值
49,_,太垃圾了
49,盒子,没有
50,_,不
50,_,便
50,_,还不错
50,香味,淡淡的
51,_,不错
52,_,不油腻
52,_,好用
52,_,显白
53,价格,挺便宜的
54,_,不错
54,快递小哥,点赞
54,快递速度,快
55,_,实惠
55,_,很不错
56,_,很喜欢
57,_,不怎么好用
58,_,亲肤
58,_,柔和
58,_,满意
59,_,辣眼睛疼
60,_,很嫩
60,_,很滑
60,_,非常好
61,_,好
62,_,不好用
62,_,不适合
63,_,特别合适
63,活动,_
64,_,不错
64,_,很适合
65,_,不错
65,送货师傅,很给力
66,_,还可以
66,物流,很快
68,包装,不错
68,物流,非常快
69,快递,给力
70,_,还可以
71,_,保湿
71,_,挺好的
71,_,滋润
72,包装,很一般
73,_,过敏
73,_,长红色的
74,_,不怎么滴
75,_,不刺激
75,_,有好
75,_,温和
75,_,真心不错
75,活动,非常划算
76,_,很好用
77,_,好好用
77,_,好评
77,_,无刺激
78,_,还可以
78,价格,便宜
78,包装,不错
78,性价比,高
79,包装,很好
79,快递,快
80,_,还不错
80,补水效果,_
81,_,很好用
82,_,不错
82,物流,很快
83,_,还行
84,_,还不错
85,设计,很喜欢
86,_,光光滑的
86,_,很好用
86,_,超喜欢
86,修复,很好
87,_,好评
87,_,水润润
87,速度,很快
88,_,不紧绷
88,_,很划算
88,_,很清爽
88,_,很温和
89,_,非常好用
90,_,不错
91,_,不错的
91,_,挺好的
92,味道,不是很喜欢
93,_,很好用
93,_,很细腻
93,味道,特别好闻
94,_,满意
94,价格,优惠
95,_,挺好的
96,_,好评
96,_,特别滑
96,精华液,挺多
97,价格,实惠
97,包装,精美
98,_,很不错
98,_,非常喜欢
98,品,_
98,小,_
98,快递,给力
99,补水效果,较好
100,_,特别水润
100,补水效果,特别好
101,_,还可以的
101,性价比,高
102,_,不油腻
102,味道,淡淡的
103,_,很喜欢
103,_,水水的
104,_,便宜
104,_,可以
104,_,实惠
105,_,太硬了
105,_,还可以
106,_,超级好用
106,活动,_
107,_,很不错
108,_,不错
109,_,很好用
109,送货,快
110,_,还行吧
110,味道,_
111,_,还不错
111,性价比,很高
112,_,是正品
112,遮瑕效果,非常好
112,香味,浓郁
113,_,挺好用的
113,保湿效果,不错
114,_,非常好用
115,_,很好用
117,_,挺好的
117,无流,很快
118,_,不贵
118,_,好用
118,价格,合适
119,_,很好用
119,_,是正品
119,性价比,最高
119,物流,很快
120,_,不错
120,_,挺好的
121,_,挺好的
122,_,不好冲洗
122,_,多了
122,_,很次
122,味道,不好闻
122,赠品,_
123,_,可以
124,_,很好用
125,_,不贵
125,_,好用
126,_,不错
126,_,好用
127,_,优惠
127,_,好用
127,_,挺清爽的
127,送货速度,很快
127,送货速度,很方便
128,_,还可以
129,_,不怎么样
130,_,物美价廉
130,发货,快
130,盒子,很漂亮
131,活动,_
132,_,不好
133,快递,慢
134,物流,快
135,价格,差不多
135,赠品,没有
136,_,好用
136,_,很舒服
136,_,超级好用
137,价格,便宜
138,_,五星好评
138,_,大爱
138,_,超级划算
138,_,超级补水
140,送货,快
141,_,完美
141,_,很好用
141,_,服帖
141,_,滋润
141,补水效果,很好
142,_,很喜欢
142,补水,特别好
143,_,很滋润
143,_,挺实惠
143,_,蛮好用
144,_,很好用
144,物流,很快
144,赠品,多
145,包装,不错
145,物流,杠杠的
146,_,特别轻薄
146,_,补水
146,_,透气
147,_,还可以
148,补水效果,特别好
149,_,还可以
149,吸收效果,不是太好
150,_,很好
150,增白的效果,有一点
150,水,_
151,_,好评
152,_,不是太喜欢
153,_,不起块
153,_,点赞
153,_,细腻
153,_,超级不错
153,配送员服务,超好
154,_,干
154,_,搓泥
155,_,经济实惠
155,送货,快
155,送货速,_
156,_,很好用
158,_,不油腻
158,_,喜欢
158,上妆,服帖
158,性价比,超高
158,遮暇力度,不够
159,_,是正品
160,_,不错
160,_,非常滋润
161,_,很好用
161,_,很实惠
162,_,挺好
162,价格,实惠
162,物流,很快
163,_,不伤皮肤
163,_,很清爽
163,_,挺好用的
163,卸妆,很温和
164,_,十分不好
164,外包装,湿了
165,_,很喜欢
165,物流速度,不错
166,_,挺好用的
167,_,实惠
167,_,非常不错
168,_,挺好用的
168,_,挺滋润的
169,_,好用
169,_,好评
171,_,不怎么好用
171,_,便宜
171,_,洗不干净
172,_,超级滋润
172,吸收,快
172,活动,给力
173,包装,捡漏
174,_,不错
174,_,很好
174,_,很好闻
175,_,很好用
176,_,不咋个遮瑕
176,_,有点点卡粉
177,_,一如既往的好
178,_,挺满意的
178,_,有点紧绷
178,_,还不错
178,补水效果,挺好的
179,_,物超所值
179,物聊,超快
180,_,不油腻
180,_,容易推开
180,_,挺不错
180,_,有一丢丢泛白
180,成膜,挺快的
180,持久情况,_
180,晒效,_
181,_,不油腻
181,_,不过敏
181,_,很保湿
181,_,很好
182,_,挺干的
182,_,能遮盖红血丝
182,_,还不错
183,_,很好用
183,_,是正品
184,_,不错的
184,_,比较优惠
185,_,不错
185,_,可以
186,_,非常不错
186,物流速度,快
187,保湿效果,很好
188,_,特别好用
188,_,赞
189,_,不脱妆
189,_,很滋润
189,_,挺好用的
190,价格,不错
190,价格,合适
191,_,很不错
192,_,很好用
192,_,很舒服
193,_,不错
194,气味,很好闻
194,气味,淡淡的清香
194,泡泡,不是很多
195,_,一般
196,_,最扣的
196,包装盒子,没有
197,_,还行
198,_,不紧绷
198,_,还可以
199,_,很满意
199,物流,很快
200,_,有些油
200,补水,可以
201,_,很不错
201,_,很喜欢
201,_,棒棒的
201,送货速度,快
202,_,很喜欢
203,_,好评
203,_,挺好的
203,物流,挺快的
204,_,还可以
205,_,不卡粉
205,_,很好
205,_,贴肤
206,子,很精美
207,_,不刺激
207,_,很好用
207,_,特别好
207,香味,不重
208,_,好评
208,_,很滑
208,_,很舒服
208,_,挺好用的
208,味道,香香的
209,_,放心
209,速度,快
210,_,贵些
210,活动,给力
211,_,很喜欢
211,补水效果,特别好
212,_,假的
212,泡沫,没有
213,_,不好
214,_,不错
214,_,满意
215,_,很干净
215,_,非常好用
216,_,不油腻
216,_,很好用
216,_,快
217,_,不错
217,快递,超级给力
218,_,好开
218,成分,安全
218,活动,很惊喜
218,颜值,在线
219,包装,挺好看的
219,快递小哥,_
220,_,不错
221,_,很便宜
222,_,很好用的
222,_,涨价
223,_,好用
224,_,闷闷的
225,_,很好
226,_,好好用
226,_,很方便
227,_,大爱
227,速度,飞快
228,_,光滑
228,_,皮肤
229,_,不过敏
229,_,很好用
230,_,喜欢
230,_,真心不错
230,物流,快
231,_,很好
231,价格,便宜
231,物流,很快
232,_,全分好评
232,_,物超所值
233,_,好
234,_,还好
235,_,比较保湿
235,_,水润
235,_,轻薄
236,_,挺好
237,_,不是很开心
237,_,贵了
237,优惠卷,_
238,_,很喜欢
238,_,适合
238,吸收,很好
239,_,不错
240,_,不错
240,精华液,很多
240,补水,还可以
241,_,便宜
242,_,一般
243,_,不错
243,_,非常好用
244,速度,快
245,_,很不错
245,性价比,高
245,服务,很好
246,_,还不错
247,_,大爱
247,_,很喜欢
247,_,很美白
247,味道,很舒服
248,_,不油腻
248,_,挺好的
248,_,滋润
249,_,不错
250,_,很服帖
250,_,挺好用的
250,_,自然
251,_,毁容
251,_,红斑
251,_,红点
251,_,起
251,_,过敏
251,_,非常恼火
251,_,非常痛
253,_,一般
253,_,纯补水
254,_,挺好用的
254,精华,好多
255,_,不错
255,_,快捷
255,_,方便
255,活动,不给力
256,_,好
257,_,非常的好用
258,_,好小
259,_,感到失望
259,_,摔坏了
260,_,特便宜
261,_,好用
261,_,好评
262,_,物有所值
263,_,不好
264,_,还可以
265,_,有点干
265,_,有点暗淡
265,_,还可以
265,提亮肤色,没有
266,_,便宜
266,_,好用
266,_,简单
266,_,通透
267,_,不错
268,_,辣眼睛
268,味,_
268,味道,很奇怪
268,防晒效果,_
269,_,很滋润
269,_,特别喜欢
269,精华,好多
270,_,好的很
270,_,很喜欢
270,_,很滋养
270,_,美美哒
271,包装,完好
271,服务,好
271,物流,很快
272,补水效果,不错
273,_,不脱妆
273,_,挺好用的
273,香味,淡淡的
274,_,很好用
275,_,不遮瑕
275,_,卡粉
275,_,无敌卡粉
275,_,超级差
276,补水效果,很好
277,_,很一般
277,_,稳和
278,_,实惠
278,_,正品
278,_,满意
278,快递,很快
278,服务,很好
279,_,是正品
279,_,的不错
280,味道,清淡
280,泡沫,很细腻
281,_,一
281,_,正品
281,_,水水润润的
281,_,特别省
282,_,超级划算
282,包装,好看
282,活动,_
283,_,差
283,_,长痘痘
284,_,不卡粉
284,_,挺好的
284,_,有点小
284,_,还不错
285,_,挺好用
286,_,挺好的
287,_,棒棒哒
287,物流,很快
288,_,挺好用的
289,_,真品
290,补水效果,很好
291,_,很好用
292,_,不错
292,_,舒服
292,_,非常清爽
293,_,挺水润
293,_,接近自然色
293,_,服帖的
293,_,稍微白了点
294,_,长很多痘
295,_,很好用
296,_,还可以
297,_,忽悠骗人
297,_,最优惠
297,赠品,_
298,_,不错
298,_,很服帖
298,物流,很快
299,_,很棒的
299,价格,小贵一些
300,_,不干燥
300,_,滑滑的
301,_,真好
301,外包装,走
302,_,不错
302,_,很舒服
303,_,不错
303,_,好评
304,_,体面的
304,_,很喜欢
304,小礼品,_
305,_,比较实惠
306,_,很好用
307,_,不错
308,_,很满意
308,快递,真快
309,_,很少干干的
309,粉底,太少了
310,_,不错
310,_,很好用
311,_,很白
311,_,很香
311,_,还可以
312,_,不错
312,_,提亮肤色
312,_,有遮瑕效果
313,_,有点小
313,_,过份了
314,_,不出错
314,_,挺好
314,_,相当实惠
314,_,算满意
315,_,很好
315,_,漂亮
316,_,不够用
316,_,太小
316,_,差评
316,精华,太少了
317,_,还可以
317,上妆效果,_
318,价格,一样
318,赠品,_
319,_,很好
319,价格,合适
319,保湿,不错
320,速度,超快
321,_,物美价廉
322,包装,很好看
323,_,很薄
323,补水效果,很好
324,_,勉强能用
324,价格,太高
325,保湿效果,很好
326,_,很喜欢
326,_,特别喜欢
326,_,非常喜欢
326,保障,很高
327,_,不错
327,_,挺好用的
328,_,不错
329,_,不错
330,_,很服帖
330,_,超服帖
331,_,很不错
331,_,有点淡
332,_,不油腻
332,_,提亮肤色
332,_,清新的
333,保湿效果,好
333,味道,好闻
334,_,不错
334,速度,很快
335,_,不提亮肤色
335,_,很保湿
335,_,有点油
336,_,不错
336,_,很好
336,物流,给了
337,_,给力
337,价钱,_
337,速度,快
338,_,有点干
339,_,不错
339,送货,很快
340,_,很喜欢
340,_,很好
341,_,一点不干
341,_,不油腻
341,_,很自然
341,_,粉粉嫩嫩的
341,_,非常滋润
342,_,不干
342,_,挺滋润的
342,_,超级划算
342,泡沫,很多
343,_,很实惠
343,发货速度,快
344,_,不紧绷
344,_,温和
345,包装颜值,超级高
345,物流,太满意
345,物流,超级快
346,_,非常平价
346,补水,不错
347,酒精味,股
348,_,还不错
348,_,还可以
349,_,会掉皮
349,_,没啥效果
349,_,白白的
350,_,还不错
351,_,没什么感觉
352,_,很不错
353,_,可以
353,_,还算
354,_,有点黏黏
354,持久性,可以
355,_,还好
355,味道,很好闻
356,_,还不错
356,价格,实惠
357,保湿效果,非常好
358,_,不错
359,_,很水润
359,_,很薄
360,_,不油腻
360,_,不错
360,_,可以
360,_,很清爽
361,_,不辣眼睛
361,_,挺好用的
362,_,油
362,_,用
363,_,还是不错
364,补水效果,非常好
365,快递,很给力
366,_,还可以
367,_,挺好的
367,_,超多
368,_,挺好用的
369,_,不错
369,_,货真价实
370,_,挺好用的
371,_,物超所值
371,_,非常
371,物流,快
371,赠品,_
371,颜色,好
372,_,不错
372,_,物美价廉
372,包装,很好
372,物流,很快
373,快递,真的好快
374,_,喜欢
374,_,非常好
375,到货速度,快
376,_,很好
376,_,很舒服
376,_,挺薄的
376,精华,挺多的
377,价格,实惠
378,_,很保湿
378,_,很棒
379,提亮效果,还不错
380,_,还好吧
380,日期,新鲜的
381,_,不错
382,_,很好用
382,_,赞
383,_,比较自然
383,_,还行
384,_,超喜欢
384,味道,香香的
384,快递,很给力
385,_,很服帖
385,_,很滋润
385,_,挺滋润的
386,_,可以的
386,_,很好用
387,_,好用多了
387,控油效果,没话说
388,_,好
388,_,很喜欢
389,_,不错
389,_,喜欢
389,_,天然的
389,_,超级润
390,_,太好用
391,_,还好
392,_,不油腻
392,_,轻薄
392,_,非常容易上妆
392,_,非常的好用
392,价格,实惠
393,_,保湿
393,_,很自然
393,_,淡淡香味
393,_,滋润
394,_,很喜欢
394,_,很好用
395,_,不紧绷
395,_,好干净
396,_,跟绵
396,补水功能,强大
397,_,确实不错
398,_,喜欢
398,物流,_
399,_,还可以
399,包装,很好
399,快递,很给力
400,_,很喜欢
400,_,很好用
401,_,好用
401,_,挺好的
402,_,不会特别拔干
402,_,非常舒服
403,_,好
403,_,很好
403,_,非常好
404,_,超级好用
404,活动,很划算
405,_,差
406,_,好评
407,_,喜欢
407,精华液,特别多
407,补水效果,相当不错
408,_,不错
409,_,物美价廉
410,_,不油腻
410,_,不错
410,_,非常清爽
411,_,不错
411,活动,_
411,物流,很快
412,_,还可以
412,价格,很实惠
413,_,很划算
413,_,非常实用
414,_,正品
414,_,非常喜欢
415,_,非常好用
416,_,挺好用的
416,_,挺好的
416,价格,实惠
417,_,很不错
417,_,是正品
418,_,很不错
418,_,方便
419,_,很小罐
420,_,很喜欢
420,补水效果,很好
421,_,非常不错
422,_,均衡肤色
422,_,非常适合
423,_,蛮好的
423,精华,挺多的
424,_,不错
424,_,挺好
424,味道,好闻
425,_,很喜欢
425,物流速度,不错
426,_,便宜
426,_,可以
426,_,实惠
426,_,物美价廉
427,酒精味,浓
428,快递小哥服务,很不错
429,_,好评
429,_,挺喜欢
430,_,不油腻
430,_,比较清爽
430,物流,快
431,_,挺不错的
432,_,非常不错
432,物流,超级给力
433,_,还不错
434,_,很好用
435,_,很好用
436,_,挺不错的
437,_,很不错
438,_,不油腻
438,_,好评
438,_,有点贵
439,_,很喜欢
439,_,很好
439,_,很棒
439,_,很香
440,_,还可以
440,价,可以接受
440,精华,挺充足的
441,_,不紧绷
441,_,很好用
441,_,很干净
442,_,很好用
443,_,超级划算
443,_,超级大赞
444,_,白皙
444,_,细腻
444,_,非常好用
444,味道,特别好闻
445,_,很喜欢
446,_,超棒
446,_,非常好用
446,精华,很多
447,_,挺好的
447,物流,很快
448,_,挺好的
448,_,还可以
449,_,五分好评
449,_,喜欢
450,_,挺补水的
450,_,还可以
451,_,不错
451,_,很好用
452,保质期,稍短了
453,_,显白
453,_,有点干
453,_,还行
453,物流,很快
454,_,满心欢喜
455,_,很好
455,速度,快
456,_,不错
456,快递速度,很快
457,_,不刺激
457,_,易卸
457,_,温和
457,隔离效果,好
458,_,挺好的
458,物流,挺快的
459,_,挺好用的
459,赠品,_
460,_,不错
460,_,很好
461,_,很喜欢
462,_,不错
463,_,不像正品
463,液体,太稀
464,配送,蛮快的
465,_,刺痛
465,_,太多
465,_,过敏
465,_,非常不
466,配送人员服务态度,好
466,香味,淡淡的
467,_,很喜欢
467,_,特别好用
468,_,不干
468,_,保湿
468,_,多泡
468,_,很喜欢
468,_,柔和
469,_,挺好用的
470,快递,杠杠滴
471,_,是正品
471,_,特好用
472,_,会刺痛
473,_,还不错
474,_,很补水
474,_,还不错
475,_,很划算
476,_,太油了
477,快递小哥,_
478,赠品,_
479,_,易吸收
479,_,润润的
479,香味,很舒服
480,_,不错
480,速度,很快
481,_,差
481,_,干
481,上妆效果,_
482,_,赞一个
482,发货,快
483,_,真心不错
484,吸收,挺快的
485,_,不好
485,_,过敏
486,_,挺好
487,_,挺好
487,_,水水的
487,服务态度,很好
488,_,很好用
488,活动,很划算
489,_,不错
489,_,超值
490,_,特别好
490,_,非常喜欢
491,_,破烂包装
492,_,不会浮粉
492,_,容易上色
492,_,很好
492,_,很自然
492,价钱,合理
492,包装,不错
492,送货,快
492,香味,淡淡的
493,_,便宜
494,_,还好
495,_,还行
496,_,很好用
497,_,很好用
498,_,还不错
499,_,很好
499,_,是正品
500,_,不舒服
500,_,黏黏的
500,酒精味,重
501,活动,_
502,_,可以啊
502,_,提好用
503,_,很好用
503,_,有点油腻
503,_,泛白
503,_,还不错
504,_,还不错
505,_,确实不错
506,_,很好用
506,_,滑滑的
507,_,很好用
507,保湿效果,不错
507,粉质,细腻
508,_,便宜
508,_,正品
509,_,不错
509,_,喜欢
510,_,不错
511,_,还不错
512,_,好用
512,_,美美哒
513,_,不油腻
513,_,很好用
513,_,清清爽爽
514,_,很好用
514,包装,很满意
514,物流,很快
515,_,比较优惠
515,包装,_
515,物流,快
515,配送员服务,好
516,_,好用
517,_,很实惠
517,贴敷感,挺好的
518,_,满意
518,_,真棒
519,_,还不错
519,包装,真的不好
520,_,吸收不了
520,水,很多
521,_,很温和
521,_,很爱
521,味道,很好闻
521,味道,是正品
521,泡沫,很细腻
522,_,不了
522,_,假的
522,_,防不了水
523,味,_
524,_,很好
525,_,很喜欢
526,_,很方便
527,_,没有什么用
528,_,容易推开
528,味道,很好
529,_,不过敏
529,_,便宜
529,_,好用
529,_,很好的
530,_,不错
530,_,很自然
531,价位,高些
531,祛痘印效果,不错
532,_,还不错
532,价格,实惠
532,性价比,不错
533,_,挺好的
533,_,方便
533,色,很正
534,_,好评
535,_,垃圾
536,_,不是很白
536,_,还行
536,味道,可以
537,性价比,非常高
537,物流,非常快
538,_,不错
538,_,较自然
538,遮暇,一般
539,_,太温和了
539,_,没什么效果
539,_,滑滑的
540,收货,不错
540,收货,挺好的
541,_,不油腻
541,_,保湿
541,_,清爽
541,_,补水
542,_,巨坑
542,_,快
543,_,挺好用的
543,补水,不错
544,包装,很简陋
545,补水效果,不错
546,_,实惠
546,_,正品
547,_,很实惠
547,_,很满意
548,物流,_
549,_,很满意
549,物流,值得信赖
550,_,不好
550,_,会过敏
550,清洁能力,差
550,香味,太浓
551,_,么优惠
551,_,物廉价美
552,_,很讨厌
552,味道,很难形容
553,_,不卡粉
553,_,很喜欢
553,_,很好用
553,_,很自然
553,_,滑滑的
553,_,白了一个度
554,_,挺滋润
554,_,还不错
555,_,任
555,_,挺好的
555,包装,很精致
555,态,_
556,_,很好
556,快递,很快
557,_,很好用
558,_,不错
559,_,不好
559,_,不怎么好用
560,_,很舒服
560,精华,很多
561,吸收,挺好
562,_,去黑头
562,_,没什么用
563,_,补水
564,_,不错
565,_,还可以
565,包装,很不错
566,_,不怎么的好
567,_,不错
567,_,挺好的
567,_,蛮好用
567,_,调整肤色
567,味道,大点
568,_,不是很白
568,_,太差劲了
568,遮暇,不是
569,_,不适合
569,_,太白
569,味道,比较大
570,_,很不错
571,_,不好用
571,_,不干净
571,味道,很大
572,_,不错
572,_,很好
572,_,很适用
572,气味,很清香
573,_,好划算
574,_,不敢
575,_,蛮好的
576,_,不刺激
576,_,大爱
576,_,温和
576,_,非常的好用
576,泡沫,细腻
576,清洁能力,强
577,_,挺干的
577,持妆效果,还可以
578,_,特别好用
579,_,不错
579,_,很好
579,_,很有心
580,_,挺不错
580,_,没用
581,_,好用
581,_,滑滑的
581,保湿效果,很好
582,_,很不错
582,_,很满意
582,_,非常高兴
583,_,无不适感
583,_,满意
583,透气,好
584,_,有些味儿
584,_,比较便宜
584,_,油腻
584,_,粗糙
585,_,很喜欢
585,_,很好
586,_,很不错
587,_,挺香的
587,_,还好
587,上妆效果,_
587,持久情况,_
588,_,是正品
589,_,不心疼
589,_,好用
589,_,特别润
589,补水效果,好
590,_,太土了
590,包装,比较高大上
591,_,不刺激
591,_,好用
592,_,不错
592,包装,很漂亮
592,颜值,高
593,保湿效果,不错
594,_,挺细腻
594,快递小哥,辛苦
594,速度,飞快
595,_,好评
596,_,很好
598,_,挺白的
598,隔离效果,不好
599,_,可以
599,_,挺好的
600,_,不油腻
600,_,喜欢
600,_,均匀
600,_,大爱
600,_,很自然
600,_,细腻
601,_,很自然
601,_,很香
601,_,还不错
601,赠品,_
603,_,很舒服
603,_,真心不错
603,保湿效果,的不错
604,_,保湿
604,_,很自然
604,_,气色
604,_,非常不错
605,_,好用
605,_,好评
605,_,很自然
605,_,耐用
606,_,非常值
606,_,非常好
606,_,非常快
607,_,不错
607,_,方便
608,_,很补水
608,_,挺好
608,价格,实惠
608,精华,很多
609,_,喜欢
609,_,很好闻
609,_,超级好
609,精华,少了点
610,包装,非常好
611,价格,有点贵
612,_,还不错
613,_,不错
613,_,超级好用
614,_,还可以
614,味道,好闻
615,_,还不错
616,_,很喜欢
617,价格,好划算
617,补水效果,挺好的
618,_,不好用
618,_,严重
618,_,浮粉
619,_,很好
620,_,还不错
620,外包装,挺好看的
621,_,特优惠
622,保湿效果,非常好
623,_,不错
624,_,划算
624,_,很推荐
624,_,很舒服
625,_,不干
625,_,很好用
626,_,淡化
626,香味,浓郁
627,_,物美价廉
627,活动,_
627,物流,非常满意
628,_,很不错的
628,速度,快
629,包装,严实
629,物流,快捷
630,_,是不是正品
630,包装,_
631,_,一点也不干
631,_,特别服帖
631,_,轻薄
631,_,透气
632,_,便宜很多
633,_,小
633,量,太少了
634,_,不紧绷
634,_,香香的
634,味道,没有刺鼻的
635,_,不错
635,_,拔干
635,遮瑕,一般
635,颜色,深
636,_,很好
636,_,越来越好
636,_,非常好
637,_,水水的
637,_,润润的
637,小哥服务,好
637,快递,_
637,送货速度,快
638,_,很满意
638,_,非常棒
639,水润度,还不错
640,_,偏油
641,_,不错
642,_,还不错
643,_,不错
644,_,过敏了
645,_,非常喜欢
646,_,不错
646,_,是正品
647,_,很舒服
648,包装,没封口
649,_,很好
650,_,提亮
650,_,真心好用
651,_,很好
652,_,喜欢
652,_,有淡香
652,泡沫,丰富
652,清洁力,强
653,_,很划算
653,_,挺好用的
653,活动,_
654,_,不起沫
654,_,有点滑
654,味道,淡淡的
655,_,不错
656,_,挺好用的
656,_,挺好的
656,保湿效果,不错
657,_,不怎么干
657,_,挺保湿的
658,_,不错
659,_,放心
659,_,正品
660,_,还不错
660,_,还可以
661,包装,很好
661,物流,快
662,_,很好
662,_,非常不错
663,_,保湿
663,_,挺好的
663,泡沫,多
664,_,味
665,_,优惠
665,_,很贴合
665,保湿效果,很好
666,_,很好用
667,_,很棒的
667,物流,快
668,_,很细
668,_,还不错
669,_,很不错
669,_,满意
670,快递,挺快的
671,_,不错
671,_,好用
671,精华,比较多
671,补水效果,棒
672,_,很好
672,_,很满意
673,_,优惠一点
673,_,便宜一些
673,气味,还好
674,_,不好用
675,_,很划算
675,_,很舒服
676,价格,实惠
676,包装,完整
676,快递,很快
676,赠品,多
677,_,不错
677,_,划算
678,_,很喜欢
679,价钱,优惠
679,保湿,还行
680,快递小哥,超级暖心
680,速度,超快
681,_,超值
681,活动,_
682,_,挺好的
683,_,不浮粉
683,_,很轻薄
684,_,比较粘
684,_,真的便宜
684,_,还行
685,_,不错
685,_,挺好用的
685,遮瑕效果,不错
685,颜色,很提亮
686,_,很舒服
686,_,很薄
686,_,非常好的
687,_,很好用
688,_,很好
688,_,很好用
688,价格,很优惠
688,活动,_
689,_,还不错
690,物流,很快
691,_,不错
691,物流,真是快
692,_,很好
692,_,很好用
692,遮暇效果,非常不错
693,_,便宜
693,_,好用
694,_,便宜一点点
694,_,特别好用
695,_,实惠
695,活动,_
696,_,任
696,_,挺好的
696,包装,很精致
696,态,_
697,_,好评
697,_,改善
697,上妆,比较贴
698,_,星好评
699,_,不好用
699,_,失望
700,_,好用
700,瓶子,超级好看
701,_,好评
701,_,很不错
701,_,很好
702,_,划算
702,_,还可以
702,活动力度,可以
703,_,假的
703,_,塑料味
704,物流速度,真是快
705,物流,挺快的
705,补水效果,不错
706,_,不错
706,_,满意
707,_,还不错
708,_,好
708,_,很好
708,_,很服贴
708,精华液,很卵
709,补水效果,好
710,_,很划算
710,_,挺好的
711,_,好
711,物流,很快
712,_,挺好用
712,_,挺干净的
713,_,不错
714,_,不错
714,_,很棒
714,物流,超快
715,补水效果,还不错
716,_,凉凉的
716,_,滑滑滴
716,_,还算满意
716,泡沫,细腻
717,_,挺好的
717,_,改变肤色
718,_,不好
718,_,过敏了
719,_,不油腻
719,_,挺好
719,_,挺好的
719,_,超实惠
719,美白效果,不错
720,_,不错
721,_,不适合
721,_,清爽
721,_,肌
721,_,长痘痘
722,_,一般
723,_,还不错
724,_,不过敏
724,_,好评
724,_,挺好用的
725,_,是正品
725,价钱,便宜
725,发货,快
726,_,保湿
726,_,很好用
726,_,紫
726,_,补水
726,_,面部遮瑕
727,_,还可以
727,精华,少了点
728,_,很好用
729,_,不错
730,_,一般
730,_,不好梳通
730,_,不怎么控油
730,_,有点涩
731,_,很不错
731,_,很喜欢
732,_,一般
733,_,光滑
733,_,很好用
733,_,水润
733,_,细腻
733,性价比,高
734,_,便宜
734,_,很划算
734,_,还不错
734,_,还好吧
735,物流,挺快
736,_,差评
737,_,很不错
737,_,很实惠
737,水分,很足
737,物流,快
738,_,很满意
738,_,非常喜欢
739,_,挺满意的
740,补水效果,不错
741,_,很划算
741,_,满减
741,物流,很快
742,_,好用
742,清洁能力,_
743,_,保湿
743,_,很不错
743,_,很棒
743,_,遮瑕
743,味道,好闻
744,_,好
744,_,挺好用的
745,_,不错
745,_,好
746,发货速度,挺快
747,_,挺好推开
747,_,有那么一丢丢的油
747,晒效果,_
748,礼品,_
749,_,很好
749,_,是正品
750,_,很不错
750,性价比,很高
750,服务,好
750,送货,非常快
751,_,蛮清爽
751,_,还好
752,_,很喜欢
752,_,给力
752,价格,便宜
752,物流速度,快
752,验,好
753,_,还好吧
754,_,实惠
754,_,很
754,_,很快
754,_,很方便
755,_,好没有用
756,_,一样
756,_,好用
757,_,很不错
757,_,棒棒哒
757,_,超级快
757,快递,点个赞
757,质量,杠杠滴
758,_,还可以
759,活动,实惠
760,活动,给力
761,_,不刺激
761,_,不错
761,_,温和
761,包装,很好
762,_,确实不错
763,_,还还好
764,_,很不错
764,_,超级好听
764,发货,很快
765,_,很值
765,_,超级赞
765,活动,_
766,_,好用
767,_,不错
768,_,不错
768,_,好用
769,_,很喜欢
769,味道,喜欢
770,物流,很快
770,隔离效果,很棒
771,降价,_
772,_,大爱
772,_,太棒了
772,提亮肤色,满分
773,_,还不错
774,价格,实惠
774,服务,好
774,送货,快
775,_,不好用
775,_,难闻到爆
775,味道,特别刺鼻
776,_,挺水润
777,_,一点
777,_,不好
777,味道,_
778,_,喜欢
778,_,好用
778,保湿效果,很好
779,_,好看
779,_,很自然
779,_,很贴妆
779,_,自然
779,味道,喜欢
779,颜色,喜欢
780,_,便宜
781,_,真心不错
782,补水效果,很不错
783,快递,就
783,快递,快
783,补水效果,挺不错的
784,_,挺喜欢的
784,_,挺好的
784,_,挺舒服的
784,_,还不错
784,瓶子,很好看
785,_,服帖
785,_,自然色
786,_,不值
786,_,很干
787,_,还不错
787,速度,很快
788,_,挺好用的
789,_,不好
789,_,便
790,_,不是太干
790,打底,不错
791,_,太苍白了
792,_,很好用
792,_,很好闻
792,味道,淡淡的
793,_,过敏
794,味道,香香的
794,外观,特别漂亮
795,_,非常满意
795,物流,很快
795,补水效果,真的好
796,_,很适合
797,_,快
798,_,一条一片
798,_,很不错
798,_,祛斑
798,_,补水
798,祛斑效果,不大
798,补水,真的不错
799,_,还不错
800,盒子,很好看
801,_,很好
801,价格,很美丽
801,香味,淡淡的
802,_,很好
802,_,很舒服
803,_,比较优惠
803,包装,_
803,物流,快
803,配送员服务,好
804,_,挺好的
804,价格,实惠
805,_,挺好用的
805,_,还可以
806,_,挺合适
806,活动,给力
807,_,很好
808,_,好评
809,味道,喜欢
809,味道,很好
809,味道,淡淡的
810,_,很薄
810,_,非常好用
810,补水效果,不错
811,_,还不错
812,_,挺好用的
812,_,比较水润
812,上妆,挺容易
812,物流,很快
813,_,很划算
813,活动,_
814,包装,完好
815,快递,是那么
816,_,超级快
816,清洁能力,_
816,物流,太给力了
817,_,不刺激
817,_,不错
817,_,很温和
818,补水效果,棒棒哒
819,_,实惠
819,活动价,_
820,_,还不错
821,_,很好
821,_,很服帖
821,_,没有浮粉
822,_,很喜欢
823,_,很好用
824,_,不错
824,_,非常满意
825,_,太
826,_,不遮暇
826,_,不错
826,_,均匀肤色
826,_,很好推开
826,_,很好的
826,_,细腻
827,快递员,_
827,速度,挺快
828,补水效果,挺好的
829,小哥,很好
829,物流,很快
830,_,是正品
831,_,还可以
832,_,垃圾
832,_,没有
832,_,油
833,_,挺好的
833,_,是正品
834,_,好用
834,_,挺好的
834,成膜,比较慢
835,_,容易吸收
835,_,很好推开
835,_,抗衰老成分
835,保湿程度,一般
835,性价比,高
836,_,很喜欢
836,_,还不错
837,_,很好
838,_,挺好的
838,_,还行
838,上妆效果,_
839,包装,还可以
840,_,超级好用
840,活动价,_
841,_,太香了
841,_,较
841,_,还行吧
842,_,不错
842,_,划得着
842,物流,蛮快的
843,_,不干
843,_,超级好用
843,_,香香的
844,_,很不错
844,_,是正品
845,_,便宜
845,_,好评
845,_,很划算
845,物流,超级快
846,_,很实惠
847,_,不错
847,保湿,挺好的
847,快递,很快
848,活动,挺划算的
849,_,发错
849,_,没
850,_,滑滑的
850,_,还不错
851,_,很好用
851,_,棒棒哒
851,_,非常推荐
852,_,不是特别油腻
852,_,好上妆
852,_,轻薄
853,_,不错
854,_,不化妆
854,_,是正品
854,保湿效果,挺好的
855,_,一直信赖
855,_,是正品
855,包装,挺好的
856,_,比较满意
856,_,还可以
857,_,很好的
857,_,还不错
858,_,很好
858,_,正品
859,_,划算
859,_,很好用
860,_,很贴心
860,_,有点油
861,快递,_
861,送货员,_
862,_,不
862,_,好油
863,_,喜欢
863,_,很好用
864,_,挺保湿的
864,_,有点黏腻
865,_,不是很贵
865,_,挺好用
865,_,香香的
866,_,不能遮暇
866,_,还可以
867,_,不错
867,_,好超值
867,_,很喜欢
867,赠品,_
868,_,非常好用
869,_,不错
870,_,便宜
870,_,正品
870,_,还不错
871,_,不刺激
871,_,光滑
871,_,很保湿
871,精华,很多
871,补水效果,非常好
872,_,挺好的
872,_,正品
872,包装,漂亮
872,包装,精美
873,_,五星好评
873,_,特别好
873,客服,很贴心
874,_,柔滑
874,_,细腻
874,味道,清香
875,_,最便宜
876,_,挺多的
876,_,挺好用的
877,_,很喜欢
878,_,不错
878,_,很轻薄
879,保湿,不错
879,活动,_
879,补水,不错
880,_,很服帖
880,_,真心不错
880,_,超级划算
881,_,好多精华
881,_,很好用
881,_,真的补水
881,_,非常好
881,_,非常贴
882,_,大爱
882,_,非常喜欢
883,送货,很高效
884,_,超舒服
884,_,还可以
885,_,还不错
885,_,非常实惠
886,_,好用
887,_,好用
887,_,自然白
887,_,遮瑕
888,价格,这么实惠
888,快递速度,这么快
889,_,还行
889,价格,亲民
889,活动,_
890,_,很满意
891,_,非常好用
892,_,很好
893,_,很愉快
894,_,好用
894,_,如
894,_,的
895,_,好用
896,_,不错
897,_,很喜欢
897,_,很好用
898,_,没有泡沫
898,_,洗不干净
898,_,简单
899,_,太喜欢
899,_,挺好
900,_,非常滋润
901,_,五星好评
901,_,物美价廉
901,活动,_
902,_,不刺激
902,_,喜欢
902,_,方便
902,清洁,挺干净的
902,设计,挺好
903,_,很快
903,_,还不错
904,_,很满意
904,_,还阔以
904,_,香香的
905,快寄,很给力
906,_,好用
906,_,是正品
906,_,棒棒哒
906,_,超划算
906,活动,_
907,_,很保湿
907,礼物,_
907,精华,很多
908,_,好
908,_,超喜欢
908,_,超级满意
908,物流,快
909,_,很适合
909,收货,很及时
910,_,不错
910,_,美美哒
911,_,很好
911,_,有点油
911,酒精味,太重
912,_,优惠
912,_,很优惠
912,_,特别的不错
912,活动,_
913,_,很好
914,_,还不错
915,_,太给力
915,快递,真是神速
915,活动,优惠很多
916,_,不好用
916,_,抹不开
916,提亮肤色,没有
917,_,真心不错
918,_,还不错
919,味道,是正品
919,味道,没错
919,瓶盖,碎了
920,_,好用
920,_,是正品
921,_,还可以
921,香料,_
922,快递,很给力
923,_,还不错
923,保湿效果,还不错
924,_,好用
924,_,很实惠
924,活动,_
924,补水效果,很好
925,味道,不错
925,味道,挺保湿
926,_,不过敏
926,_,挺好的
926,_,补水
926,味道,好
927,_,很好
927,_,非常喜欢
928,_,一如既往的好
929,_,喜欢
929,_,如既往的好
930,_,小小
931,物流,快
932,_,可以
932,_,非常好吸收
932,味道,比较奇怪
932,精华,_
932,黏腻感,轻微的
933,到账速度,快
934,_,不好用
934,_,卡粉
935,_,还可以
936,_,还是不错的
936,性价比,很高
937,精华,不过敏
937,精华,很多
937,精华,很好用
938,_,一
938,_,不好用
939,保湿效果,很好
940,_,淡化了
940,_,自然
940,_,还不错
941,_,确定好
941,价格,便宜
942,_,一般
942,价格,便宜
943,_,不油腻
943,_,挺好吸收
943,_,没有损毁
943,_,量
943,保护措施,挺好
944,补水效果,不错
945,_,华
945,_,很薄
945,_,满满
945,包装,好看
945,膜布,很柔软
945,补水效果,不错
946,_,不错
947,_,很实惠
947,_,挺喜欢
947,_,水水美美的
948,_,不错
949,_,有点油
950,_,好推开
950,_,有点不舒服
950,_,还行
952,_,挺舒服的
952,_,还不错
953,_,挺好用的
953,_,提亮肤色
954,_,不错
954,_,很好
955,_,好
955,_,很不错
955,_,快
955,_,棒棒哒
955,速度,_
956,_,挺好的
956,_,有点假白
956,定妆,不持久
956,颜色,不自然
957,_,好用
957,_,挺不错的
958,_,没有泡沫
958,快递,不咋地
958,速度,慢
959,_,不干燥
959,_,挺香的
959,_,还不错
959,泡面,不是很丰富
960,_,还不错
961,_,很好用
961,物流,很快
962,_,不错的
963,_,挺水嫩的
964,_,不自然
964,_,卡粉
965,_,太贵了点
966,_,太白
966,_,显毛孔
966,浮粉,严重
967,_,很滋润
968,_,很好用
969,_,挺好用的
969,_,非常满意
970,_,可以
971,_,挺好用
971,_,棒棒哒
971,赠品,_
972,_,好用
972,_,实惠
972,_,经济
973,_,便宜
973,_,还不错
973,_,还可以
974,_,不黏腻
974,_,还可以
975,_,不清爽
975,_,很油
976,_,没用
977,_,很舒服
977,_,很薄
977,_,特别好用
978,_,不错
979,_,有点小
980,_,还行
981,_,挺温和
981,_,还可以
982,_,不错
982,_,好用
983,_,不习惯
983,_,好评
983,_,挺好用的
984,_,喜欢
984,_,无异常
984,_,良好
985,_,均匀肤色
985,_,好用
985,_,很好用
986,_,很满意
986,卸妆效果,很好
987,包装,一般
987,盒子,没有
988,_,太划算
988,_,很好用
988,味道,好闻
989,_,很好用
990,_,便宜不少
991,_,如既往的好
992,价格,超值
992,保湿,很好
992,吸收,特别快
992,补水效果,很好
993,_,不刺激
993,_,好用
994,活动,_
995,_,很好用
995,_,很开心
995,_,肤色很好
996,_,满意
996,吸收,好
997,_,还可以
998,_,那么的好
998,发货,及时
999,_,一般
1000,_,好评
1001,_,好用
1001,_,很划算
1002,_,很喜欢
1002,_,很服帖
1002,_,很润
1002,提亮肤色,超强大
1003,_,不是很好用
1004,_,好评
1004,_,很白
1004,_,还不错
1005,_,好用
1005,_,很合适
1005,价格,亲民
1006,_,不错
1006,_,很好用
1007,_,不油腻
1007,_,保湿
1007,_,好很多
1007,_,补水
1008,_,不浪费
1008,_,很好
1008,_,很方便
1008,性价比,高
1009,_,不理想
1010,_,很好用
1010,_,很香
1011,_,亮白
1011,_,保湿
1011,_,滋润
1011,_,非常不错
1012,_,不错
1012,瓶子,挺精致的
1013,_,不错
1013,快递,很快
1014,_,蛮好用的
1014,_,超喜欢
1014,_,超满意
1015,_,很细腻
1015,_,挺好用的
1015,遮瑕效果,挺好
1016,_,不错
1016,_,挺小
1016,_,挺自然的
1017,_,合适
1018,_,很舒服
1019,服务态度,好
1019,物流,快
1020,_,挺划算的
1021,_,好用
1021,_,好评
1022,_,炒鸡合适
1022,_,真给力
1022,活动,_
1023,_,物有所值
1024,_,实惠
1024,_,挺好用的
1024,_,还可以
1025,_,赞
1025,快递员服务,超好
1025,精华,很多
1026,_,挺好用的
1026,提亮效果,好
1027,_,很喜欢
1027,_,无破损
1027,包装,很好
1028,_,很好闻
1028,清香,淡淡的
1029,_,非常不错
1029,_,非常好用
1030,_,不卡粉
1030,_,挺好
1031,活动,便宜
1031,活动,物美价廉
1032,_,么好
1032,_,好失望
1032,保质期,_
1033,_,易摸散
1033,_,超级好用
1034,_,不错
1034,_,挺好用的
1034,_,还不错
1035,_,用
1035,上妆,不自然
1035,上妆,卡粉
1035,味,廉价
1036,_,不错
1036,_,是正品
1037,_,很服帖
1037,_,特别划算
1037,保湿效果,还行
1038,_,很好
1038,快递,好快
1038,精华,很多
1039,_,不错
1040,_,特假
1041,_,很保湿
1041,_,很好用
1041,_,水水的
1042,_,很好用
1042,_,真的
1043,_,很满意
1043,物流,很快
1044,_,正品
1045,_,非常方便
1046,_,不油腻
1046,_,清爽
1047,_,还好
1047,包装,完好
1047,清香味,淡淡的
1048,_,不起脂
1048,_,保湿
1048,_,滋润
1048,_,补水
1048,性价比,很高
1048,送货,超级快
1049,_,不错
1050,_,还好吧
1050,保湿,不是那么好
1051,_,好评
1051,_,挺喜欢的
1051,味道,香香的
1052,_,不紧绷
1052,_,挺温和的
1052,_,挺细腻的
1052,味道,很清新
1052,泡沫,不多
1052,清洁力度,还可以
1053,_,一般般
1053,_,不明显
1054,_,一般般
1054,_,不
1055,_,大爱
1055,_,超赞
1056,优惠活动,太赞了
1057,_,好评
1058,_,挺不错的
1058,物流,很快
1059,发货的速度,是慢
1060,_,不是很滋润
1060,_,太香了
1060,遮暇效果,有点
1061,_,超级好用
1061,补水效果,好
1062,_,很满意
1062,服务态度,很好
1063,_,不掉妆
1063,_,出汗
1064,_,不够服帖
1064,味道,蛮喜欢
1064,提亮的效果,不错
1064,粉质,不够细
1065,_,不刺激
1065,_,不紧绷
1065,_,很舒服
1065,_,挺干净
1065,_,清淡
1065,_,还好
1066,_,还不错
1067,_,不干净
1067,_,很
1067,_,油油
1068,_,非常满意
1069,_,还不错
1070,_,不刺激
1070,_,喜欢
1070,_,挺好用的
1070,_,温和
1071,价格,美丽
1072,_,很不错
1073,_,一般
1074,_,不适合用
1074,_,起痘痘
1074,清洁力,不是太好
1075,_,还行
1075,赠品,很多
1076,_,挺好用的
1077,_,不会很白
1077,_,不好用
1077,_,很硬
1077,_,还行
1078,速度,无敌
1079,_,不理想
1079,_,失望
1079,_,洗不干净
1079,泡沫,不细腻
1080,_,一如既往的好
1081,_,是正品
1081,_,还不错
1082,_,不错
1082,日期,新
1083,_,一般般
1084,物流,很快
1085,_,还不错
1086,_,还可以
1087,_,好
1088,_,还不错
1088,活动,实惠
1089,_,特别容易干
1089,_,特持久
1090,_,特别好
1090,_,特补水
1091,_,太粘稠了
1091,保湿,不错
1091,添加剂,很安全
1091,添加剂,很少
1091,补水,不错
1092,_,一直在
1092,物流,给力
1093,_,不错
1094,_,不会油油的
1094,_,还不错
1094,_,通透
1094,_,遮瑕防晒
1095,_,很好
1095,_,舒服
1095,_,轻薄
1096,_,挺好的
1096,_,提亮肤色
1097,味道,持久
1097,性价比,低
1097,香味,一般
1098,_,不错
1099,_,物廉价美
1100,_,不错
1100,_,很清爽
1100,价格,很划得来
1101,_,很满意
1102,_,过敏了
1103,_,划算
1103,_,很补水
1103,效果,很好
1104,_,非常满意
1105,_,好用的很
1106,控油效果,还可以
1106,香味,太香精了
1107,_,本不是近期
1107,日期,差
1108,_,超级喜欢
1109,_,不过敏
1109,_,挺实惠的
1109,_,舒服
1109,_,非常好
1110,包装,还可以
1111,_,真的好
1112,_,比较温合
1112,_,点赞
1112,新包装,好多了
1113,服务态度,好
1113,物流,好快
1114,_,挺好的
1114,_,挺开心
1114,_,正品
1115,物流,很快
1116,_,实惠
1116,袋子,很漂亮
1117,_,很服帖
1117,_,还不错
1118,_,不错
1118,_,挺细腻的
1119,_,挺好
1119,_,非常好用
1119,香味,淡淡
1120,_,挺喜欢
1120,_,还不错
1120,发货速度,快
1121,_,希望是正品
1121,_,很好
1122,_,还行
1123,_,好评
1123,_,相当不错
1123,物流,给力
1124,_,不卡粉
1124,_,挺好的
1125,_,很湿润
1125,味道,很像
1126,_,好评
1126,_,很喜欢
1126,_,很好
1127,_,很不错
1128,_,挺好用的
1128,_,非常满意
1129,_,有点干吧
1130,_,真心不错
1130,物流,超级快
1131,_,很好用
1131,_,满意
1131,_,还不错
1131,价格,优惠
1132,_,还不错
1132,物流,很快
1133,_,满意
1133,_,轻薄
1133,_,还不错
1133,发货,快
1133,持久效果,那么好
1134,_,棒棒哒
1134,_,轻薄
1134,_,透气
1135,_,不油腻
1135,_,清爽
1135,卸妆效果,还好
1136,_,很好用
1136,物流,很快
1137,_,钟爱
1138,_,很划算
1138,_,很好
1139,提亮肤色,很不错
1139,活动,_
1140,_,不会有紧绷
1140,_,很好用
1140,香味,淡淡的
1141,_,好评
1141,_,很舒服
1141,_,没有一点不舒服
1142,_,还行吧
1143,_,不错
1143,保温效果,好
1143,精华液,挺多的
1144,_,挺好的
1145,外观,还不错
1146,_,不错
1147,_,不错
1147,礼品,_
1148,_,挺环保
1148,_,是正品
1148,_,货
1148,包装,有点不好
1149,物流,很快
1150,_,非常好用
1151,快递,很给力
1152,_,很喜欢
1152,眼光,好
1153,_,快
1154,_,是正品
1155,味道,不喜欢
1155,味道,好大
1155,物流,垃圾
1156,_,非常好用
1156,味道,好闻
1157,_,很好用
1157,遮暇效果,很好
1158,_,很不错
1159,价格,低
1160,_,很好用
1161,_,不好用
1161,_,太干
1162,_,便宜
1162,速度,真快
1163,_,白一大圈
1163,_,黑
1164,_,好评
1165,_,很好
1165,_,物超所值
1166,_,比较实惠
1166,补水效果,挺好
1167,_,还可以
1167,物流,很快
1168,_,假货
1168,_,垃圾
1168,好评,那么好
1169,_,光滑
1169,_,挺好的
1169,_,水润
1170,_,偏干
1170,_,真的别用
1171,价格,很实惠
1171,味道,太刺鼻了
1172,_,不错
1172,_,比较喜欢
1173,_,不错
1173,_,很满意
1174,促销,_
1174,性价比,很高
1175,_,很不错
1176,_,比较喜欢
1177,_,假货
1177,_,过敏
1178,_,不持久
1178,_,还好
1178,包装,不错
1179,_,特划算
1179,保质期,期
1179,日期,新鲜
1180,_,不怎么好用
1180,_,不起沫
1181,_,没有特别便宜
1182,_,不服帖
1182,_,假白
1182,脱妆,严重
1183,_,不油腻
1183,_,很喜欢
1183,_,很干净
1183,_,很清爽
1184,快递速度,真快
1185,_,好评
1185,_,赞
1185,_,超乎意料的好
1186,_,便宜
1186,_,好用
1186,_,好评
1187,_,不开心
1187,_,没
1188,_,不错
1188,_,挺好的
1188,_,是正品
1189,_,可以
1189,_,挺干净的
1190,_,超级喜欢
1191,_,是正品
1192,_,不油腻
1192,_,喜欢
1192,_,挺好的
1192,_,比较细腻
1193,_,很好
1194,_,如既往的好
1194,包装,精致
1194,物流,相当快
1195,_,不干
1195,_,不错
1195,_,白了
1196,_,挺好
1196,_,满意
1197,_,很喜欢
1197,_,非常好
1198,_,挺好的
1199,_,不错
1200,_,很好用
1201,_,很滋润
1201,_,挺不错的
1202,物流,快
1203,_,便宜
1203,_,好用
1203,_,比较喜欢
1203,香味,清淡
1204,_,一如既往的好
1205,_,蛮不错的
1206,_,很不错
1207,_,很满意
1207,_,提亮
1207,_,水润
1207,_,肤色
1207,_,自然
1208,补水效果,很棒
1209,_,不错
1210,_,很水润
1210,_,超值
1210,_,超好用
1211,_,不错
1212,_,不错
1212,_,水润
1212,_,清风
1212,_,透气
1213,_,很好用
1214,_,比较水润
1214,_,还算可以
1214,隔离效果,不是真的很棒
1215,_,不干燥
1215,_,很细腻
1215,_,清爽
1216,_,一如既往地好
1217,_,很油
1217,_,满脸油
1218,_,不少
1218,_,好用
1219,_,不粘腻
1219,_,挺好的
1219,_,滋润
1219,味道,清新
1220,_,很舒服
1220,_,很薄
1220,_,清爽
1220,水分,很多
1221,_,不错
1222,_,还不错
1222,价格,合理
1223,_,好用
1223,物流,很快
1224,_,挺喜欢的
1225,_,很好
1226,提亮,强
1226,遮暇能力,强
1227,_,好快
1227,_,挺好的
1228,_,很好用
1228,_,很实惠
1228,_,臭死了
1228,味道,一点也不好闻
1229,_,挺不错的
1229,保湿效果,挺好的
1229,包装,无损坏
1229,清香味,淡淡的
1230,_,不错
1230,速度,很快
1231,_,有点脏
1231,_,泄露
1232,味道,很好闻
1233,_,很好用
1233,物流,很快
1234,_,很温和
1234,_,很满意
1234,包装,特别再仔细
1234,卸妆,很干净
1234,气味,没有刺鼻的
1235,_,很容易花
1235,_,被骗了
1235,遮暇效果,没有
1236,_,好小
1236,_,宜
1236,_,想象的那么好
1237,_,还不错
1238,_,不算太满意
1238,_,很干
1239,_,不油
1239,_,亲肤
1239,_,好用
1239,上妆效果,_
1239,持久情况,_
1240,_,很好用
1240,_,真
1241,包装,没有破损
1241,物流,超快
1242,_,便宜
1242,_,实惠
1242,_,非常好用
1243,_,可以
1243,_,挺白的
1244,_,很好
1245,_,很喜欢
1245,_,很赞
1246,_,好用
1247,_,嫩嫩的
1247,_,很好用
1247,_,水水的
1248,保湿效果,很好
1249,_,好多
1249,包装,_
1250,_,很喜欢
1250,_,很好用
1250,味道,很好闻
1251,_,红
1251,_,还好
1252,香味,挺重的
1253,_,很轻薄
1253,_,挺好用
1254,_,不会干
1254,价格,实惠
1254,间,较长
1255,_,不错的
1256,_,真不错
1256,乳液,挺多的
1257,活动,_
1257,精华液,很多
1257,补水效果,不错
1258,_,好评
1259,_,不刺皮肤
1259,_,喜欢
1259,_,擦的干净
1260,_,不油腻
1260,_,大爱
1260,_,很清爽
1260,_,非常好用
1261,_,快
1262,_,很好用
1263,_,保湿
1263,_,很不错
1263,味道,很好闻
1264,_,很好
1264,物流,很快
1265,_,还不错
1266,_,很油
1267,_,很好
1267,_,非常好
1268,_,挺好的
1269,_,差太多了
1269,香味,很浓
1270,_,一如既往的好
1271,_,很实惠
1271,_,还可以
1272,补水效果,很好
1273,_,不卡粉
1273,_,不干
1273,_,好用
1273,_,棒棒哒
1273,滋润度,非常好
1274,_,挺好的
1275,_,还不错
1276,_,很好
1276,_,湿润
1276,_,自然
1277,_,好
1277,_,非常喜欢
1277,_,非常满意
1278,_,喜欢
1278,_,很不错
1278,活动,很合适
1279,补水效果,非常好
1280,_,挺满意的
1281,_,好
1282,_,不紧绷
1282,_,洗不掉
1283,_,小了一点
1283,_,很好用
1283,_,很香
1283,_,掉色了
1284,_,真心不错的
1285,_,还不错
1286,_,很不错
1287,_,还可以
1288,_,还不错
1289,_,很不错
1289,_,非常满意
1289,保湿效果,很好
1290,_,便宜
1290,_,好评
1290,价格,实惠
1290,活动,_
1291,上妆,很不错
1291,味道,太香了
1292,_,比较方便
1292,_,还行
1293,_,有点刺激
1293,_,还好
1294,_,好
1294,_,是正品
1295,_,非常好用
1296,_,是真品
1296,_,过敏
1297,_,很好
1297,味道,挺好闻的
1298,_,好评
1298,_,还不错
1298,价格,很划算
1299,_,不错
1300,_,好
1300,_,好评
1300,_,就
1301,_,不好用
1301,_,最差的
1302,_,不释手
1302,香味,喜欢
1302,香味,淡淡的
1303,_,还可以
1304,保湿效果,特好
1304,遮瑕效果,不错
1305,_,很好用
1306,价格,挺便宜的
1307,_,还不错
1308,_,不错
1309,_,不真实
1309,活动,_
1310,_,很放心
1310,_,货真价实
1311,_,不错
1311,价格,超实惠
1312,_,不干燥
1312,_,便宜
1312,_,好用
1312,_,比较敷贴皮肤
1312,_,比较水润
1312,活动力度,比较大
1313,_,还好
1313,送货速度,快
1314,_,非常好
1315,包装,无破损
1315,物流,很快
1317,_,很香
1318,_,很不错
1319,_,挺好
1320,补水效果,非常不错
1321,_,喜欢
1321,味道,很好闻
1322,_,不错
1323,_,不错
1323,美白效果,不是很好
1324,_,可以
1325,_,还不错
1326,_,非常不满意
1327,_,没有不舒服
1328,_,还不错
1329,_,不错好用
1329,快递,给力
1330,_,便宜
1330,_,很不错
1330,赠品,很多
1331,_,很好
1332,_,不错
1332,_,很不错
1332,_,棒棒哒
1333,味道,有点怪
1334,_,喜欢
1334,_,还不错
1334,物流,快
1335,_,还不错
1336,_,很实惠
1337,包装,完好
1337,日期,比较新
1338,_,不错
1338,服务,很不错
1339,_,便宜
1339,_,划算
1339,_,非常好
1340,_,很喜欢
1341,_,不错
1342,_,不油腻
1342,_,好推开
1342,_,非常好用
1343,_,不浮粉
1343,_,很好用
1344,快递,超快
1345,_,好评
1345,包装,蛮好的
1346,_,好用
1346,_,很服帖
1346,_,真心的
1346,送货,快
1347,_,喜欢
1347,_,太给力了
1347,_,特别好闻
1348,包装,好差劲
1349,_,很好用
1349,_,提亮肤色
1349,_,易推开
1350,_,好
1350,_,非常干净
1351,_,很滋润
1352,_,不错
1352,价格,合理
1353,_,不好用
1353,_,非常卡粉
1354,赠品,挺多的
1355,_,不错
1355,_,特别便宜
1355,_,确实好用
1356,_,挺好的
1357,_,不错
1357,_,以
1357,_,很舒服
1357,_,白
1357,_,美白
1358,_,很滋润
1358,_,很自然
1359,_,很喜欢
1360,_,特别好用
1361,_,很好
1361,_,很好用
1362,_,不干
1362,_,太干了
1362,_,很润
1362,_,能吸收
1362,物流,很快
1362,盒子,有点脏
1363,_,很自然
1363,_,是正品
1364,_,正品
1365,_,不错
1365,_,是正品
1365,_,水润
1365,_,清凉
1366,_,会
1366,_,卡粉
1367,_,好用
1367,_,实惠
1367,_,服帖
1367,_,自然
1368,_,很优惠
1368,_,很好
1368,价格,很美丽
1369,_,可以
1370,_,优惠多多
1370,_,非常满意
1371,_,很好用
1372,_,好用
1372,_,意
1372,_,非常满意
1373,补水效果,特别好
1374,_,不错
1374,_,好
1375,_,很喜欢
1375,_,满意
1376,_,很好用
1376,_,很实惠
1376,精华液,很多
1377,_,不油腻
1377,_,清爽
1377,遮瑕效果,不理想
1378,_,很喜欢
1378,_,还不错
1379,_,不厚重
1379,_,特别好用
1379,_,特别滋润
1379,_,美白的效果
1379,_,香香的
1380,_,比较好用
1381,_,不油腻
1381,_,不错
1381,_,嫩嫩的
1381,_,挺补水的
1381,_,滑滑的
1382,_,不错
1382,_,好用
1382,_,超补水
1383,_,喜欢
1383,_,大爱
1383,价格,合适
1383,价格,水份多
1384,粉质,很细腻
1385,_,不会感觉紧绷
1385,_,不会油油的
1386,包装,不错
1386,香味,不是那么冲
1386,香味,可清新
1387,_,很好
1388,_,很好用
1389,_,差不多
1390,_,不错
1390,送货,及时
1391,客服态度,很好
1391,快递,很快
1392,_,不错
1392,包装,挺好的
1392,物流,很快
1393,_,挺好用的
1393,_,知道是不是正品
1394,_,差评
1394,_,没有
1395,_,不油腻
1395,_,轻薄
1395,_,还可以
1395,遮瑕效果,不是特别好
1396,_,喜欢
1396,_,好不错
1396,价格,优
1397,包装,没有
1397,真假,很难说
1398,_,好用
1398,价格,低
1399,_,不干
1399,_,很好用
1399,_,提亮肤色
1400,_,很喜欢
1401,_,不油腻
1401,_,清爽
1402,_,可以的
1403,价格,还不错
1404,_,太黏了
1404,_,没有那么好
1404,吸收,不好
1405,_,保湿
1405,_,很水润
1405,快递,很快
1405,活动,_
1406,活动,超级划算
1407,_,好用
1408,_,很好用
1408,_,水水的
1409,_,不错
1409,_,还不错
1409,包装,好看
1410,_,好评一下
1410,发货,快
1410,送货,方便
1411,_,还不错
1412,_,的
1412,包装,太旧了
1413,_,物美价廉
1413,_,非常好
1413,服务,很好
1413,配送速度,特别快
1414,_,不咋地
1414,_,不行
1415,_,不好闻
1415,_,太腻了
1415,_,难受
1416,_,不油腻
1416,_,好用
1416,价格,实惠
1417,_,好评
1417,_,是正品
1417,吸收,还不错
1417,激素,没有
1418,_,不卡
1418,_,还不错
1418,价格,实惠
1419,_,多
1419,快递,快
1420,_,还不错
1421,_,挺喜欢的
1421,_,超爽
1422,_,淡淡的香味
1422,泡沫,丰富
1423,包装,完好
1423,物流,很快
1424,_,白了一度
1424,快递小哥,_
1425,_,很保湿
1425,_,很喜欢
1425,_,很好
1426,_,不错
1426,送货速度,很快
1427,_,不卡粉
1427,_,很不错
1427,_,提亮肤色
1428,包装,非常精美
1429,_,不错
1430,_,很足
1430,_,水水的
1430,_,量
1430,精华液,很多
1431,_,挺好用
1431,价格,美丽
1432,_,很好
1433,_,不会假白
1433,_,喜欢
1433,_,很好
1433,_,得
1433,_,肤色
1434,_,一如既往
1434,_,很好
1435,_,还行
1436,_,很容易吸收
1436,_,水嫩水嫩的
1436,吸收,挺好
1437,_,不刺激
1437,_,很不错
1437,效果,不错
1438,_,很舒适
1438,_,非常细腻
1439,_,不卡粉
1439,_,好用
1440,_,还行
1441,_,有点卡
1441,_,还可以
1442,_,不补水
1442,_,差
1443,_,不错
1443,_,刚刚的
1444,_,很温和
1444,快递运输,有折痕
1444,起泡,不是很多
1445,_,好
1445,_,快
1445,_,给力
1445,赠品,_
1446,_,不多
1446,_,好评
1446,_,很好用
1446,_,很显白
1446,_,特别好推开
1446,送货,很快
1447,_,不好推开
1447,_,特别拔干
1448,价格,便宜多了
1449,_,还不错
1450,_,很小
1451,物流,很给力的
1452,_,很自然
1453,_,非常好用
1453,持久度,好
1454,_,不错
1455,_,快捷
1455,_,挺好的
1455,_,方便
1455,物流,快
1456,_,不错
1456,_,挺好用的
1457,_,没多大变
1458,_,不错的
1458,包装,_
1459,_,还行
1460,_,不错
1460,味道,一样
1461,_,非常好用
1462,_,挺好用的
1463,_,很好
1464,_,一般
1464,清洁能力,_
1465,_,是正品
1466,_,很喜欢
1466,礼物,_
1467,_,挺好用的
1468,_,五星
1468,_,好评
1469,_,还不错
1469,味道,挺舒服的
1470,_,特别好用
1471,_,值了
1471,_,真的好
1472,_,很相近
1472,_,易操作
1472,_,简单
1473,_,挺好的
1473,_,薄薄的
1474,_,很好
1474,_,很满意
1475,_,可以
1475,_,还可以
1475,赠品,_
1476,_,很划算
1476,味道,好闻
1477,效果,不错
1478,_,不紧绷
1478,_,挺舒服
1479,_,还行
1479,价格,太快
1480,_,不刺激
1480,_,很好用
1480,_,温和
1480,卸妆,很干净
1481,_,不错
1482,_,有点干
1482,_,还可以
1483,_,不粘腻
1483,_,挺好用的
1483,_,清爽
1484,_,挺好的
1484,价格,便宜
1485,_,挺好的
1485,快递小哥态度,很好
1485,物流,很快
1486,_,特别好用
1487,_,如既往的好
1488,_,很好
1488,服务,特好
1489,_,很满意
1489,_,是正品
1489,活动,很划算
1490,_,不开心
1490,_,超好用
1491,_,好用
1491,_,实惠
1492,_,不错
1492,_,很水润
1493,_,挺不错的
1494,_,不错
1494,_,很划算
1494,_,挺好用的
1495,_,是正品
1495,到货,很快
1496,_,好评
1496,_,很
1497,_,挺好
1498,_,不错
1498,量,太少了
1499,_,很方便
1499,_,挺好用的
1500,_,挺好用的
1500,_,挺滋润的
1500,快递小哥服务态度,没得说
1501,_,还不错
1502,_,不错
1502,_,很喜欢
1503,_,很好用
1504,_,非常好
1505,价格,合理
1505,快递,给力
1505,补水效果,不错
1506,_,很满意
1506,优惠力度,很大
1506,快递,超快
1507,_,物有所值
1507,价格,有点小贵
1508,清洁,不怎么样
1508,补水,很好用
1509,_,很好用
1509,价格,不会很贵
1510,保湿,一般
1511,价格,实惠
1511,优惠活动,_
1512,保湿效果,好
1512,发货速度,超快
1513,_,能遮瑕
1513,_,还不错
1514,_,超级划算
1514,活动,_
1515,味道,很好闻
1516,_,干爽
1516,_,舒服
1516,清洁能力,_
1517,_,不油腻
1517,_,好用
1517,_,很自然
1517,_,服帖
1518,_,好评
1518,_,很好
1518,_,挺好用的
1518,味道,挺好闻
1518,清洁能力,_
1519,_,不喜欢
1519,_,很紧绷
1519,味道,不好
1520,_,非常好
1521,_,很细腻
1521,_,很自然
1521,_,挺不错的
1522,_,不错
1522,_,光泽
1522,_,很好用
1522,_,水嫩
1522,_,超值
1522,活动,_
1523,_,挺好
1523,_,是正品
1524,_,不错
1524,活动,_
1525,_,好用
1526,_,很好用
1526,价格,便宜
1526,活动,_
1527,_,不错
1528,_,很喜欢
1528,_,非常不错
1529,_,不错
1529,_,很好
1529,物流,给了
1530,_,不行
1530,_,太白了
1530,_,很少
1531,_,挺好的
1531,精华液,很多
1532,_,还可以
1533,包装,完好
1534,_,不错
1534,_,很喜欢
1535,成分,安全
1535,补湿效果,还可以
1536,_,不紧绷
1536,_,非常好用
1537,_,很滋润
1537,_,很自然
1537,_,挺满意的
1538,快递师傅,很耐心
1538,送货,很快
1539,味道,不错
1539,味道,很好闻
1540,_,不错
1540,_,给力
1541,_,伪劣品
1542,_,快
1542,_,真
1543,_,不错
1543,价格,很实惠
1544,_,还可以
1545,_,物美价廉
1546,_,不错
1546,_,物美价廉
1547,物流,很快
1548,_,好用
1548,_,挺好用的
1549,_,不错
1549,_,超级划算
1550,_,不但
1550,_,提亮肤色
1550,_,服帖
1550,_,非常好用
1551,_,不错
1552,_,不错
1553,_,挺好的
1554,_,不错
1555,_,还可以
1556,_,便宜
1556,_,还可以
1557,_,温和
1558,_,好评
1558,_,很保湿
1558,_,还不错
1558,价格,很实惠
1559,_,好用
1559,_,很喜欢
1560,_,不错
1561,_,非常好
1562,_,放心
1562,配送速度,很快
1563,_,还不错
1564,_,不错
1564,_,好使
1564,_,挺好
1565,_,不油腻
1565,_,喜欢
1565,_,很好上妆
1566,服务,好
1566,送货,快
1566,颜值,不错
1567,_,挺好用的
1568,_,好开心
1568,_,好评
1569,物流,快
1570,_,不错
1570,_,很值
1570,味道,不是很喜欢
1571,_,挺不错的
1572,_,特别好
1573,_,辣眼睛
1574,_,很满意
1574,快递小哥速度,杠杠滴
1574,态度,不错
1575,_,挺补水
1576,_,是真的
1577,_,很不错
1578,_,是正品
1578,_,还可以
1578,赠品,很多
1579,_,很懒
1579,_,还不错
1580,_,保湿
1580,_,补水
1581,_,物超所值
1581,_,非常好
1582,_,快捷
1582,_,方便
1582,_,还不错
1583,_,不容易脱妆
1583,_,有很明显效果
1583,_,非常不错
1584,_,很实惠
1584,_,挺划算的
1585,_,不油腻
1585,_,不错
1585,_,很清爽
1585,_,挺好的
1585,_,比较水润
1586,_,非常好用
1587,_,嫩嫩的
1587,_,非常棒
1588,_,白皙一些
1588,气味,很好闻
1589,_,有点干
1589,_,还可以
1590,_,不厚重
1590,_,很喜欢
1590,_,淡淡的
1590,价格,不贵
1590,味道,很淡
1591,_,一般
1591,保持时间,比较短
1591,保湿,没有浮粉
1591,保湿,还行
1592,_,满意
1592,卸妆,挺干净的
1593,_,还可以
1594,_,很划算
1594,_,补水
1595,_,挺多的
1596,_,便宜
1596,_,挺好的
1597,_,有点小失望
1597,精华液,_
1598,_,很温和
1598,价格,美丽
1599,_,还行吧
1599,价格,差不多
1600,价格,便宜
1600,性价比,一般
1601,_,不错
1601,_,有一点脱落
1601,_,自然
1601,遮瑕效果,不错
1602,价格,便宜
1602,送货物流,快
1603,_,遮瑕
1603,_,非常好
1603,_,非常滋润
1603,香味,淡淡的
1604,_,不卡粉
1604,_,特别服帖
1604,_,非常好用
1604,提亮效果明显,_
1605,_,还行
1605,香味,淡
1606,快递,很快
1607,_,层小痘痘
1607,_,起
1608,_,比较稀
1608,_,滋润
1609,_,很好用
1609,_,很滋润
1610,_,瘦
1610,_,软趴趴的
1610,_,长
1610,设计,有问题
1611,_,还不错
1611,水,挺多
1612,_,挺喜欢
1613,_,真心不错
1614,_,好可爱
1614,_,服帖
1614,_,滋润
1615,_,非常的不错
1615,清香,淡淡的
1616,隔离效果,很水润
1616,隔离效果,特别高
1617,_,不错
1618,_,很不错
1618,出水口设计,很棒
1618,量,很足
1619,_,体贴入微
1619,_,很好
1619,商家,很热心
1620,_,好小
1620,_,还可以
1621,_,喜欢
1621,_,超级划算
1621,颜色,很自然
1622,_,很持久
1622,_,挺舒服
1623,_,还不错的
1624,_,好
1624,_,很精致
1624,_,高大上
1625,_,很好用
1626,_,一般般
1626,清洁能力,_
1627,_,很好
1627,_,物有所值
1628,_,假的
1628,_,是不是
1628,_,那么轻
1629,_,好用
1629,包装,升级
1629,物流配送服务,非常好
1630,_,棒棒哒
1630,_,物超所值
1631,_,很喜欢
1631,_,很好用
1632,_,挺好用的
1633,_,好用
1633,活动价,很合适
1633,物流,一天
1634,颜色,不喜欢
1635,_,很好
1635,_,非常喜欢
1635,性价比,高
1636,_,好用
1636,_,滑滑的
1637,_,信得过
1637,物流,超快
1638,_,不错
1638,_,很满意
1638,_,非常好
1638,物流,很快
1639,_,非常喜欢
1640,_,很便宜
1640,_,很划算
1641,_,好用
1642,_,级
1642,_,补水
1642,_,超级棒
1643,_,不卡粉
1643,_,好用
1643,_,自然
1644,包装,好
1644,物流,快
1645,_,不觉得干
1645,_,很容易划开
1645,颜色,很好
1646,物流,挺快的
1647,_,划算
1648,_,不错
1648,_,挺好用的
1649,_,不卡粉
1649,_,很适合
1650,_,很喜欢
1650,_,非常好
1650,香,淡淡的
1651,_,好用
1651,味道,特别喜欢
1652,_,很好用
1652,_,很满意
1652,价格,超级优惠
1652,性价比,很高
1653,_,很温和
1654,_,很好用
1655,_,不错
1655,_,很不错
1655,_,很好用
1655,_,皮肤很亮
1656,_,真的不错
1657,_,便宜
1657,_,好用
1658,_,还行
1659,_,还可以
1659,价格,很实惠
1660,不补水效果,很棒
1661,_,不错
1661,_,相当不错
1661,价格,便宜
1662,_,太假面了
1662,_,好白
1662,_,管
1662,_,闷
1663,_,很棒
1663,_,绝对好用
1664,_,不错
1664,味道,很好闻
1665,保湿,不错
1666,_,有点少
1666,价格,实惠
1667,_,不紧绷
1667,_,不错的
1667,_,很舒服
1668,快递,很给力
1668,气味,很香
1669,_,不油腻
1669,_,不错
1669,_,润润的
1670,_,不卡粉
1670,_,还不错
1670,遮瑕效果,行
1671,_,不怎么样
1671,_,不怎么白
1671,_,有点掉妆
1672,_,不好用
1672,_,刺鼻
1672,酒精味道,特别大
1673,补水效果,很好
1674,_,有点用
1675,_,不错
1675,_,物美价廉
1675,服务,好
1675,物流,快
1675,质,很好
1676,_,好用
1676,性价比,高
1676,活动,很便宜
1677,_,不错
1677,盒子,挺漂亮
1678,_,物美价廉
1678,_,真心好物
1679,_,有点掉毛
1679,优惠活动价格,不错
1680,_,友好
1680,_,很滋润
1680,_,没有什么损坏
1680,_,轻微泛白
1680,包装,不错
1680,发货,很快
1680,成膜速度,一般
1681,_,比较补水
1681,活动,_
1682,补水效果,很好
1683,_,分量足
1683,_,很好用
1683,_,还不错
1684,_,特别满意
1685,_,很好
1685,_,很满意
1685,_,很细腻
1686,_,这么好用
1687,_,挺好的
1687,_,新
1688,_,很好用
1688,_,放心
1689,补水,不错
1690,_,还不错
1691,客服,_
1692,包装,不错
1692,评,_
1693,_,压扁了
1693,_,被
1693,速度,没的说
1694,_,服帖
1694,_,自然
1694,活动,_
1695,_,好评
1695,_,挺好用的
1695,物流,很快的
1696,_,好用
1696,_,平价
1696,补水效果,可以
1697,_,没的说
1697,_,没问题
1698,_,不错
1698,_,很自然
1699,_,挺喜欢
1700,_,不贵
1701,补水,棒棒的
1702,_,不错
1702,_,保湿
1702,_,很好
1702,_,非常补水
1703,_,很光滑
1703,_,很好
1703,价格,实惠
1704,_,很好
1705,_,物有所值
1705,活动,_
1706,_,大赞
1706,快递,好棒
1707,_,很不错
1707,快递,很给力
1708,_,挺好用的
1708,_,还不错
1709,_,不好用
1709,_,涂不开
1710,_,还可以
1710,包装,很好
1710,快递哥,很给力
1711,_,不紧绷
1711,_,很好用
1711,_,很干净
1712,到货,很快
1713,_,不刺激
1713,_,好用
1713,_,温和
1713,卸妆,干净
1714,_,很喜欢
1715,_,好用
1715,_,超级好用
1716,_,好
1717,快递小哥送,很准时
1718,_,超级好用
1719,_,好评
1720,_,不干
1720,_,很好用
1720,_,很自然
1720,_,美白的效果
1721,_,很实惠
1722,_,不错
1722,_,很满意
1723,_,很值
1723,_,很自然
1724,价格幅度,大
1724,服务,不咋滴
1725,_,好用
1725,_,好评
1726,_,不错
1726,服务态度,很好
1726,物流,快
1727,_,好用
1727,清洁能力,_
1728,_,很不错
1729,_,还不错
1730,价格,很奈斯了
1731,_,很多水
1731,_,很补水
1731,精华,超级多
1732,_,不错
1733,_,很不错
1734,物流,很快
1735,_,好迷你
1736,_,很喜欢
1736,_,很好
1736,_,赞一个
1736,价格,实惠
1736,物流速度,很快
1737,快递,太快了
1738,_,非常光滑
1738,_,非常好
1739,_,无刺激
1739,_,超赞
1739,_,还不错
1739,补水效果,很好
1740,_,不错
1740,价格,合适
1740,物流,快
1741,_,还可以
1741,_,遮暇
1742,_,好
1742,_,美美哒
1743,_,特别好用
1743,隔离,不会差
1744,_,挺好
1744,_,比较干净
1744,温和度,比较好
1745,_,很好
1745,_,很满意
1746,_,喜欢
1746,_,很好用
1746,卸妆,不紧绷
1746,卸妆,干净
1747,_,很显白
1747,_,还挺好
1748,_,不紧绷
1748,_,还不错
1749,_,卡脸
1749,_,扑
1750,收纳,方便
1750,盒子,挺好
1751,_,挺好用的
1751,_,比较细腻
1751,味道,很好闻
1752,_,便宜
1753,_,挺好的
1754,_,不太喜欢
1754,_,不怎么样
1755,_,很好用
1756,_,好舒服
1756,_,很喜欢
1757,保湿,还可以
1758,日期,太旧了
1758,调子,高的很
1759,_,不错
1759,_,好评
1759,_,很好
1759,_,很舒服
1760,_,很细润
1761,遮红,挺好
1761,遮红,挺自然
1762,_,太干了
1762,_,很香
1763,_,不油腻
1763,_,还不错
1764,_,不错
1764,_,很不错
1764,_,还可以
1765,_,挺好的
1765,日期,太靠前
1766,_,很喜欢
1766,物流,给力
1767,_,便宜
1767,_,还好吧
1767,物流,贼快
1768,包装,很可爱
1769,价格,合理
1769,赠品,_
1769,送货速度,很快
1770,_,很好
1770,_,很快
1771,_,太稀了
1771,清洁能力,一般
1772,_,很薄
1772,_,物美价廉
1772,_,非常满意
1772,大小,刚好
1772,补水效果,很好
1773,_,挺好使的
1773,泡沫,很多
1774,_,太不负责
1774,_,过敏了
1774,_,还行
1775,补水效果,很好
1776,_,不油腻
1776,_,挺好的
1776,成膜,快
1776,防晒效果,_
1777,_,不错
1777,_,实
1777,_,很实惠
1777,包装,很完美
1778,_,好评
1778,包装,严实
1778,包装,非常仔细
1778,发货速度,非常快
1779,_,很好
1780,_,特别喜欢
1781,_,不硬
1781,_,很
1781,_,很柔滑
1781,_,很舒服
1781,_,没有刺痛
1782,_,有点小贵
1782,送货速度,很快
1783,_,不错
1783,_,很喜欢
1784,_,很划算
1784,_,很好用
1784,_,棒棒的
1784,_,遮暇
1784,优惠活动,_
1784,送货速度,很快
1785,快递员服务,很好
1786,_,很补水
1786,_,挺好用的
1786,精华液,很多
1787,_,不错
1787,物流,快
1788,_,不刺激
1788,_,喜欢
1788,_,很好
1788,_,没有过敏现
1788,_,特别舒服
1788,_,超级喜欢
1789,包装,可以
1790,_,比较水润
1790,调整肤色,比较自然
1791,_,蛮喜欢的
1791,日期,到
1792,物流,很快
1793,_,便宜
1794,_,好痒
1794,_,过敏
1795,_,很好
1795,_,是正品
1796,_,保湿
1796,_,美白
1796,_,补水
1796,快递小哥服务态度,很快
1797,_,挺好用的
1798,_,非常不错
1799,_,水水嫩嫩
1799,特价,_
1799,赠,_
1800,_,太赞了
1800,优惠券,_
1800,满减活动,_
1800,红包,_
1801,_,很好用
1801,_,很水润
1801,_,挺薄的
1802,_,不错
1802,赠品,_
1803,_,点点
1804,_,不错
1804,_,是正品
1804,物流,快
1805,_,挺好用的
1805,水口,太大
1806,_,是正品
1806,抗震,挺好
1807,_,不错
1808,_,是正品
1809,_,不油腻
1809,_,不紧绷
1809,_,喜欢
1809,_,很好用
1809,_,滋润
1810,_,喜欢
1810,_,很自然
1810,_,挺好用的
1811,_,不错
1811,_,湿湿的
1812,_,好评
1812,_,很好用
1812,特价,_
1813,_,好评
1813,_,很喜欢
1814,_,很自然
1814,_,非常不错
1814,香味,淡淡的
1815,_,喜欢
1815,_,比较水润
1815,_,特别实惠
1816,_,挺好用的
1816,_,比较完美
1816,赠品,_
1816,隔离效果,超级棒
1817,_,不错
1817,颜色,很正
1818,_,不错
1818,_,好
1818,发货,快
1819,_,划算
1819,_,好用
1819,_,贴肤
1820,_,不错
1820,_,很好
1820,_,满意
1820,客服态度,很好
1821,_,一点效果都
1821,_,没有
1822,_,还可以
1822,量,太少了
1823,_,太简陋了
1824,_,太差了
1824,_,差
1824,_,评
1825,_,特别好用
1825,发货,特别快
1825,礼物,_
1826,_,挺干净的
1827,_,还不错
1828,_,非常好用
1829,_,不错
1829,_,个
1829,_,赞
1830,_,不怎么好用
1831,活动,_
1832,_,还不错
1833,_,不紧绷
1833,_,很柔和
1833,_,挺好用
1834,补水效果,不错
1835,_,不错
1835,_,物美价廉
1836,_,忽悠人
1837,_,很贴心
1837,_,真的不错
1837,小礼品,很多
1838,_,不干
1838,_,很润
1838,_,挺好的
1838,保湿,很好
1839,_,很保湿
1839,_,很好
1840,_,还不错
1841,_,很合适
1842,速度,很快
1843,_,还不错
1843,精华,挺多的
1844,_,不错
1845,_,挺好用的
1846,_,不能好评
1846,卸妆效果,差
1847,_,不好
1848,_,不错
1849,_,挺好用的
1849,_,正品
1850,优惠,_
1850,物流速度,很快
1851,_,不错
1852,粉质,很重
1852,粉质,比较淡
1853,_,不油腻
1853,_,挺清爽的
1854,_,好划算
1854,活动,_
1855,美白效果,是有的
1856,上色,不够好
1857,_,不错
1857,_,好评
1858,_,很好用
1858,_,是正品
1859,_,不错
1859,_,很好用
1859,快递小哥,这么给力
1860,_,滑滑的
1860,_,舒服
1860,卸妆,很干净
1861,物流,很快
1862,_,很好
1862,物流,超快
1863,_,还不错
1864,_,挺清爽的
1864,_,满意
1864,清洁,可以
1865,_,挺好的
1865,赠品,_
1866,_,很不错
1866,_,有增白效果
1867,_,不紧绷
1867,_,不错
1867,_,干净
1867,_,挺好用的
1868,_,很好
1868,价格,优惠
1868,送货,快
1869,_,很适合
1869,_,有点油
1871,遮瑕,不是很好
1872,_,好用
1873,_,非常满意
1874,_,很划算
1874,活动,_
1875,脱妆,太严重
1876,_,嫩嫩的
1876,_,很好用
1877,_,很好
1877,_,很快
1878,粉质,服帖
1878,粉质,细腻
1879,_,水水的
1879,_,滑滑的
1879,补水效果,可以的
1880,_,挺好用的
1881,_,很实惠
1881,_,很满意
1881,速度,超快
1882,_,不错
1883,_,很喜欢
1883,_,赞一下
1884,_,不干
1884,_,不过敏
1884,_,很细腻
1884,_,很自然
1884,_,真的不错
1885,_,特别好用
1885,发货,特别快
1885,礼物,_
1886,_,不错
1887,_,欢
1888,_,还不错
1889,活动价格,还不错
1890,_,还不错
1891,_,好用
1892,_,不油腻
1892,_,清爽
1892,包装,很好看
1892,吸收,很快
1892,美白,_
1893,_,补水
1893,_,非常好
1893,_,非常棒
1894,_,很好
1895,_,不紧绷
1896,服务态度,一点也不好
1897,_,好喜欢
1897,物流,好给力
1898,_,不错
1899,_,实惠
1899,_,还可以
1900,_,挺不错的
1901,_,不错
1901,味道,挺好闻的
1901,速度,太快了
1902,_,还可以
1903,包装,很好
1903,泡沫,柔软
1903,泡沫,细腻
1904,_,喜欢
1904,妆感,非常好
1905,_,不紧绷
1905,_,好用
1906,_,比较放心
1906,活动,更划算
1907,_,比较滋润
1907,_,没有干燥
1907,_,起皮
1908,_,不错
1908,颜色,比较自然
1909,_,不油腻
1909,_,好评
1909,补水效果,好
1910,_,挺好的
1911,包装,没有损坏
1911,箱,_
1912,_,喜欢
1912,_,很润
1912,_,很自然
1912,_,非常不错
1912,颜色,不是特别的白
1913,_,不错
1913,_,挺好闻
1913,味道,淡淡的
1914,_,不错
1914,_,很喜欢
1915,_,不错
1915,_,非常容易上装
1916,送货速度,很快
1917,_,不好用
1918,_,喜欢
1918,_,很服帖
1918,精华,不粘
1918,精华,清爽
1919,_,不错
1919,_,物美价廉
1919,赠品,_
1920,_,不错
1921,_,很满意
1922,保装盒,有
1923,_,挺水润的
1924,_,不过敏
1924,_,好用
1925,_,常
1925,_,很舒服
1925,_,欢
1925,价格,非常实惠
1926,_,还可以
1927,_,很好
1927,_,点赞
1927,价格,非常实惠
1927,服务,非常热情
1928,_,一
1928,_,不好用
1929,_,不油腻
1929,_,很喜欢
1929,_,清爽
1930,_,挺好的
1931,_,五星好评
1931,_,物美价廉
1931,_,货真价实
1932,_,还可以
1932,补水,还行
1933,_,值得信赖
1933,_,很舒服
1933,_,赞赞
1933,_,超级划算
1934,_,一般
1934,精华,太少
1935,_,还不错
1935,_,还行
1936,_,不不错
1937,_,很不错
1938,_,不绷紧
1938,_,很喜欢
1938,_,温和
1938,_,超棒
1938,_,非常合适
1939,_,不错
1940,_,润润的
1940,_,非常合算
1940,精华,_
1941,活动,_
1942,_,好评
1942,_,非常好
1943,_,是正品
1943,包装,完好
1944,_,喜欢
1944,_,柔和
1944,_,细腻
1944,_,美好
1944,_,非常好用
1945,_,气愤
1945,_,红肿
1946,_,很划算
1946,_,很舒服
1947,_,一般般
1947,_,不服帖
1947,_,很干
1947,_,抹不开
1948,_,不错
1948,_,有遮瑕效果
1948,包装,精美
1948,日期,新鲜
1949,_,很水嫩
1949,_,还行
1949,保湿效果,不错
1950,_,有
1950,_,轻微紧绷感
1950,泡沫,丰富
1951,_,还不错
1951,价格,实惠
1952,赠品,_
1953,_,很喜欢
1953,_,挺水润的
1954,_,不过敏
1954,_,很好用
1955,_,不过敏
1955,_,很好
1955,_,是正品
1956,增白效果,不油腻
1956,增白效果,有点
1956,香味,淡淡的
1956,香味,蛮好
1957,_,很满意
1957,保湿效果,不错
1957,发货速度,快
1957,服务态度,很好
1958,_,不过敏
1958,_,保湿
1958,_,滋润
1958,_,非常好用
1959,包装盒,坏
1959,快递盒,烂
1959,物流,一般
1960,包装,很好
1960,快递,挺快的
1960,快递员服务,好
1960,遮瑕效果,不很好
1961,_,好评
1962,_,不错
1962,_,很实惠
1962,赠品,好用
1963,_,还不错
1964,_,稍许破
1964,包装,有点简陋
1964,快递,是真快
1965,_,非常满意
1966,_,比较方便
1967,_,不太好用
1967,_,太干
1968,_,不显假
1968,_,挺好的
1968,_,自然
1969,_,很好用
1969,优惠力度,很高
1970,物流,好快
1971,_,蛮清爽的
1972,_,很刺眼
1973,_,不会起皮
1973,_,很不
1973,_,很明显
1973,_,很清新
1973,_,很自然
1973,_,果
1973,味道,很不错的
1974,_,好用
1975,_,不错
1976,_,有点点白
1976,味道,还行
1977,发货速度,很快
1978,_,不错
1978,_,很实惠
1978,活动,_
1978,赠品,_
1979,_,很不错
1979,_,很满意
1979,味道,不大喜欢
1980,_,好评
1980,_,挺好用的
1980,_,比较服帖
1980,_,自然
1980,速度,很快
1981,_,好评
1981,_,还可以
1981,价格,优惠
1982,_,是正品
1983,_,挺补水的
1983,_,超划算
1984,_,挺好的
1984,肤色,提亮
1984,赠品,多
1984,遮瑕效果,不错
1985,_,很均匀
1985,_,挺好用的
1985,_,清香
1985,_,还不错
1985,活动,_
1986,_,很滑
1987,_,挺好的
1988,_,非常好用
1988,价格,不贵
1989,_,很好用
1990,_,好用
1991,_,不脱妆
1991,_,提亮
1991,性价比,高
1992,_,很适合
1993,_,不持久
1993,_,没有那么好
1993,味道,淡淡的
1993,味道,还行
1994,_,不干
1994,_,很滋润
1994,_,遮瑕
1995,_,不刺激
1995,_,凉凉的
1995,_,特别喜欢
1995,_,特别舒服
1996,_,很棒
1996,_,是正品
1996,味道,淡淡的
1996,小礼品,多
1997,_,好
1998,_,好实惠
1998,_,非常好用
1999,_,不合适
1999,_,不太好
1999,物流,还行
2000,_,挺不错的
2001,_,不墙白
2001,_,赞
2001,_,非常好看
2001,外壳,好看
2001,颜色,自然
2002,_,好
2002,_,好下去
2003,_,挺好的
2004,_,不刺激
2004,_,挺柔和的
2005,_,挺好用的
2005,保湿效果,很好
2006,_,凉凉的
2007,_,一般般
2008,_,非常好用
2009,补水效果,不错
2010,_,很温和
2010,_,很贴心
2010,计,好方便
2011,_,不错
2012,_,挺好的
2013,_,不会腻
2013,_,很锁水
2014,_,蛮干净的
2015,_,滋润
2015,_,美白
2015,隔离效果,好
2016,_,五星好评
2016,保湿,可以
2016,补水,可以
2017,_,很差
2017,_,没有责任心
2017,客服态度,不好
2018,_,不错
2019,_,不过敏
2019,味道,太浓了
2019,泡沫,刺眼睛
2020,_,还不错
2020,控油,特别好
2021,_,很好
2022,_,五星好评
2022,_,物美价廉
2022,_,相
2022,发货,很快
2023,_,挺好看用
2024,_,很不错
2025,妆感,有点厚
2026,洁面,一般般
2027,_,比较轻薄
2027,_,还可以
2027,补,_
2028,_,不懂
2028,_,喜欢
2029,_,特别补水
2030,_,太好
2030,_,细腻
2030,_,自然
2030,_,适合
2030,赠品,很多
2031,_,挺好用的
2032,_,很划算
2032,_,很好用
2032,_,很温和
2032,_,挺舒服的
2032,_,超级实惠
2032,_,还不错
2033,_,非常好用
2033,活动,超级划算
2034,_,垃圾
2034,_,差评
2035,_,特别好用
2035,_,送货到家
2035,价格,太划算了
2035,快递员,_
2035,送货,特别快
2036,_,实惠
2036,_,很不错
2037,_,不错
2037,_,好用
2038,_,很不错
2038,味道,好
2039,_,均匀
2039,淡斑效果,发现
2039,质地,很轻薄
2040,_,是正品
2040,_,满意
2041,_,挺不错
2041,物流,很快
2042,_,很给力
2043,_,不怎么样
2043,价钱,挺好的
2044,臭味,_
2045,_,还不错
2046,_,好用到爆
2046,_,快
2046,精华,特别多
2047,_,不腻
2047,_,很喜欢
2047,香味,淡淡的
2048,_,还行
2048,包装,还可以
2048,大小,确实是
2049,_,不错
2049,_,很自然
2049,_,白的好假
2049,_,自然的美
2050,_,好用
2050,_,很服帖
2051,_,不知是否正品
2051,气味,没有任何
2051,质,清爽
2052,_,严重
2052,_,发干
2052,_,起皮
2053,_,不错
2053,_,挺好的
2053,上妆,很合适
2053,气味,娃娃香
2054,_,没有
2054,优惠力度,_
2055,_,便宜太多了
2055,_,太划算了
2055,_,好用
2056,价格,实惠
2056,送货,快
2056,送货,赞一个
2057,_,不错
2057,_,非常喜欢
2057,快递小哥服务,到位
2058,_,好非常
2058,_,很清爽
2059,_,很满意
2059,味道,淡淡的清香
2059,赠品,很多
2060,味道,难闻
2061,_,挺好的
2062,_,好
2062,_,有
2062,_,过敏
2063,_,如既往的好
2063,包装,精致
2063,物流,相当快
2064,_,好用
2064,_,有弹力
2064,_,特别湿润
2064,_,舒服
2064,做工,细致
2064,补水效果,没得说
2065,_,很好
2065,_,比较自然
2065,上妆效果,_
2066,_,不像是正品
2066,_,很少
2066,味道,勉强可以
2067,_,不好用
2067,气味,难闻的
2068,_,好用
2069,_,很严重
2069,_,红疹
2069,_,过敏
2070,_,是正品
2070,物流,超快
2071,_,绝对的正品
2071,补水效果,刺激
2071,补水效果,很好
2072,_,很服帖
2072,容量,多
2072,质感,特别薄
2072,香味,有点重
2073,包装,太差
2074,_,很服帖
2074,_,挺遮毛孔的
2074,上妆,有点遮瑕效果
2074,持妆效果,不错
2075,_,不错
2075,_,很喜欢
2076,_,还可以
2076,价格,合理
2077,_,不错的
2077,_,还可以
2078,保湿,很好
2078,保湿,非常喜欢
2078,快递,很快
2078,快递,满意
2078,遮暇效果,不错
2079,_,很划算
2079,_,挺好的
2080,_,很不错
2080,_,很服帖
2080,味道,香香的
2081,_,很划算
2081,_,很服帖
2081,_,很水润
2082,_,不好看
2082,_,很好吸收
2082,_,还可以
2082,盖子,很蠢
2083,_,蛮好的
2084,_,好评
2084,_,真有心
2085,_,不少
2085,服务,很好
2086,_,蛮好的
2087,_,没有过敏
2087,_,还不错
2088,_,不会太干
2088,_,很不错
2088,_,很喜欢
2088,_,粉粉的
2088,价格,适中
2089,_,很方便
2089,价格,实惠
2090,_,一般般
2090,_,用
2091,_,挺好的
2091,_,挺滋润
2091,_,是正品
2091,_,特别方便
2091,快递,非常快
2092,_,很好用
2093,_,很好用
2093,_,是正品
2094,_,好用
2094,_,非常喜欢
2095,_,挺好的
2096,_,很补水
2096,_,超喜欢
2096,包装,很漂亮
2097,_,喜欢
2097,_,如既往的
2098,_,很满意
2098,物流,很快
2099,_,容易抹开
2099,_,很不错
2099,_,很喜欢
2100,_,很划算
2101,_,不是正品
2101,气味,刺鼻的
2102,_,物美价廉
2102,包装,精美
2103,_,很喜欢
2103,上妆,特别服帖
2103,价格,实惠
2103,物流,很快
2104,_,很棒
2105,_,很好用
2105,_,是正品
2105,快递,很快
2106,_,挺自然
2106,_,还不错
2106,遮瑕,不太好
2107,_,很好
2107,售后,好
2107,活动价,下划算
2108,_,不咋滴
2109,_,不错
2109,盖子设计,太狗血
2110,_,非常好
2110,快递速度,很快
2111,价格,比较便宜
2112,_,太干
2112,_,补水
2113,_,很不错
2113,性价比,高
2114,_,一直用
2114,_,挺好的
2115,_,挺好的
2116,_,有点刺痛
2116,_,没什么效果
2117,包装,不好
2118,_,太满意了
2118,_,很划算
2118,_,很好用
2119,补水效果,很不错
2120,_,不是特紧绷
2120,_,分好评
2120,_,干净
2120,泡沫,丰富
2120,物流,快
2121,_,特别好
2121,_,超级好用
2121,_,非常保湿
2122,_,挺好的
2122,_,还可以
2122,味道,喜欢
2122,味道,淡淡的
2123,_,不紧绷
2123,_,好用
2123,_,很舒服
2124,_,不错
2124,_,很好
2125,_,正品
2125,补水效果,很好
2126,赠品,不开心
2126,赠品,没有
2127,_,好用
2128,_,不会去痘痘
2128,_,不会过敏
2128,_,不错
2128,_,比较适合
2128,价格,不贵
2129,_,很柔和
2129,_,舒服
2129,清洁度,中等
2130,_,非常好
2131,_,很好
2131,_,很补水
2132,_,很服帖
2132,_,确实不错
2132,精华,很多
2132,补水效果,不错
2133,_,很好用
2133,服务态度,很好
2134,_,很好用
2134,包装,完好
2135,_,特别划算
2135,活动,_
2135,补水效果,不错
2136,物流,很快
2136,物流,棒哒
2137,_,好评
2137,_,很喜欢
2137,_,很自然
2137,_,提肤色
2137,物流,超快
2137,香味,优然
2138,_,喜欢得不得了
2139,_,比较信赖的
2140,_,不错
2140,物流,很快
2141,_,点干皮肤
2141,_,还不错
2142,_,很好用
2142,_,温
2143,补水效果,非常好
2144,_,还不错
2144,物流,很快
2145,_,不错
2145,速度,很快
2146,包装,不错
2147,_,贴皮肤
2147,_,非常好
2147,保湿,好
2148,_,蛮保湿的
2148,服务,超级贴心
2148,赠品,很好
2148,香味,淡淡的
2149,_,特别好
2149,活动,最合适
2150,包装,挺好的
2151,_,很好用
2152,_,很好用
2152,补水效果,超好
2153,_,很好
2154,_,贵了点
2155,_,很好用
2156,包装,不太好
2156,快递服务态度,很好
2157,_,很喜欢
2157,物流,给力
2158,_,没有不适反应
2158,补水效果,很好
2159,配送小哥,棒棒哒
2160,_,很好拍开
2160,_,素颜
2160,_,香香的
2161,_,太香了
2162,_,优惠
2162,_,非常好
2162,价钱,给力
2163,补水,很补水
2164,_,非常好用
2165,_,不好
2165,_,没有泡沫
2165,味道,太刺鼻
2166,_,很细腻
2166,_,很舒服
2166,_,滑滑的
2166,_,香香的
2167,_,不错
2167,_,很实惠
2168,_,不太好洗
2168,_,没洗干净
2168,_,滑滑的
2169,_,还可以
2170,快递,真的好快
2172,_,根本不值
2172,价格,没差别
2173,_,还可以
2173,味道,奇怪的
2174,_,不错
2175,_,一般
2175,_,干净
2176,_,超级好用
2176,味道,_
2176,配方,_
2177,_,不方便
2177,粉扑,不怎么好
2177,颜色,不是很自然
2178,_,还行吧
2178,颜色,不符合
2179,延展性,很好
2179,气味,不太好闻
2179,油腻感,_
2180,_,很好用
2181,_,好评
2181,_,很好用
2182,囎,挺便宜的
2183,物流,好快
2184,_,还可以
2184,包装,_
2185,_,挺好的
2186,_,还可以
2187,_,是正品
2187,物流,快
2188,_,抠门
2188,_,还行
2188,包装盒,没有
2189,_,送货
2189,快递,快
2190,隔离香味,很喜欢
2190,隔离香味,很淡
2191,_,太慢了
2191,活动,挺划算
2192,_,通过
2192,保书,_
2192,发货,很快
2192,质检,_
2193,_,不贵
2193,_,好用
2193,_,很好用
2193,性价比,真的高
2194,_,不卡粉
2194,_,很润
2194,_,很满意
2194,包装,好
2194,物流,快
2195,_,适合
2196,味道,好闻
2197,_,不是太好用
2198,_,满意
2198,包装,好看
2198,发货,快
2199,_,很划算
2200,_,还可以
2201,_,很好
2202,_,很精致
2202,_,是不是很好
2202,包装,一般
2203,_,脸红
2204,_,不细腻
2204,_,干的厉害
2204,_,有泡沫
2204,味道,还行
2205,_,不错
2205,_,没过敏
2205,补水,还可以
2206,_,不刺激
2206,_,不错
2206,_,挺好
2206,_,温和
2207,_,非常棒
2208,性价比,挺高的
2208,活动,很便宜
2209,_,实惠
2209,_,经济
2209,_,还行
2209,价格,不贵
2210,_,不会太白
2210,_,不错
2210,_,很自然
2211,_,喜欢
2211,_,超级喜欢
2212,_,便宜
2213,_,超级棒
2213,补水效果,挺不错
2214,_,挺舒服的
2214,_,还不错
2214,物流,挺快的
2215,外包装,不好看
2216,_,挺好的
2216,_,有光泽
2216,_,细腻
2216,_,顺滑
2216,赠品,不错
2217,_,很好
2217,_,超划算
2218,_,不错
2219,_,特别好用
2219,_,特别开心
2219,_,非常满意
2220,客服,耐心
2221,补水效果,很好
2222,_,不润
2222,_,有点偏干
2222,_,深了点
2223,_,挺好
2223,_,挺适合
2224,_,比较优惠
2224,_,还可以
2224,清洁效果,_
2225,_,一般
2226,_,十分满意
2226,_,好多
2226,_,好评
2227,_,不错
2227,_,好评
2227,_,有明显的效果
2228,_,挺好的
2229,_,是正品
2229,效果,棒棒哒
2229,隔离包装,很好
2230,_,不错
2230,_,划算
2230,活,_
2231,_,不是太白
2231,_,少
2231,_,很细腻
2232,_,很好用
2232,物流,超快
2233,_,不容易推开
2233,_,挺显白的
2234,_,容易推开
2234,_,很不错
2234,_,改善肤色
