遮瑕效果超级好，很亮，很白，很喜欢是我想要的,遮瑕效果|超级好,1
比较显白，有一点淡淡的香味，发货速度挺快,发货速度|挺快,1
粉扑好硬。粉液也一般般啦。不过也对的起这个价格。有两个替换装,粉液|对的起,0
不错挺好，快递及时专业,快递|专业,1
挺好用的味道很好闻,味道|很好闻,1
产品质量好，价格实惠，大品牌值得信赖,价格|实惠,1
水分多，速度快挺好的,水分|快,0
商品不错，价格合适，物流给力，还会再买,价格|给力,0
不油腻，卸妆也很干净，双活动买的，很划算,卸妆|很干净,1
保湿效果不错,保湿效果|不错,1
个人情况：我是脸比较白的那种，没有感觉到有美白，吸收情况：吸收挺好的，整体描述：淡斑效果没感觉到，已经第三瓶了。，滋润及保湿：保湿还是可以,美白|挺好,0
非常好？！！！东西很不错！物流很快！！！没压力,物流|很快,1
温和程度：很好。清洁效果：不错。控油效果：还行。泡沫丰富度：一般。保湿效果：挺可以,清洁效果|不错,1
用这个牌子有点时间了，感觉不错，所以继续，发货物流超快，还可以,发货物流|超快,1
一直信赖***，化妆品面膜都是***，质量很好，价格便宜，发货很快呀,发货|很快,1
好用，物流很快,物流|很快,1
与描述一致，这款泡沫少但清洗很干净，气味优雅，一直在用，发货及时,清洗|很干净,1
好，价格实惠，很好用买一送一超级划算**物流超快！非常满意,价格|超快,0
瓶子很漂亮很喜欢也很好用快递很快态度好,态度|很漂亮,0
美白效果不是太明显，不过价格挺实惠的，用着感觉也挺好，每天一片也不会觉得浪费，挺好的，棒棒哒,美白效果|挺实惠的,0
第三次购买了特喜欢这种香味,香味|特喜欢,1
当天下单当天就到了，快递超赞，宝贝也超级好用，擦上很服帖，修饰肤色，很赞很喜欢，推荐购买,快递|超赞,1
一直在用这个牌子的隔离，很好，粉质细腻。比较好推开。好评,粉质|细腻,1
味道有点点膳？听湿润，我买的自然色感觉有点白，送两个替换芯，挺好,味道|有点点膳,1
物流很快，性价比很高，好评！满意的一次购物,性价比|很高,1
这么的很白，快递很快，就是有点油亮油亮的。感觉有点痒，不会过敏吧,快递|很快,1
物流很快，包装得很漂亮，很满意，用起来一点也不起皮用完在回购,物流|很漂亮,0
用这款隔离三年了，很好推开而且滋润度也很好！价格也不高，会无限回购,价格|很好,0
价格不贵，含量比较少，应该还不错挺好的,价格|不贵,1
个人情况：太干了，整体描述：有点小，上妆效果：一般，持久情况：四五个小时吧，适合肤质：油性,上妆效果|一般,1
一直信赖**，发货和送货速度都很快，快递小哥也很好，以后还是,快递小哥|很好,1
包装精美，质量上乘，价格合理，值得购买,价格|精美,0
之前也有买过，这是并不是第一次购买，应该是之前一样吧，价格挺优惠的,价格|挺优惠的,1
东西是好东西，一直在用，效果很好，客服真的忙，问一下能不能优惠一点，半天不带理你的，全程机器人聊天,效果|很好,1
产品和专柜一样呢，使用感不错，重点是号下单大概号就到了，速度太快了，客服服务也很好,速度|很好,0
比较满意，送了两个替换装。**的物流就是快昨天买的今天就到了。快递小哥服务态度比较好,物流|比较好,0
很服帖，精华液也多，用完皮肤滑滑的嫩嫩的,精华液|多,1
卖家发货速度快的，质量好，价格便宜,价格|便宜,1
商品不错，价格合适，物流给力，还会再买,价格|给力,0
面膜很好用，保湿效果很好。物美价廉，快递小哥送货速度快，态度很好,态度|很好,1
气味很好闻。还有替换装。喜欢粉粉的盒子。这个牌子护肤品不错,气味|很好闻,1
补水效果不错，物流也很快！一直都用这牌子的东西真的很好用,补水效果|很快,0
用起来方便，上妆很快，很轻薄，总体感觉还可以,上妆|很快,1
老顾客了，用着非常好，客服也很好问什么答什么,客服|很好,1
宝贝有淡斑效果，美白尚不明显,美白|尚不明显,1
商品不错，价格合适，物流给力，还会再买,物流|给力,1
物流很快，一直用这个牌子，质量很好是正品，活动买的很划算,物流|很划算,0
挺好！经济实惠，品牌可以！效果不错，不卡粉！持久清新，有一种惊天地泣鬼神的感觉,效果|不错,1
**发货送货很快，服务态度很好，质量值得信赖，好评,质量|很好,0
味道淡淡的，水分超足，没有刺激感,味道|淡淡的,1
大小刚好，水份足，皮肤白嫩,水份|刚好,0
今天拿了，打开看还送了一些试用装，味道很好闻，只是还没来及用，等用了再追评,味道|很好闻,1
看着很大一瓶，店家发货很快，谢谢,发货|很快,1
刚收到没开始用，期待效果，搞活动，秒的，价格还可以，好用会回头的,价格|还可以,1
物流小哥服务特别好，商家也不错给个五星好评吧！好不好用了再追评吧,物流小哥服务|不错,0
好用，补水效果很好，女神节活动，很实惠,补水效果|很好,1
快递速度快，包装好，挺好,快递速度|快,1
一打开味道太刺鼻了，塑料味太浓了！不敢用了,塑料味|太浓,1
非常满意，没有异味，瓶口方便，使用无异常不适。推荐购买,瓶口|方便,1
一直在使用的品牌物流给力**搞活动时很优惠,物流|很优惠,0
快递迅速服务态度好使用效果非常棒，会一直支持的,快递|迅速,1
**快递速度快，性价比不错，好,快递速度|快,1
个人情况：混合性肌肤，整体描述：还行，滋润及保湿：保湿感觉差一些，有点干，吸收情况：属亚光，吸收还好,保湿|还好,0
超级好用，清洁效果好特别好,清洁效果|特别好,1
连续几年一直在这家店购买，双十一价格比平时优惠很多，希望给老顾客能更优惠,价格|优惠很多,1
第二次购买，物美价廉，效果不错挺好的，配送很快,效果|挺好的,1
上妆效果：容易上装，肤色显得自然，皮肤感觉不干燥,上妆效果|容易上装,1
补水效果不错，物流也很快！一直都用这牌子的东西真的很好用,物流|很快,1
看上去还可以吧，快递超快的，还没用到时用过看效果怎么样，再评价,快递|超快,1
做活动买一送一，价格实惠，第一次用这个面膜，挺好用的，补水效果不错，精华也很多，味道淡淡的,味道|很多,0
扫了下显示正品，活动价很实惠，买了瓶送了张面膜,活动价|很实惠,1
一直用的***哦，保湿很好，会一直种草的,保湿|很好,1
做活动买的还挺划算的，包装很好，精华液也挺多的，效果嘛没什么突出的，就单纯补补水还吧,包装|还挺划算的,0
帮同事买的洗面奶，老客户了，反馈还是一如既往的好，发货速度快，包装仔细，日期新鲜,发货速度|仔细,0
补水效果好,补水效果|好,1
当天付款，当天收到货了快递很给力。用过一次，感觉蛮好的，搞活动买的，便宜了很多,活动|很给力,0
控油效果：很好。清洁效果：很干净。泡沫丰富度：刚刚合适。保湿效果：保湿一整天。温和程度：很好,清洁效果|很干净,1
包装看起来还挺不错，试用了下还可以，香香的味道,包装|香香的,0
买过两次了，很好用的，价格能接受,价格|能接受,1
棒棒哒，一直用这款隔离，效果很好。搞活动买的很划算,效果|很好,1
五星好评，快递和服务都好评,服务|好评,1
比较满意，送了两个替换装。**的物流就是快昨天买的今天就到了。快递小哥服务态度比较好,快递小哥服务态度|比较好,1
用着效果挺不错。买一赠一，很划算，祝店家生意越来越好,效果|挺不错,1
宝贝可以，客服态度极差。导购客服,客服态度|极差,1
第一次用，还可以。价位也非常合适。以后有活动还会继续光顾的,价位|非常合适,1
此次活动超级合适，买了整整一大箱子，送货速度非常快！面膜的精华液很多！很好,送货速度|很多,0
快递速度很快，服务态度很好,服务态度|很快,0
清洁度还不错，保湿效果很好,清洁度|很好,0
粉扑设计的非常棒，盒子颜值很高。用了再来追评,粉扑设计|非常棒,1
到货快，好用，补水隔离效果好，价格实惠，很划算很喜欢,隔离效果|好,1
买给我妈的，包装得到了她的青睐，滋润度对她来说正好，不过有一点点增白效果她不喜欢,滋润度|不喜欢,0
帮同事买的洗面奶，老客户了，反馈还是一如既往的好，发货速度快，包装仔细，日期新鲜,包装|快,0
与描述一致，这款泡沫少但清洗很干净，气味优雅，一直在用，发货及时,气味|及时,0
味道挺好的速度也快,速度|快,1
快递小哥很热情，送货速度很快，挺好的,送货速度|很快,1
不错是正品，价格有优势，快递也很给力，以后会继续购买,价格|很给力,0
买的超值，送了两贴面膜，还有两瓶卸妆水，发货快到过快，支持**没错的,发货|快,1
已多次购买，品质好，服务好，开票也快,开票|好,0
还没用，先用用试试，效果好了再来追评，但是包装很喜欢呀,包装|很喜欢,1
个人干湿混合型，上妆比较滋润，相较其他遮瑕，没有那么强，比较轻薄。持久度还是挺ok的,持久度|挺ok的,1
洁面乳收到了，质量很好，有一股淡淡的香味，清洁效果也好,香味|淡淡的,1
此次活动超级合适，买了整整一大箱子，送货速度非常快！面膜的精华液很多！很好,送货速度|非常快,1
遮瑕力一般主要是轻薄提亮肤色建议黄皮的买自然色或者无瑕色,遮瑕力|一般,1
朋友给推荐的，很好用，隔离效果不错,隔离效果|不错,1
个人情况：东西很棒买了两只泡沫挺多的味道有点香推荐入手,泡沫|挺多的,1
面膜精华液量非常足，保湿效果棒棒哒，非常适合干燥的春季使用,保湿效果|非常足,0
气味重不好闻，持久度也不好，到中午脸色就蜡黄了,持久度|不好闻,0
非常好用，精华也特别多,精华|特别多,1
物流特别特别给力，卖家服务态度非常好，用的好在光顾,卖家服务态度|特别特别给力,0
瓶子很漂亮很喜欢也很好用快递很快态度好,快递|好,0
非常不错，老客户了，他家保湿真的好，我还是容易过敏的皮肤，用他家的没事,保湿|真的好,1
在手上试了一下，不油腻，很自然，味道很好闻，不知出汗后怎样，用的好后会追评，物流很快，满意,物流|很好闻,0
感觉还好吧，第次用这个牌子。性价比很高,性价比|很高,1
是正品，吸收也特别好一点也不油腻，保湿效果很好，值得购买,保湿效果|很好,1
发货很快，活动期间买的，特别合算，面膜纸贴合很好，精华也蛮多，可以用好久了,发货|蛮多,0
东西挺好用的，保湿度强,保湿度|强,1
挺好的，遮瑕的效果也特别好，特别喜欢，物流也特别快,物流|特别好,0
东西还是不错的，很喜欢！物流速度也快，老板人很好，老板娘也很漂亮，还送了小礼物！有需要还会再来！好评,老板|很好,1
闻起来很好闻，效果用了才知道，应该不错，赠品很好很实在,赠品|很实在,1
看起来不错，味道淡淡的，外观很喜欢，用过后再来追评,味道|淡淡的,1
东西是好东西，一直在用，效果很好，客服真的忙，问一下能不能优惠一点，半天不带理你的，全程机器人聊天,效果|真的忙,0
送货比较快，还未使用，用后再追评,送货|比较快,1
味道很喜欢，价格也很划算,价格|很划算,1
商品不错，价格合适，物流给力，还会再买,价格|合适,1
货己收到，物流很快，还没用，暂不作评价,物流|很快,1
**发货送货很快，服务态度很好，质量值得信赖，好评,质量|值得信赖,1
效果不错哦，而且不伤皮肤，不觉得油腻，卖家服务好，性价比不错哦,性价比|不错,1
面膜精华液量非常足，保湿效果棒棒哒，非常适合干燥的春季使用,保湿效果|棒棒哒,1
很划算买一送一，看包装不错，一直都信任****的东西，很满意**的东西，也信任****的店,包装|不错,1
包装挺精致，期待效果,包装|挺精致,1
温和程度：很好。清洁效果：不错。控油效果：还行。泡沫丰富度：一般。保湿效果：挺可以,泡沫丰富度|挺可以,0
感觉不是很好用，也不知道是不是我长期没用气垫的过。但是妆感还可以,妆感|还可以,1
第二次购买了，很好用，味道也好，有意向的可以下手了,味道|好,1
面膜收到了，包装的很好，没有破损！**商城的就是好，快递人员服务态度也很好，满意,快递人员服务态度|没有破损,0
挺好了毕竟价格就很美丽。希望以后还能再买,价格|很美丽,1
个人情况：有点点酒精味，不过能接受，就不不知道用久了会不会对皮肤不太好,酒精味|有点点,1
包装很好，物流也快。很满意,包装|很好,1
还不错，美容液比较丰富，滑滑的，面膜纸尺寸大小合适，非常服帖脸型，价格也不贵,尺寸大小|不贵,0
双物流比较快，去年买的刚打开有点淡淡的味道。快用完的时候，味道就不一样了，不是很好闻,味道|淡淡的,1
很喜欢，非常好，完美收货，等用过再评,收货|完美,1
个人情况：我是脸比较白的那种，没有感觉到有美白，吸收情况：吸收挺好的，整体描述：淡斑效果没感觉到，已经第三瓶了。，滋润及保湿：保湿还是可以,美白|没感觉到,0
快递很快，很喜欢味道也还好，用完试试看怎么样，好的话继续回购，送了卸妆水，和面膜,味道|很快,0
包装完好，快递小哥服务很好，期待用后效果,包装|完好,1
遮瑕不是太好,遮瑕|不是太好,1
持久情况：不怎么挫泥，还好，防晒效果一般，物流多块的,持久情况|一般,0
持久情况：不怎么挫泥，还好，防晒效果一般，物流多块的,防晒效果|还好,0
包装高档，好用不卡粉，遮瑕效果不错,遮瑕效果|高档,0
漂亮的包装，***的我一直都是在用，很保湿的，也很修复的，很喜欢***的产品,包装|漂亮,1
发货很快，活动期间买的，特别合算，面膜纸贴合很好，精华也蛮多，可以用好久了,精华|很好,0
用了两次，感觉挺好了，洗完脸上感觉很光滑，补水效果很不错,补水效果|很不错,1
很好，很喜欢。建议购买。我还分了一盒给我妈，我觉得卸妆也挺好的，还有泡沫很多哦,泡沫|挺好的,0
比较满意，送了两个替换装。**的物流就是快昨天买的今天就到了。快递小哥服务态度比较好,物流|就是快,1
收到宝贝晚上就用一贴，面膜滋润，精华特别多，我是敏感肌肤还不知道会不会过敏，快递小哥态度很好,快递小哥态度|很好,1
颜色偏暗，持久可以,颜色|可以,0
感觉还好，就是按出来有点麻烦，瓶子塑料比较硬,瓶子塑料|比较硬,1
面膜很薄很服帖，价钱美丽,价钱|美丽,1
不错的面膜啊，真心推荐给大家用了，以后效果挺好，补水美白效果都挺不错的,补水美白效果|挺不错,1
好用，补水效果很好，相信品牌的力量，而且是**配送,补水效果|很好,1
**发货超快，包装也挺好的，三八女神节拍的，价格实惠，查了验证码，是正品，下次回购,发货|实惠,0
送了很多赠品，用着一般般,赠品|很多,1
物流快，回来马上试了，很清爽，不油腻,物流|快,1
清洁能力：泡沫很多，一搓就有，洗的挺干净的，味道也好闻，很温和,泡沫|很多,1
粉质不是很好，只能将就,粉质|不是很好,1
东西很好，物流很快，价格实惠,价格|实惠,1
质量不怎么样，挤了好多也没什么泡沫，感觉洗不净的样子，很不开森，是我用过洗面奶最垃圾的一次,泡沫|没什么,1
快递，很快，没用过，帮别人买的,快递|很快,1
这面膜还挺好用的，连续用了两片补水棒棒的，最主要的是蚕丝面料，轻薄透气,补水|棒棒的,1
**送货很快，第一次购买这个产品，包装很到位，不错的,送货|很快,1
卸妆水收到了，最喜欢的就是**快递的速度，产品也不错，会继续光顾,快递的速度|最喜欢,1
粉扑好硬。粉液也一般般啦。不过也对的起这个价格。有两个替换装,粉扑|对的起,0
起泡量属于少的那一种，咱也不知道洗干净没有，味道咱也不喜欢,起泡量|少的,1
跟图片一样，物流快，还没用不知道怎样,物流|快,1
好用，补水效果很好，女神节活动，很实惠,活动|很好,0
做活动买的还挺划算的，包装很好，精华液也挺多的，效果嘛没什么突出的，就单纯补补水还吧,活动|没什么突出的,0
快递小哥服务好，速度也快，唯一不好就是商家，上面写的替换装送两个结果只有一个，差评，简直欺骗顾客,速度|好,0
很好，味道香香的,味道|香香的,1
刚刚收到货，七号下单八号已收货，**物流超快服务到家，听朋友说增品不少，可我目前没收到,物流|到家,0
面膜是正品，真正的物美价廉，物流给力快递小哥服务态度很好。点赞！需要的请赶快入手啦,物流|很好,0
包装盒都没一个，太简陋了点，面膜看起来也很旧，感觉被骗了！找客服也没人答复，服务太差了,包装盒|太差了,0
虽然是赠品给的，但是很好用，很滋润保湿，精华也很多,赠品|很多,0
洁面乳收到了，质量很好，有一股淡淡的香味，清洁效果也好,清洁效果|淡淡的,0
**实测款，薄薄一层满满精华素，用了几天，保湿提亮效果不错,保湿|不错,1
包装盒很好看，送有两个替换装，粉质很是细腻，略带香味，用着很舒服,粉质|细腻,1
物流很快还是那个味道，正装一如既往的好送的比之前的少了点，寄保质期也比较近了,物流|很快,1
面膜是正品，真正的物美价廉，物流给力快递小哥服务态度很好。点赞！需要的请赶快入手啦,物流|给力,1
昨天用了，挺好的，淡妆卸得干净，量也大，性价比不错,性价比|不错,1
使用效果：挺好的耶，面膜纸也不厚，服帖，喜欢喜欢喜欢,面膜纸|不厚,1
物流很快，包装得很漂亮，很满意，用起来一点也不起皮用完在回购,包装|很漂亮,1
赠的东西挺多的,赠的东西|挺多的,1
快递速度很快，还没用，包装看起来不错,包装|很快,0
控油效果：很好。清洁效果：很干净。泡沫丰富度：刚刚合适。保湿效果：保湿一整天。温和程度：很好,保湿效果|刚刚合适,0
****质量有保证，效率服务都很满意，老婆很喜欢这款面膜,服务|很满意,1
活动很划算，清洁很彻底，泡沫丰富，是会有好用的东西,活动|很划算,1
**发货送货很快，服务态度很好，质量值得信赖，好评,服务态度|很好,1
价格实惠，有一个替换装，还送一个，物超所值,价格|实惠,1
听朋友介绍的说很好用就买来试试，价格也合适,价格|合适,1
**速度快，物美价廉，服务好，值得推荐，还会再来,服务|好,1
第一次购买使用。效果不知。赠品到位。偿试性购买。物流很给力哦,物流|很给力,1
还不错，美容液比较丰富，滑滑的，面膜纸尺寸大小合适，非常服帖脸型，价格也不贵,价格|不贵,1
好划算，还没用。看着还不错。买一送一，加在买一份一共片。包装也挺好看的，可以用好久,包装|挺好看的,1
包装很好，一点都没有破损，物流很快，昨天买的，今天就到了，还会回购,物流|很好,0
淡淡的香味，水润不干燥，还送了面膜和卸妆水,香味|淡淡的,1
搞活动的时候买的很划算,活动|很划算,1
宝贝收到了，用着很不错，客服小海龙非常好,客服|非常好,1
味道挺好的速度也快,味道|快,0
第二次购买，好用用过肤色好好，**快！服务好,服务|好,1
一直用***面膜，这次优惠力度大，包装好看,包装|好看,1
比较显白，有一点淡淡的香味，发货速度挺快,香味|挺快,0
商品不错，价格合适，物流给力，还会再买,价格|合适,1
物流太快了，昨天晚上下单今天中午就到了。一直都在用，很好用,物流|太快了,1
活动买的很合适，用着很不错，店家服务也很好,活动|很合适,1
上妆贴合皮肤，自然，不假面,上妆|贴合皮肤,1
东西不错，包装精美，一如既往,包装|精美,1
习惯星，看不出来好也看不出来坏，稍微偏硬，贴合度不是特别好,贴合度|不是特别好,1
很好吸收，遮瑕不适合，但是隔离效果，挺好的，保湿度，一般般,保湿度|不适合,0
不错不错，第二次回购了，每次赠送的小礼品也很多！还会继续光顾的,小礼品|很多,1
价位经济实惠，这款面膜用着挺好的，挺补水的,价位|实惠,1
补水效果很好，味道也好闻,味道|好闻,1
首先不得不说元买还有两个替换装很划算，其次今天试用了，味道很好闻，很自然,味道|很自然,1
物流还不错，小哥服务态度好,小哥服务态度|好,1
已多次购买，品质好，服务好，开票也快,开票|快,1
一打开味道太刺鼻了，塑料味太浓了！不敢用了,塑料味|太刺鼻,0
活动很划算，清洁很彻底，泡沫丰富，是会有好用的东西,泡沫|很划算,0
买了好多次了，卸妆效果很好，不油不粘，比较清爽型的。是我喜欢的款式,卸妆效果|很好,1
产品是正品，物流很快，又方便,物流|很快,1
快递也快，一直很相信**配上隔离特别自然，感觉白了一个度,快递|快,1
东西很好，物流很快，价格实惠,价格|很快,0
看着不错和以前买的一样还没用快递小哥很给力服务很好,服务|很给力,0
用这款隔离三年了，很好推开而且滋润度也很好！价格也不高，会无限回购,滋润度|不高,0
下午收到，刚刚敷了一片，很滋润挺好的，快递速度很快，快递员态度很好,快递速度|很好,0
质量还不错，快递也很快，送货上门哦，不错的选择！喜欢这个,快递|很快,1
东西不错，厚度适中，大小合适。物美价廉，值得购买，五星好评,大小|合适,1
很不错，配送很快,配送|很快,1
东西不错，是正品，价格便宜，送货快,价格|快,0
粉质细，上妆轻薄透亮，紫色提亮肤色不夸张，物美价廉，会回购喜欢，要上加上防就更好了方便一瓶搞定,粉质|不夸张,0
洗面奶泡沫不多，洗了还比较干净，也不紧绷，现在换了整套大红瓶，总体来说还可以，发货挺快的，好评,发货|不多,0
快递很快，很喜欢味道也还好，用完试试看怎么样，好的话继续回购，送了卸妆水，和面膜,味道|还好,1
一直用这个牌子，特别的好，快递也很快，给商家还有快递小哥一百个赞,商家|很快,0
清洁能力：泡沫很多，一搓就有，洗的挺干净的，味道也好闻，很温和,清洁能力|挺干净的,1
还行，就是刚开始的味道不喜欢,味道|不喜欢,1
不错，补水效果好，活动就是便宜,补水效果|好,1
帮同事买的洗面奶，老客户了，反馈还是一如既往的好，发货速度快，包装仔细，日期新鲜,日期|仔细,0
快递迅速服务态度好使用效果非常棒，会一直支持的,效果|非常棒,1
很不错的面膜，***，很不错，很滋润，用了很水润，价格很实惠**很给力，到货速度很快，很满意，赞一个,价格|很实惠,1
包装精美，物流还是一如既往的快，还没用过这个面膜，用过了再来评价,物流|快,1
洗面奶使用后脸上总是滑滑的，卸妆效果不好,卸妆效果|不好,1
包装很精美，图案也漂亮，很喜欢！拒绝不了卡哇伊的东西,图案|漂亮,1
**就是棒，物流超快。价格相当实惠，没想到有那么大瓶。用的很好。干净,价格|超快,0
很多精华液，面膜纸是薄透的，期待效果,面膜纸|薄透,1
味道淡淡的，水分超足，没有刺激感,水分|超足,1
****，物流特别快，纸质不错，刚好遇到活动价，果断下手，有时间再用，到时候再追评,物流|特别快,1
物流很快，绝对正品，到家用了一下，很不错,物流|很快,1
物流真快，宝贝收到了真的是很划算，用完了，还会再光顾,物流|真快,1
面膜很不错，里面精华很多，做天晚上试用了一下，感觉不错，值得购买，并且价格也美丽,精华|美丽,0
第一次买这个面膜，包装很可爱，今晚试试效果,包装|很可爱,1
控油效果一般，持久情况：持装效果大半天是没问题,控油效果|一般,1
第三次购买了，挺好用，味道也不错,味道|不错,1
还没用，送了面膜，包装还不错，忘记拍照了，物流还蛮快,包装|还不错,1
物流很快，面膜用后感觉也特别的好，价格也很实惠，喜欢的可以试试哦,物流|很快,1
碰到买一送一的活动感觉炒鸡划算的！不知道用了会不会过敏，然后一直很支持***这个牌子,活动|炒鸡划算,1
**发货送货很快，服务态度很好，质量值得信赖，好评,服务态度|很快,0
双十一买的，价钱比平时要低得多，是正品，补水效果还是不错的，用***有几年了,价钱|还是不错的,0
还可以吧。主要是活动的时候下单的，很便宜，很划算，水分很多,水分|很多,1
价格便宜实惠东西不错，正品下次再来，包装也好，有档次,包装|有档次,1
宝贝很好，物流给了，不错不错,物流|给了,1
挺好的，用的还不错，**快递就是快，服务就是好，选择**没错,快递|快,1
今天才开始用，很好用，补水渗透性很强,渗透性|很强,1
一直关注的，活动期间买的，颜色很自然，一个两个替换装喜欢,颜色|很自然,1
补水效果特别好，精华液也很多,补水效果|很多,0
不愧是名牌，就是好，保湿效果非常好，用了后脸滋润很多，很光滑，好评,保湿效果|非常好,1
还不错，美容液比较丰富，滑滑的，面膜纸尺寸大小合适，非常服帖脸型，价格也不贵,美容液|合适,0
用完了才想起评论，补水效果特别好,补水效果|特别好,1
快递小哥服务好，速度也快，唯一不好就是商家，上面写的替换装送两个结果只有一个，差评，简直欺骗顾客,快递小哥服务|好,1
补水效果好，用后脸水润润的，味道清香，易吸收，做活动买的，很划算,补水效果|很划算,0
一直用***面膜，这次优惠力度大，包装好看,包装|大,0
买了好几次了，补水效果感觉还不错，就是优惠力度感觉没有以前大了,补水效果|还不错,1
很迷你，很细腻白的不浮夸，淡淡的香味，要好好卸妆,香味|淡淡的,1
快递挺给力，还没用的，以后再用一下,快递|挺给力,1
**送货速度真的很快，服务态度也好,服务态度|真的很快,0
面膜很不错，里面精华很多，做天晚上试用了一下，感觉不错，值得购买，并且价格也美丽,价格|美丽,1
东西还是不错的，很喜欢！物流速度也快，老板人很好，老板娘也很漂亮，还送了小礼物！有需要还会再来！好评,物流速度|快,1
效果不错哦，而且不伤皮肤，不觉得油腻，卖家服务好，性价比不错哦,性价比|好,0
产地是广州的，早知道去香港买好了，而且这个味道，一点都不好，用的时候感觉就像拿洗发水在洗脸,味道|不好,1
用了质量不错非常喜欢下次再来很满意哦,质量|不错,1
宝贝到家了，第一次买这款隔离，看包装挺好的，用好了下次再买,包装|挺好的,1
物流很快啊，商品质量也很好，值得购买,物流|很快,1
一直信赖***，化妆品面膜都是***，质量很好，价格便宜，发货很快呀,价格|便宜,1
用着是很温和的一款卸妆水。可以用来卸眼妆，用完后也不油腻，用着很不错。保湿效果很好。不错，值得购买,保湿效果|很好,1
包装盒都没一个，太简陋了点，面膜看起来也很旧，感觉被骗了！找客服也没人答复，服务太差了,服务|太差了,1
包装高档，好用不卡粉，遮瑕效果不错,包装|高档,1
东西还行，味道淡淡的。试用一段时间先,味道|淡淡的,1
瓶子很漂亮很喜欢也很好用快递很快态度好,态度|好,1
之前买过一次，用了觉得补水效果还不错，赶上活动就又囤了点货,补水效果|还不错,1
**发货超快，包装也挺好的，三八女神节拍的，价格实惠，查了验证码，是正品，下次回购,价格|超快,0
手上试用了一下，味道真的像洗发水，香味有点不太喜欢，质地挺轻薄的，抹上也挺滋润,质地|不太喜欢,0
个人情况：混合性肌肤，整体描述：还行，滋润及保湿：保湿感觉差一些，有点干，吸收情况：属亚光，吸收还好,保湿|有点干,1
面膜补水效果真不错，而且国民品牌良心价，每天一张面膜贴起来，水灵灵美美哒。而且**物流送货就是快,补水效果|真不错,1
第六次购买了，面膜补水非常好，而且是超值装，清爽补水棒棒哒,补水|棒棒哒,1
个人情况：我是脸比较白的那种，没有感觉到有美白，吸收情况：吸收挺好的，整体描述：淡斑效果没感觉到，已经第三瓶了。，滋润及保湿：保湿还是可以,保湿|可以,1
本来就有一个又送一个，实际相当于三个。味道还可以,味道|还可以,1
搞活动买的价格很便宜，很实惠，已经使用过一次，里面的精华液很多，以后会继续关注，期待效果，五星好评,价格|很多,0
还行吧，味道刚开始不习惯，现在用着还行,味道|不习惯,1
送货速度快。包装完整。**质量杠杠的,包装|快,0
物流也快，实惠！物流也快，实惠！物流也快，实惠！物流也快，实惠,物流|快,1
棒棒哒，一直用这款隔离，效果很好。搞活动买的很划算,活动|很划算,1
一直的老客户，发货飞快，质量不错，值得推荐,质量|飞快,0
物流很快啊我都用上了,物流|很快,1
物流很快，但是外包装好像有拆了的痕迹，里面的小包装完好。这次网购总体一般，不是太完美,小包装|很快,0
还不错，包装完整，挺清爽的,包装|完整,1
这款卸妆水，效果真的很一般，卸妆不是太干净，价钱跟商品本事，差距还是很大，实事求是的讲，不是很值,卸妆|不是太干净,1
发货迅速而且质量不错，已经是第二次购买了,发货|迅速,1
快递小哥一如即往的好服务，我用这款面膜不错，很服帖，支持,快递小哥|好服务,1
整体描述：包装很紧密，清洁能力：清洁效果好，味道很香,包装|很紧密,1
遮暇效果很好，美白效果也不错，就是味道有点太香，如果没有香味就更好了,美白效果|不错,1
粉扑好硬。粉液也一般般啦。不过也对的起这个价格。有两个替换装,价格|对的起,1
卸妆水收到了，很好用，卸妆效果很好，用后脸不紧绷！一直用***，相信,卸妆效果|很好,1
美白效果不是太明显，不过价格挺实惠的，用着感觉也挺好，每天一片也不会觉得浪费，挺好的，棒棒哒,价格|不是太明显,0
还不错，美容液比较丰富，滑滑的，面膜纸尺寸大小合适，非常服帖脸型，价格也不贵,价格|合适,0
宝贝收到了，物流超快，买了两三天就到了，延展性很好，买的紫色，调节肤色，很好用，还会回购的,延展性|很好,1
发货很快，活动期间买的，特别合算，面膜纸贴合很好，精华也蛮多，可以用好久了,活动|蛮多,0
温和程度：很好。清洁效果：不错。控油效果：还行。泡沫丰富度：一般。保湿效果：挺可以,控油效果|还行,1
快递点个赞，超级快，质量也是杠杠滴，已经买了两三次了，用起来感觉很不错，棒棒哒,质量|杠杠滴,1
包装精美，物流还是一如既往的快，还没用过这个面膜，用过了再来评价,包装|精美,1
物流特别特别给力，卖家服务态度非常好，用的好在光顾,物流|非常好,0
不止一次买不来呀，隔离效果好，而且价格非常公道喜欢的朋友可以入手,隔离效果|好,1
虽然还没用，期待效果。包装真心不错，速度也快,速度|快,1
上妆效果：有点假面，比较厚重，持久情况：很好，适合肤质：油皮,持久情况|比较厚重,0
发货很快，活动期间买的，特别合算，面膜纸贴合很好，精华也蛮多，可以用好久了,活动|很快,0
很不错的面膜，很喜欢，**优惠活动很给力，客服态度也很好,优惠活动|也很好,0
持久情况：不怎么挫泥，还好，防晒效果一般，物流多块的,持久情况|还好,1
很不错的面膜，很喜欢，**优惠活动很给力，客服态度也很好,客服态度|很给力,0
包装很好，不不饿，跟朋友拼单，很合适，喜欢，继续活动,包装|很好,1
这是第三次买了保湿效果不错，这次还送了盒子，谢谢老板,保湿效果|不错,1
很好吸收，遮瑕不适合，但是隔离效果，挺好的，保湿度，一般般,遮瑕|挺好的,0
收到了，遮瑕效果好，价格实惠，物有所值，开心，棒棒哒，会再次光临,遮瑕效果|实惠,0
****物流速度快，商品价格优惠,物流速度|优惠,0
还没用，送了面膜，包装还不错，忘记拍照了，物流还蛮快,物流|还蛮快,1
卖家发货速度快的，质量好，价格便宜,价格|快,0
包装的很好，也很优惠，买了三组,包装|很好,1
面膜刚到很喜欢，包装也非常好，运货速度也非常快非常满意,包装|非常快,0
价格便宜活动给力，夏天防晒配卸妆，不错。价格便宜活动给力，夏天防晒配卸妆，不错,价格|给力,0
物流很快，态度很好，面膜颜值很高，还没用不知道好不好,颜值|很好,0
酒精味道比较浓郁,酒精味道|比较浓郁,1
物流很快，一直用这个牌子，质量很好是正品，活动买的很划算,活动|很好,0
对我来说泡沫过于多了，不过质地很温和，洗完之后很舒服,质地|很温和,1
佩服**的速度，早晨定晚上就收到了，还没用，不知道效果如何，用了在评论,速度|佩服,1
帮朋友买的价格合算，送货速度很快,送货速度|合算,0
物流很快，一直用这个牌子，质量很好是正品，活动买的很划算,物流|很快,1
包装精美，物流还是一如既往的快，还没用过这个面膜，用过了再来评价,物流|精美,0
**发货送货很快，服务态度很好，质量值得信赖，好评,质量|很快,0
非常满意，没有异味，瓶口方便，使用无异常不适。推荐购买,异味|没有,1
上午拍的下午就到了，物流没得说，用这牌子两年了，其它面膜再没用过,物流|没得说,1
价格便宜活动给力，夏天防晒配卸妆，不错。价格便宜活动给力，夏天防晒配卸妆，不错,活动|便宜,0
很不错的面膜，***，很不错，很滋润，用了很水润，价格很实惠**很给力，到货速度很快，很满意，赞一个,价格|很快,0
商品是正品哦，质量棒棒哒，**的服务跟物流一样棒哦,物流|棒,1
价格便宜实惠东西不错，正品下次再来，包装也好，有档次,价格|有档次,0
到货快，好用，补水隔离效果好，价格实惠，很划算很喜欢,到货|快,1
清洁度还不错，保湿效果很好,保湿效果|很好,1
粉质细，上妆轻薄透亮，紫色提亮肤色不夸张，物美价廉，会回购喜欢，要上加上防就更好了方便一瓶搞定,上妆|不夸张,0
功能性好，没有过敏的情况，比较温和，价格实惠,价格|实惠,1
**的物流超快的，隔天就收到了，点个赞。面膜挺好用的，补水效果不错，价格很实惠，棒棒哒,补水效果|不错,1
物流快当晚就用了一片精华液很多，敷完脸嫩嫩的，不错,精华液|很多,1
东西收到了，包装也很细心，具体如何还没试，所以也不知道,包装|很细心,1
看着还不错，就是包装有点简陋，试了再追评,包装|有点简陋,1
给妈妈买的，之前自己已经买了一支大的，不油腻，好抹开。这次活动价格并没有便宜很多,活动价格|没有便宜很多,1
这个面膜不好用，保湿不好，包装也不好，差评,保湿|不好,1
做活动买的还挺划算的，包装很好，精华液也挺多的，效果嘛没什么突出的，就单纯补补水还吧,活动|挺多的,0
当天买就收到了，物流很给力，快递小哥也很给力，宝贝还没用。看着不错,快递小哥|很给力,1
拿回来用了几片，保温效果挺好的，第一次用皮肤也没有出现过敏现象,保温效果|挺好的,1
**的物流真是超级快，东西还没用，赠品也不错,赠品|超级快,0
用过才来评价的，自然色擦到脸上感觉颜色有点暗，别的还好,颜色|有点暗,1
补水效果很好，面膜很服帖，好用下次会回购,补水效果|很好,1
挺好的，底色很好，使用起来也很方便的,底色|很好,1
很好用，清爽不油腻，价格还便宜,价格|便宜,1
很好，物流也很快，服务态度，很好,服务态度|很好,1
好，价格实惠，很好用买一送一超级划算**物流超快！非常满意,价格|实惠,1
用了两年这个了！非常喜欢她的味道！保湿效果很好，我很喜欢,味道|很好,0
正在用，补水效果不错,补水效果|不错,1
产品收到了，**快递公司果然给力，前一天晚上下单，第二天就到了，给快递小哥点赞,快递小哥|给力,0
还可以吧，不是那么水润，味道有点大，物流挺快的,味道|有点大,1
刚刚收到货，七号下单八号已收货，**物流超快服务到家，听朋友说增品不少，可我目前没收到,物流|没收到,0
快递小哥很热情，送货速度很快，挺好的,快递小哥|很热情,1
挺好的，就是物流有点慢，可能是因为偏吧,物流|有点慢,1
实惠好用，包装精美，大品牌就是好,包装|精美,1
这个遮瑕效果一般,遮瑕效果|一般,1
补水效果挺好的,补水效果|挺好的,1
快递师傅很给力,快递师傅|很给力,1
物流很快，包装不错，第一次使用这个牌子，期待,物流|很快,1
挺温和的，但清洁效果不是很好,清洁效果|不是很好,1
宝贝到了，包装完整，打开后宝贝也很漂亮，味道也是很不错，满意,包装|很不错,0
帮朋友买的，比专柜便宜多了，搞活动买很划算,活动|很划算,1
味道挺好闻的，上妆效果很好,味道|很好,0
做活动买的还挺划算的，包装很好，精华液也挺多的，效果嘛没什么突出的，就单纯补补水还吧,包装|很好,1
发货很快，活动期间买的，特别合算，面膜纸贴合很好，精华也蛮多，可以用好久了,精华|蛮多,1
一直用这款，保湿补水效果不错,补水效果|不错,1
第一次使用气垫，果然比霜好用多了，很细腻，也很提亮肤色，相当不错，**快递更是没得说,快递|没得说,1
面膜很不错，补水挺好的，价格也很实惠，还送了三敷眼贴，很好用,补水|很实惠,0
宝贝质量不错，客服服务态度也不错。但是物流应该改进，到件几天也不派送，打客服电话也是敷衍了事,客服服务态度|不错,1
很好，很喜欢。建议购买。我还分了一盒给我妈，我觉得卸妆也挺好的，还有泡沫很多哦,卸妆|挺好的,1
比较显白，有一点淡淡的香味，发货速度挺快,发货速度|淡淡的,0
物流慢死，付款天才发货，买了几百块也没赠品,赠品|没,1
礼盒很精美，以为买了很多，其实收到也就一点点，赠品很丰富,赠品|很丰富,1
有的不知道是什么原因，贴上就有一块一块像是透气，可戴包装还是完好无损！贴十贴有两贴是这样的，求解释,包装|完好无损,1
买给妈妈用的，快递非常给力，产品价格做活动力度大，很便宜,活动力度|大,1
瓶子很漂亮很喜欢也很好用快递很快态度好,快递|很漂亮,0
活动很划算，清洁很彻底，泡沫丰富，是会有好用的东西,清洁|很划算,0
物流很快，态度很好，面膜颜值很高，还没用不知道好不好,物流|很好,0
用了小样，泡泡很少，感觉清洁不是很够，但是真的很温和,清洁|很少,0
效果很好，价格很便宜,效果|很便宜,0
非常满意，没有异味，瓶口方便，使用无异常不适。推荐购买,瓶口|没有,0
老婆交代一定买这个，收到货先晒晒，快递小哥很给力！希望包装能好点,快递小哥|很给力,1
不错哦。速度很快，。以后就买****的了,速度|很快,1
使用后好清淡的香味，也不是那种特别厚重的百，很薄很透，非常喜欢，后期用后再追加评价,香味|好清淡,1
价格很优惠，就是保质期太短了，给个好评鼓给个励，商品很不错,价格|太短,0
买给妈妈用的，快递非常给力，产品价格做活动力度大，很便宜,快递|大,0
还好吧，物流很给力，快递员态度很好，就是好小一支啊，好评吧,物流|很好,0
卸妆效果很一般嘛，而且包装也很简陋，不建议购买,包装|很一般,0
宝贝收到了，物流超快，买了两三天就到了，延展性很好，买的紫色，调节肤色，很好用，还会回购的,延展性|超快,0
上妆效果：有点假面，比较厚重，持久情况：很好，适合肤质：油皮,上妆效果|很好,0
**快递太给力了，昨天下单，今天收到,快递|太给力了,1
个人情况：我是脸比较白的那种，没有感觉到有美白，吸收情况：吸收挺好的，整体描述：淡斑效果没感觉到，已经第三瓶了。，滋润及保湿：保湿还是可以,保湿|没有感觉,0
棒棒哒，一直用这款隔离，效果很好。搞活动买的很划算,效果|很划算,0
此次活动超级合适，买了整整一大箱子，送货速度非常快！面膜的精华液很多！很好,活动|超级合适,1
用了一段时间才来评价的，洗面奶很好用，泡沫丰富细腻，好,泡沫|细腻,1
包装好物流快给力,物流|给力,1
好用，颜值也高不错,颜值|高,1
送货速度快包装很好,送货速度|快,1
不错比在超市和店里买划算卖家和快递服务都不错给五星好评,快递服务|不错,1
控油效果：很好。清洁效果：很干净。泡沫丰富度：刚刚合适。保湿效果：保湿一整天。温和程度：很好,清洁效果|刚刚合适,0
宝贝收到了，我要投诉快递员，服务态度不好，还反说我这个人说话不好听,快递员|投诉,1
宝贝收到了，迫不及待打开包装，味道很好，晚上试试，卖家好有爱，买一份送一份哦，还会继续购买的哦,味道|很好,1
多次购买了，用着效果很好，价格便宜,价格|便宜,1
个人情况：混合性肌肤，整体描述：还行，滋润及保湿：保湿感觉差一些，有点干，吸收情况：属亚光，吸收还好,吸收|有点干,0
性价比高，用后皮肤很好，质量不错,性价比|高,1
还可以吧，一股浓浓的酒精味,酒精味|浓浓的,1
用了小样，泡泡很少，感觉清洁不是很够，但是真的很温和,泡泡|不是很够,0
比较满意，送了两个替换装。**的物流就是快昨天买的今天就到了。快递小哥服务态度比较好,快递小哥服务态度|就是快,0
味道很好闻，清洁能力也不错，我是敏感肌肤，用了没有过敏,清洁能力|不错,1
个人干湿混合型，上妆比较滋润，相较其他遮瑕，没有那么强，比较轻薄。持久度还是挺ok的,上妆|比较滋润,1
收到货了物流特别快隔离特别好,隔离|特别好,1
东西还是不错的，很喜欢！物流速度也快，老板人很好，老板娘也很漂亮，还送了小礼物！有需要还会再来！好评,物流速度|很好,0
东西还没来得及用，主要是给快递小哥点赞，风雨无阻,快递小哥|点赞,1
在手上试了一下，不油腻，很自然，味道很好闻，不知出汗后怎样，用的好后会追评，物流很快，满意,味道|很好闻,1
味道很好闻，清洁能力也不错，我是敏感肌肤，用了没有过敏,味道|很好闻,1
好，不错价格实惠物流快,物流|实惠,0
物流特别特别给力，卖家服务态度非常好，用的好在光顾,物流|特别特别给力,1
东西不错，大小也合适。补水效果不错呦,大小|不错,0
一直在用***的产品，好用，值得信赖！快递也很给力,快递|很给力,1
囤货中，还没用，补水应该是没什么问题，毕竟这么便宜，要求也不能太多,补水|没什么问题,1
一直都在用这个牌子，感觉很好用，价格亲民，上妆效果很好,上妆效果|亲民,0
物流好快昨天下的单今天就到了，第一次用感觉挺好的,物流|好快,1
没有赠品了,赠品|没有,1
洁面乳收到了，质量很好，有一股淡淡的香味，清洁效果也好,质量|好,0
手上试用了一下，味道真的像洗发水，香味有点不太喜欢，质地挺轻薄的，抹上也挺滋润,香味|轻薄,0
一般般啦，而且这香味也太重了吧,香味|太重,1
物流很快，一直都是用的这个牌子，用着很舒服，很温和，不刺激，这次活动买一送一，好划算的,物流|很快,1
很不错的面膜，***，很不错，很滋润，用了很水润，价格很实惠**很给力，到货速度很快，很满意，赞一个,到货速度|很快,1
与描述一致，这款泡沫少但清洗很干净，气味优雅，一直在用，发货及时,气味|少,0
价钱实惠，质量很好的国货产品，第三次购买了,质量|实惠,0
好用，一直在用，第一次在**买，包装严实，**物流太棒了，刚好用完，物流快一天到货特别救急,包装|太棒了,0
超级划算哦，日常补水没问题了，隔天就用，还送了二十片，真的很划算呢,补水|没问题,1
很好的宝贝，非常喜欢，物流也快，服务很好，赞一下,物流|快,1
价钱实惠，质量很好的国货产品，第三次购买了,价钱|实惠,1
面膜是正品，真正的物美价廉，物流给力快递小哥服务态度很好。点赞！需要的请赶快入手啦,快递小哥服务态度|很好,1
物流很快，一直用这个牌子，质量很好是正品，活动买的很划算,质量|很好,1
隔离霜味道很好闻。是我喜欢的味道，就是挤出来的时候一直往外出，止不住,味道|喜欢,1
价格便宜实惠东西不错，正品下次再来，包装也好，有档次,包装|实惠,0
**购物值得信赖，质量好，送货快,送货|快,1
包装好物流快给力,包装|好,1
东西还没开始用，评价是因为我想夸一下物流，那是真的，效率超级高,物流|效率超级高,1
**发货送货很快，服务态度很好，质量值得信赖，好评,服务态度|值得信赖,0
整体描述：包装很紧密，清洁能力：清洁效果好，味道很香,清洁能力|很紧密,0
第一次购买，味道很好闻，不知效果怎么样送货很快，**给力，谢谢期待效果,味道|很好闻,1
不错，挺好吸收，香味特别喜欢,香味|特别喜欢,1
服务态度员太差劲一点都不尊重别人,服务态度员|太差劲,1
美美直播间里买的，价格优惠。我之前在这家店铺买过化妆品，质量很好。是正品相信美美，以后会继续关注的,价格|优惠,1
持妆和控油效果都不错，遮暇一般般,遮暇|一般般,1
发货很快，活动期间买的，特别合算，面膜纸贴合很好，精华也蛮多，可以用好久了,发货|很快,1
**真的是很方便呀，速度又快，东西也不错，超爱互联网时代，为我的生活减压啦。棒棒哒棒棒哒,速度|快,1
在手上试了一下，不油腻，很自然，味道很好闻，不知出汗后怎样，用的好后会追评，物流很快，满意,物流|很快,1
一直都用，非常棒，经济实惠，非常棒赠品好多包装挺好,赠品|好多,1
收到了，面膜效果非常不错**发货也非常给力，赞一下,发货|非常给力,1
粉质细，上妆轻薄透亮，紫色提亮肤色不夸张，物美价廉，会回购喜欢，要上加上防就更好了方便一瓶搞定,粉质|透亮,0
保湿效果还好吧，还喜欢,保湿效果|还好吧,1
第一次买***的面膜，看评论说用着不错买来试试，用了确实很补水，精华液也很多，好评,精华液|很多,1
刚刚收到货，七号下单八号已收货，**物流超快服务到家，听朋友说增品不少，可我目前没收到,服务|超快,0
物流很快，包装不错，第一次使用这个牌子，期待,物流|不错,0
节日做活动便宜了很多，很好用补水保湿效果很好，很满足,保湿效果|很好,1
一直用***，感觉这个是最适合我的，补水效果特别好,补水效果|特别好,1
温和程度：很好。清洁效果：不错。控油效果：还行。泡沫丰富度：一般。保湿效果：挺可以,清洁效果|一般,0
这个粉饼好用，送货快，包装盒完好，省时省力,送货|快,1
宝贝质量很好，给全五分好评，服务态度也很棒，给个赞，物流神速，必须，好评,质量|很棒,0
挺好的，遮瑕的效果也特别好，特别喜欢，物流也特别快,物流|特别快,1
还可以，主要是性价比比较高，被种草的,性价比|比较高,1
温和程度：很好。清洁效果：不错。控油效果：还行。泡沫丰富度：一般。保湿效果：挺可以,温和程度|很好,1
瓶包装完美，瓶子很好，分量足，卸妆水感觉很少,包装|很少,0
很实惠，清洁皮肤效果很好,清洁皮肤效果|很好,1
味道挺好闻的，上妆效果很好,味道|挺好闻的,1
没有用过，希望好用。感觉方便。**速度快,速度|快,1
补水效果好，用后脸水润润的，味道清香，易吸收，做活动买的，很划算,味道|清香,1
补水效果很好，味道也好闻,补水效果|很好,1
和我在店里买的一样，价格还便宜，以后***就在你家买了，希望店家保持正品哦,价格|便宜,1
好，不错价格实惠物流快,价格|实惠,1
挺好的，以前的都比较干燥，这个就质地挺保湿的那种。而且很好闻，持久度也还行吧，对于学生党挺友好的,持久度|还行,1
快递员很细心,快递员|很细心,1
卖家服务态度很好，宝贝很不错，物流也很快,服务态度|很好,1
商品是正品哦，质量棒棒哒，**的服务跟物流一样棒哦,质量|棒棒哒,1
非常好的一款产品！使用没毛病，效果好，包装精美，送人自用都可以！！！推荐大家购买啊！！真的很好,包装|精美,1
宝贝收到了，物流速度，谢谢亲，快递真的快,快递|真的快,1
快寄很给力，第二天就到货，不用苦等好几天，一直在用的一款面膜，水水润润，赞,快寄|很给力,1
产品很好，快递很快，第二天就到了，速度惊人,快递|很快,1
此次活动超级合适，买了整整一大箱子，送货速度非常快！面膜的精华液很多！很好,精华液|非常快,0
补水效果不错，价格也实惠，做活动还会买,补水效果|不错,1
很好卸妆,卸妆|很好,1
宝贝收到了，**物流非常快，包装很好，希望使用效果也好,包装|很好,1
用了好久才来追评，忘记了，非常满意，很喜欢，态度好，物流也特别快给满分,态度|好,1
宝贝质量很好，给全五分好评，服务态度也很棒，给个赞，物流神速，必须，好评,服务态度|很好,0
特别满意，体亮自然,体亮|自然,1
用了感觉有酒精味道，但是很快就挥发，我敏感肌肤，用了不过敏，比安耐晒质地清爽，不油腻，而且擦了有提亮肤色现货,质地|清爽,1
**送货很快，第一次购买这个产品，包装很到位，不错的,包装|很到位,1
颜色好看，服务态度很好。物流快速。希望好用，下次再买,服务态度|快速,0
清爽而光滑，效果不错，色泽唯美，气味甜美，推荐有红血丝的可以用哦,气味|唯美,0
洁面乳收到了，质量很好，有一股淡淡的香味，清洁效果也好,质量|淡淡的,0
用过一个了，遮盖力一般，但是很滋润，很好用,遮盖力|一般,1
搞活动买的价格很便宜，很实惠，已经使用过一次，里面的精华液很多，以后会继续关注，期待效果，五星好评,精华液|很多,1
物流挺快的，昨晚下的单今早就收到货了，还送了一盒赠品。一直使用***人鱼面膜挺好的,物流|挺快的,1
物流超快，而且是满满的两大盒，试用了一片，感觉有点味道呢，希望是正品,物流|超快,1
多次购买了，效果不错哦，价格便宜,价格|便宜,1
**快递超级快，是正品,快递|超级快,1
收到了，第二次购买，**没得说服务就是好，尤其是快递小哥服务态度特别好，给你个赞,快递小哥服务态度|就是好,0
价格便宜实惠东西不错，正品下次再来，包装也好，有档次,价格|实惠,1
一流产品，三流快递，直接下降成二流产品！得不偿失,快递|一流,0
黄皮，买的象牙色有点白了，不过过一会就好点，控油情况还行,控油情况|还行,1
做活动买的还挺划算的，包装很好，精华液也挺多的，效果嘛没什么突出的，就单纯补补水还吧,精华液|很好,0
刚刚用，还不错，喜欢这颜色和味道，继续使用哦,味道|喜欢,1
味道挺好闻的，上妆效果很好,上妆效果|很好,1
商品不错，价格合适，物流给力，还会再买,物流|合适,0
一直用的这款面膜补水挺好的，用完皮肤又白又亮,补水|挺好,1
宝贝质量不错，客服服务态度也不错。但是物流应该改进，到件几天也不派送，打客服电话也是敷衍了事,客服|应该改进,0
物流很快，态度很好，面膜颜值很高，还没用不知道好不好,颜值|很快,0
遮瑕效果超好的，对于干皮可能有点干，超适合油皮用的,遮瑕效果|超好,1
**就是棒，物流超快。价格相当实惠，没想到有那么大瓶。用的很好。干净,价格|相当实惠,1
买一送一价格非常合适，喜欢，用了跟舒服也很符合我的皮肤，还会再来买,价格|非常合适,1
一点都没有遮暇效果，反正只能说不过敏吧,遮暇效果|一点都没有,1
面膜刚到很喜欢，包装也非常好，运货速度也非常快非常满意,包装|非常好,1
快递太给力了，晚上下的单，早上就到了，还送了瓶小的卸妆水，可以出行方便携带啦，用了好用再来评价吧,快递|太给力了,1
不止一次买不来呀，隔离效果好，而且价格非常公道喜欢的朋友可以入手,价格|好,0
物流快当晚就用了一片精华液很多，敷完脸嫩嫩的，不错,物流|快,1
很不错。不是特别显白，很自然的一款。大家可以放心购买。快递也超快,快递|超快,1
淡淡的香味，保湿效果挺好，容易吸收，适合夏天用,保湿效果|挺好,1
东西不错，厚度适中，大小合适。物美价廉，值得购买，五星好评,厚度|适中,1
卸妆比较干净，用了后基本没粉刺了，鼻子上黑头好像也少了,卸妆|比较干净,1
保湿锁水效果真的很好，趁着还有活动，又下了一单，多存点,锁水效果|很好,1
味道非常好闻，用起来也特别服帖自然，感觉不错，产品价格也很合理,味道|非常好闻,1
包装精美，质量上乘，价格合理，值得购买,价格|合理,1
收到了，第二次购买，**没得说服务就是好，尤其是快递小哥服务态度特别好，给你个赞,快递小哥服务态度|特别好,1
快递速度很快，服务态度很好,快递速度|很快,1
一直在**买东西，质量值得信赖物流还快，以后还会继续关注的,物流|快,1
不错，很好用，客服也很细心，态度也非常好，我的问题都一一做了回答,客服|非常好,0
补水效果特别好，精华液也很多,精华液|很多,1
遮暇效果很好，美白效果也不错，就是味道有点太香，如果没有香味就更好了,味道|不错,0
快递挺快的，今天下单，次日送达，给个好评,快递|挺快的,1
很不错的，一直都是用这个牌子的，喜欢，点赞！**物流速度很快的,物流速度|很快,1
补水效果好，用后脸水润润的，味道清香，易吸收，做活动买的，很划算,味道|很划算,0
**快递就是强大，第一次***的，用过之后再来评价,快递|强大,1
****，值得信赖，发货神速，质量上乘,发货|神速,1
物流慢死，付款天才发货，买了几百块也没赠品,赠品|慢死,0
多次购买了，感谢做活动这么便宜，以后双十一还来买，效果好，虽然没有美白，夏天没变黑球，就很好了,活动|这么便宜,1
不止一次买不来呀，隔离效果好，而且价格非常公道喜欢的朋友可以入手,价格|非常公道,1
非常喜欢，物超所值。超赞，物流还常快，商家服务好,商家服务|好,1
物流快，一直在用这个，值得推荐,物流|快,1
老顾客了，已经回购很多次了，产品很好，客服也很好,客服|很好,1
快递没话说，非常好，宝贝收到就用了，补水效果很好，买份共收到片，超合算，下次有活动再回购,快递|没话说,1
虽然还没用，期待效果。包装真心不错，速度也快,包装|快,0
颜色粉粉的，用着很好。不油腻也清爽。继续用,颜色|粉粉的,1
还好吧，物流很给力，快递员态度很好，就是好小一支啊，好评吧,快递员态度|很给力,0
物流快，价格便宜，昨晚今早各试用了一片，滋润补水，我是敏感皮肤用了没有任何不适，推荐购买,物流|快,1
做活动买的还挺划算的，包装很好，精华液也挺多的，效果嘛没什么突出的，就单纯补补水还吧,效果|还挺划算的,0
**发货超快，包装也挺好的，三八女神节拍的，价格实惠，查了验证码，是正品，下次回购,价格|实惠,1
已经是第二次回购了，精华很多，也很补水而且用了二次后我鼻子上长的痘痘有消下去，皮肤也满水润的,精华|消下去,0
活动很划算，清洁很彻底，泡沫丰富，是会有好用的东西,清洁|丰富,0
我去年双十一买的！补水效果不错！是正品，又回购了两盒,补水效果|不错,1
持久情况：不怎么挫泥，还好，防晒效果一般，物流多块的,物流|还好,0
刚收到，包装很喜欢，还没有用，不知道好不好用,包装|很喜欢,1
颜色偏暗，持久可以,持久|偏暗,0
很好，物流也很快，服务态度，很好,物流|很快,1
今天刚收到。晚上用过再追评哈。看着是正品，感觉用着应该也不错。最主要是价格比较实惠,价格|比较实惠,1
用了年了性价比高而且好用一如既往的会买这款隔离,性价比|高,1
声明不是盗图，一下买了片，却下了两个单物流快，包装严实,物流|严实,0
持久情况：不怎么挫泥，还好，防晒效果一般，物流多块的,防晒效果|一般,1
颜色比较好看，用后有点清凉的感觉，还可以吧,颜色|比较好看,1
包装太随便了吧连个包装盒都没有,包装盒|没有,1
质优价廉，送货速度快，服务好,送货速度|快,1
好评，**买东西速度快，有保证好评，**买东西速度快，有保证,速度|快,1
挺好吸收的，不油腻，很舒服，美白效果还没看出来,美白效果|没看出来,1
昨晚下单，今早上就到了，快递小哥神速,快递小哥|神速,1
这个面膜不好用，保湿不好，包装也不好，差评,包装|不好,1
做活动，挺优惠的，值得购买,活动|挺优惠的,1
很好用，泡沫不多但是清洁力跟强，有香味，洗完后很补水,泡沫|不多,1
一如既往的好用，非常的服帖，精华液也不多，刚好够脸，而且很清爽，很喜欢,精华液|不多,1
用着还不错，买的紫色那个，性价比算高，眼下看可能会回购,性价比|高,1
***洗面奶收到了，是正品，已使用，洁面很干净，温和不刺激，很好用,洁面|很干净,1
好用，一直在用，第一次在**买，包装严实，**物流太棒了，刚好用完，物流快一天到货特别救急,物流|太棒了,1
几百块钱的产品里给我放个近期在里面，还说都是保质期三四年呢客服态度敷衍了事,保质期|敷衍了事,0
味道闻起来很香，用起来很水润不浮粉，喜欢,味道|很香,1
包装完整，买了两盒，七五折，实惠。用过以后再来追评,包装|完整,1
包装简陋，没有说明书。正品,包装|没有,0
物流很快。买一送一，超级实惠,物流|很快,1
包装看起来还挺不错，试用了下还可以，香香的味道,包装|挺不错,1
很喜欢这个洗面奶。清洁太给力了。洗的很干净,清洁|太给力了,1
**快递速度快，性价比不错，好,性价比|快,0
量不多，这么一小瓶。遮瑕是假，提亮肤色是真，使用后皮肤稍微干燥。不过物流挺快第二天到货的,遮瑕|是假,1
实惠，回购很多次了，速度很快，第二天就到了,速度|很快,1
还可以，量多能用好久,量|多,1
挺好的，一直用的这个牌子的，物流也挺快的,物流|挺快的,1
控油效果：很好。清洁效果：很干净。泡沫丰富度：刚刚合适。保湿效果：保湿一整天。温和程度：很好,泡沫丰富度|一整天,0
宝贝收到了，只是这包装，确实够随意的，还没用，用后追评,包装|够随意,1
喜欢它的设计，不用倒置瓶口就可以把卸妆水倒出来,设计|喜欢,1
清洁能力：泡沫很多，一搓就有，洗的挺干净的，味道也好闻，很温和,清洁能力|好闻,0
物流很快，用起来感觉补水效果很明显,补水效果|很快,0
卖家发货速度快的，质量好，价格便宜,发货速度|快,1
超级喜欢，小海马服务棒棒哒哦，表白小海马爱你哟,服务|棒棒哒,1
包装很满意，不过还没用,包装|很满意,1
做活动买的还挺划算的，包装很好，精华液也挺多的，效果嘛没什么突出的，就单纯补补水还吧,效果|很好,0
物流很快，面膜用后感觉也特别的好，价格也很实惠，喜欢的可以试试哦,价格|很快,0
温和程度：很好。清洁效果：不错。控油效果：还行。泡沫丰富度：一般。保湿效果：挺可以,清洁效果|挺可以,0
做活动买一送一，价格实惠，第一次用这个面膜，挺好用的，补水效果不错，精华也很多，味道淡淡的,补水效果|很多,0
商品不错，价格合适，物流给力，还会再买,物流|给力,1
东西不错，价格实惠，以后还会购买,价格|实惠,1
很好，面膜挺薄的，精华挺多的，用着也很舒服,精华|挺多的,1
清洁能力：感觉还行，泡沫不会太多，容易清洁，洗完脸不会很干！忘记拍照了,清洁能力|不会太多,0
收到了，物流很快呢，活动买的很划算哦,物流|很划算,0
挺好用的，上午买的下午就送到了，物流超快,物流|超快,1
和店里的一样，我老公用了好几年，就喜欢这味道,味道|喜欢,1
用了，很不错，活动的时候买的很划算,活动|很划算,1
**的物流超快的，隔天就收到了，点个赞。面膜挺好用的，补水效果不错，价格很实惠，棒棒哒,价格|很实惠,1
**的物流超快的，隔天就收到了，点个赞。面膜挺好用的，补水效果不错，价格很实惠，棒棒哒,物流|超快,1
不错是正品，价格有优势，快递也很给力，以后会继续购买,快递|很给力,1
两瓶大的还送了两瓶小样试用。非常的实惠，拿着一箱都非常的沉，能用很久了性价比真高,性价比|真高,1
味道很喜欢，价格也很划算,味道|很划算,0
****，物流特别快，纸质不错，刚好遇到活动价，果断下手，有时间再用，到时候再追评,物流|不错,0
物流速度有点慢，第二天没有到达,物流速度|有点慢,1
我是混干皮，觉得还不错，遮瑕四星，持久度四星，也挺好上妆的，就是这个色号比我稍微暗一点，我本来就不算白，这个色号有点黑了,色号|四星,0
物流很快，用起来感觉补水效果很明显,补水效果|很明显,1
防晒隔离效果不错，涂上后肤色显白又不夸张，用完下次还购买,隔离效果|不错,1
刚刚收到货，七号下单八号已收货，**物流超快服务到家，听朋友说增品不少，可我目前没收到,增品|到家,0
已经第二次购买，很柔滑补水效果很好，真心好用,补水效果|很好,1
性价比很高，很好用，每年都要买好多给婆婆给妈妈，双十一价格超级优惠，很满意,价格|很高,0
**快递速度快，昨天下单，今天就到了，面膜与实物相符，效果等用了才知道，不过应该给快递点赞,快递|点赞,1
物流很快，等用过了再在评价,物流|很快,1
挺好的，很喜欢在**购物，价格便宜，送货快，很方便,送货|快,1
还是不错的。产品包装很好,包装|很好,1
一直用的这个牌子，很好用，价格也实惠，买的值,价格|实惠,1
妆感比较厚重，上脸很舒服,妆感|比较厚重,1
补水效果好，用后脸水润润的，味道清香，易吸收，做活动买的，很划算,味道|好,0
**的物流真是超级快，东西还没用，赠品也不错,赠品|不错,1
物流很快，货收到就赶快打开看看，体验一下，感觉效果还不错，喜欢的亲们赶快下单,物流|很快,1
感觉可以，很好涂抹，味道也喜欢,味道|喜欢,1
活动很划算，清洁很彻底，泡沫丰富，是会有好用的东西,活动|丰富,0
看推荐购买，应该补水还可以,补水|还可以,1
价钱实惠，质量很好的国货产品，第三次购买了,价钱|很好,0
**的物流超快的，隔天就收到了，点个赞。面膜挺好用的，补水效果不错，价格很实惠，棒棒哒,物流|很实惠,0
补水效果非常好！精华液也特别多！好评,补水效果|特别多,0
这个价钱真是超级值得，赠品好有分量，很好用，易吸收，推荐,价钱|好有分量,0
东西已收到，物流超快，宝贝用的也挺舒服，唯一的就是怎么没送点小礼品呀,物流|超快,1
这个吧，活动时候挺合适的，不错啊，好用，买了好多了,活动|挺合适,1
面膜很不错，补水挺好的，价格也很实惠，还送了三敷眼贴，很好用,补水|挺好的,1
包装完好，快递小哥服务很好，期待用后效果,包装|很好,0
面膜收到了，包装的很好，没有破损！**商城的就是好，快递人员服务态度也很好，满意,快递人员服务态度|很好,1
是正品，吸收也特别好一点也不油腻，保湿效果很好，值得购买,吸收|很好,0
购物好多次了，价格实惠质量不错，就喜欢这样的感觉,价格|实惠,1
与描述一致，这款泡沫少但清洗很干净，气味优雅，一直在用，发货及时,泡沫|很干净,0
几百块钱的产品里给我放个近期在里面，还说都是保质期三四年呢客服态度敷衍了事,客服态度|近期,0
物流很快，商品好。支持,物流|很快,1
物流很快，态度很好，面膜颜值很高，还没用不知道好不好,颜值|很高,1
这个是第二次买了，活动买很划算的，面膜也很好用,活动|很划算,1
很不错的面膜，***，很不错，很滋润，用了很水润，价格很实惠**很给力，到货速度很快，很满意，赞一个,到货速度|很实惠,0
个人情况：我是脸比较白的那种，没有感觉到有美白，吸收情况：吸收挺好的，整体描述：淡斑效果没感觉到，已经第三瓶了。，滋润及保湿：保湿还是可以,淡斑|可以,0
面膜收到了，包装的很好，没有破损！**商城的就是好，快递人员服务态度也很好，满意,包装|没有破损,1
补水不错，可是有点点过敏,补水|不错,1
很好的宝贝，非常喜欢，物流也快，服务很好，赞一下,服务|快,0
价格实惠，物流快,物流|实惠,0
挺好的，遮瑕效果好,遮瑕效果|好,1
挺好的，很喜欢在**购物，价格便宜，送货快，很方便,价格|便宜,1
双十一买的，价格划算，五分好评,价格|划算,1
很好用，很喜欢，个换用，很喜欢，物有所值，包装和快递都好，下次再买,快递|好,1
快递小哥很热情，送货速度很快，挺好的,快递小哥|很快,0
送货快，当天就到了，用着也还不错，有活动买着划算,活动|划算,1
宝贝已经收到了，很满意，价格也便宜,价格|便宜,1
比自己皮肤颜色稍微白一点，还是比较自然的，一点点可以用全脸,颜色|比较自然,1
上妆效果：还好吧,上妆效果|还好,1
宝贝收到了，迫不及待打开包装，味道很好，晚上试试，卖家好有爱，买一份送一份哦，还会继续购买的哦,卖家|好有爱,1
面膜很不错，补水挺好的，价格也很实惠，还送了三敷眼贴，很好用,价格|很实惠,1
很好，物流也很快，服务态度，很好,服务态度|很快,0
非常好的一款产品！使用没毛病，效果好，包装精美，送人自用都可以！！！推荐大家购买啊！！真的很好,包装|精美,1
收到了，遮瑕效果好，价格实惠，物有所值，开心，棒棒哒，会再次光临,遮瑕效果|好,1
同事双十一买的，没有单独的盒装包装，包装太简单了，就一塑料袋子,包装|太简单了,1
**物流真是神速，早上下单，下午就到了，晚上就可以用了，赞,物流|真是神速,1
包装很好，面膜还可以吧！帮老妈买的,包装|很好,1
用着舒服，补水效果也不错，价格实惠，以后还会光顾,价格|不错,0
用了两年这个了！非常喜欢她的味道！保湿效果很好，我很喜欢,味道|非常喜欢,1
一直在用***的面膜买了好多好多趟，用了几年快递特别快。爱你,快递|特别快,1
妆前隔离很好用啊，粉底有香味我不太喜欢有香味的怕熏到对象,隔离|很好用,1
使用过这个牌子的化妆品，还可以，**配送很给力，五分好评,配送|很给力,1
东西收到了非常满意，家里人也很开心，快递员也很好，好评,快递员|很好,1
第四瓶回购，皮肤是有白一点，淡斑是真没看出来,淡斑|真没看出来,1
快递迅速服务态度好使用效果非常棒，会一直支持的,服务态度|好,1
很喜欢，活动价格超值，真的很美丽啊，越来越觉得**好了,活动价格|超值,1
包装盒压扁了，快递很负责的让我打开看看有没有破损，第一次用这个牌子的护肤品，好用会回购的,包装盒|很负责,0
快递速度很快，服务态度很好,服务态度|很好,1
包装盒压扁了，快递很负责的让我打开看看有没有破损，第一次用这个牌子的护肤品，好用会回购的,快递|很负责,1
效果还不知道，收到就用了，补水可以就是味道太香了,补水|太香了,0
声明不是盗图，一下买了片，却下了两个单物流快，包装严实,包装|快,0
这个面膜，对得起这个价位，补水真的可以，特别是春季比较干燥，之前起了干皮，现在补水不敢大意,补水|真的可以,1
看测评入的，味道挺淡蛮好闻，涂上去还是觉得有点黏黏的，挺小只方便携带好用的话会回购,味道|蛮好闻,1
很好，很喜欢。建议购买。我还分了一盒给我妈，我觉得卸妆也挺好的，还有泡沫很多哦,泡沫|很多,1
比较显白，有一点淡淡的香味，发货速度挺快,香味|淡淡的,1
与描述一致，这款泡沫少但清洗很干净，气味优雅，一直在用，发货及时,发货|很干净,0
**速度快，物美价廉，服务好，值得推荐，还会再来,速度|好,0
还没用，不知道真假，验证了是真品，闻着味道也没错。双十一很便宜,味道|没错,1
第一次用的时候成膜有点慢，第二次的直接水后用，效果完美，带有一定的润色效果，会回购,成膜|有点慢,1
还可以，就是包装也太差了吧，包装,包装|太差了,1
物流快，价格便宜，昨晚今早各试用了一片，滋润补水，我是敏感皮肤用了没有任何不适，推荐购买,价格|快,0
物流速度特别特别快，卖家态度也不错！重点是代言人好！！！！！！喜欢,物流速度|特别快,1
物流很快，包装很严实，没有损坏。活动的时候买的，很划算。第一次买，期待效果,包装|很快,0
补水效果很好，味道也好闻,味道|很好,0
感谢客服的耐心，物流超快，虽然还没用，相信效果非常好,物流|耐心,0
物流很准时，快递员辛苦了,物流|很准时,1
宝贝收到了，迫不及待打开包装，味道很好，晚上试试，卖家好有爱，买一份送一份哦，还会继续购买的哦,卖家|很好,0
特别好的一款面膜，很滋润补水效果也不错，满分满分，以后继续买,补水效果|不错,1
物流很快，包装完好，心情美美的。活动价买的，多送了一个替换装,物流|很快,1
洁面乳收到了，质量很好，有一股淡淡的香味，清洁效果也好,香味|很好,0
味道不错，不紧绷,味道|不错,1
这几天用了保湿效果不错，是我想要的效果,保湿效果|不错,1
好用，味好闻,味|好闻,1
东西不错，大小也合适。补水效果不错呦,补水效果|不错,1
送货速度快包装很好,包装|快,0
一直都在用这个牌子，感觉很好用，价格亲民，上妆效果很好,价格|很好,0
宝贝很好，哑光效果，混油皮脱妆不严重，这个色号颜色偏深，建议小仙女买偏浅色的，总体感觉不错，推荐给大家,颜色|偏深,1
送货速度快包装很好,送货速度|很好,0
瓶子很漂亮很喜欢也很好用快递很快态度好,瓶子|很快,0
个人情况：中性批发，整体描述：包装完好，送了一块面膜，用着还行，清洁能力：洗不干净，不推荐使用,清洁能力|完好,0
还没有用，应该不错吧。就是这个日期不太好,日期|不太好,1
一直在**买东西，相信**的品质，送货很快，服务也很好,送货|很快,1
活动买的，补水效果很好，味道好闻,补水效果|很好,1
还好吧，量挺多的,量|挺多的,1
刚刚收到货，七号下单八号已收货，**物流超快服务到家，听朋友说增品不少，可我目前没收到,服务|没收到,0
宝贝收到了，迫不及待打开包装，味道很好，晚上试试，卖家好有爱，买一份送一份哦，还会继续购买的哦,味道|好有爱,0
很不错的，看着包装比较好，很喜欢，只是还没有试用，防晒的看起来有点小,包装|比较好,1
物流慢死，付款天才发货，买了几百块也没赠品,物流|慢死,1
个人情况：东西很棒买了两只泡沫挺多的味道有点香推荐入手,味道|挺多的,0
宝贝早上下单下午就收到了，**物流超快，东西很好，值得购买,物流|超快,1
效果还不知道，收到就用了，补水可以就是味道太香了,味道|还不知道,0
卖家发货很快，活动力度很大，很实惠,活动力度|很快,0
****值得信赖，价格比实体店实惠，是正品，物流快,价格|快,0
面膜感觉不错，价格实惠，值得购买，不错的一次购物，下次还会光临,价格|实惠,1
打开有股淡淡的香味，试用了一下还可以哦,香味|淡淡的,1
味道很不错，以前用过，现在又换回来了，期待一如以往的好用,味道|很不错,1
这个挺好用的，之前也是用的这个都是在店里买的，这次在网上买的也不错，脸比较干这个保湿效果还行,保湿效果|还行,1
一直在用这个牌子的面膜，刚好搞活动就买了，昨晚下的单，今天就到了。快递好，服务好,快递|好,1
用**一年多了，物流快，还有满减，很划算，多次购买了我，回头客,物流|快,1
持妆和控油效果都不错，遮暇一般般,遮暇|不错,0
隔离非常好用，有一点提亮肤色,隔离|非常好用,1
东西还是不错的，很喜欢！物流速度也快，老板人很好，老板娘也很漂亮，还送了小礼物！有需要还会再来！好评,老板|快,0
遮暇效果很好，美白效果也不错，就是味道有点太香，如果没有香味就更好了,味道|很好,0
挺好，泡沫丰富，洗的很干净,泡沫|丰富,1
一直用这个牌子，特别的好，快递也很快，给商家还有快递小哥一百个赞,快递|一百个赞,0
**的物流超快的，隔天就收到了，点个赞。面膜挺好用的，补水效果不错，价格很实惠，棒棒哒,物流|不错,0
做活动买一送一，价格实惠，第一次用这个面膜，挺好用的，补水效果不错，精华也很多，味道淡淡的,味道|淡淡的,1
补水效果特别好！好评！比实体店的价格优惠，物流也快！一直信赖**！还送了一个盒子,补水效果|特别好,1
好用，一直在用，第一次在**买，包装严实，**物流太棒了，刚好用完，物流快一天到货特别救急,包装|严实,1
东西不错，大小也合适。补水效果不错呦,补水效果|合适,0
味道非常好闻，用起来也特别服帖自然，感觉不错，产品价格也很合理,价格|非常好闻,0
物流超级给力，质量很好，价格也合适,价格|合适,1
感觉不错，去污力强,去污力|强,1
收到了，第二次购买，**没得说服务就是好，尤其是快递小哥服务态度特别好，给你个赞,服务|就是好,1
挺显白的，效果很好，很满意，物流也很给力，很愉快的一次购物,物流|很给力,1
做活动买一送一，价格实惠，第一次用这个面膜，挺好用的，补水效果不错，精华也很多，味道淡淡的,精华|淡淡的,0
此次活动超级合适，买了整整一大箱子，送货速度非常快！面膜的精华液很多！很好,活动|非常快,0
卸妆效果很一般嘛，而且包装也很简陋，不建议购买,卸妆效果|很简陋,0
宝贝质量不错，客服服务态度也不错。但是物流应该改进，到件几天也不派送，打客服电话也是敷衍了事,物流|不错,0
很好用，挺湿润的，不干。昨天下的单，今天就到。**物流就是给力,物流|给力,1
与描述一致，这款泡沫少但清洗很干净，气味优雅，一直在用，发货及时,发货|少,0
宝贝收到了，已经是老买主了，味道闻起还不错,味道|还不错,1
***的化妆品还是不错的，值得购买，性价比很高的活动就参加了,性价比|很高,1
一直**购物质量好，物流快，还会回购,物流|快,1
洗面奶泡沫不多，洗了还比较干净，也不紧绷，现在换了整套大红瓶，总体来说还可以，发货挺快的，好评,泡沫|挺快,0
这还是品牌的包装太差了,包装|太差了,1
面膜很好用，保湿效果很好。物美价廉，快递小哥送货速度快，态度很好,快递小哥送货速度|快,1
很多精华液，面膜纸是薄透的，期待效果，物流速度很快,物流速度|很多,0
购买方便，送货快,送货|快,1
**的物流真是超级快，东西还没用，赠品也不错,物流|不错,0
一直在用，感觉隔离效果不错，绿色显得皮肤很白,隔离效果|不错,1
挺不错的，很划算，物流很快,物流|很快,1
用了小样，泡泡很少，感觉清洁不是很够，但是真的很温和,泡泡|很少,1
这款面膜回购的，补水效果非常好,补水效果|非常好,1
**快递是蛮快的，就是包装太简便了吧，面膜里的精华都出来了,包装|蛮快的,0
快递迅速服务态度好使用效果非常棒，会一直支持的,快递|非常棒,0
水分不是很足,水分|不是很足,1
货已经收到！物流很快，快递小哥很热情！还没有用，期待很好用,物流|很快,1
虽然还没用，期待效果。包装真心不错，速度也快,包装|真心不错,1
发货速度快，头一天晚上发货第二天就到了,发货速度|快,1
很好用的面膜，补水保湿效果好，精华多，比较服帖，薄薄的，很舒服，值得购买,精华|多,1
明明写的唇眼可用，没想到那么辣眼睛，味道也刺鼻，太失望了,味道|刺鼻,1
一般般，还可以，价格不算贵！用起来一般般啦,价格|不算贵,1
宝贝质量很好，给全五分好评，服务态度也很棒，给个赞，物流神速，必须，好评,质量|神速,0
非常好。第一次买。用起来很好。很白。隔离效果很好。也不壳粉，以后会继续购买，送了赠品，都是正品,隔离效果|很好,1
做活动买一送一，价格实惠，第一次用这个面膜，挺好用的，补水效果不错，精华也很多，味道淡淡的,味道|实惠,0
非常不错，泡沫细腻，味道很好闻，棒棒哒,味道|细腻,0
肤色自然，提亮肤色，很细腻,肤色|自然,1
搞活动的时候买的挺便宜的用过后才来评价补水效果很好,活动|很好,0
我是混干皮，觉得还不错，遮瑕四星，持久度四星，也挺好上妆的，就是这个色号比我稍微暗一点，我本来就不算白，这个色号有点黑了,遮瑕|四星,1
假货名子都不一样，快要过期，一点遮瑕效果都没有，特别的干掉粉,遮瑕效果|没有,1
还不错，美容液比较丰富，滑滑的，面膜纸尺寸大小合适，非常服帖脸型，价格也不贵,价格|比较丰富,0
发货速度挺快的，价格便宜,发货速度|挺快的,1
做活动买一送一，价格实惠，第一次用这个面膜，挺好用的，补水效果不错，精华也很多，味道淡淡的,补水效果|实惠,0
活动很划算，清洁很彻底，泡沫丰富，是会有好用的东西,泡沫|丰富,1
货已经收到！物流很快，快递小哥很热情！还没有用，期待很好用,快递小哥|很热情,1
朋友推荐的这款，第一次使用，很清爽保湿，有一点淡淡的香味，特别好闻,香味|特别好闻,1
好用，补水效果很好，女神节活动，很实惠,补水效果|很实惠,0
宝贝收到了，物流特别快，是我理想的,物流|特别快,1
东西收到，物流快,物流|快,1
很好用，温和不刺激，清洁力也不错，好评,清洁力|不错,1
宝贝到了，包装完整，打开后宝贝也很漂亮，味道也是很不错，满意,包装|完整,1
外观看上去做工粗糙，盖子是弯的，洗面奶很薄，几乎没泡泡，洗后没有清爽的感觉，觉得不值,外观|粗糙,1
面膜保湿效果不错，价格合理，值得购买，一直用这个牌子的,保湿效果|不错,1
双十一物流居然也第二天到，必须点赞,物流|点赞,1
上妆效果：容易上妆，个人情况：油性皮肤，持久情况：下午好像有点出油，整体描述：还不错，适合肤质：油性肤质,上妆效果|容易上妆,1
很好吸收，遮瑕不适合，但是隔离效果，挺好的，保湿度，一般般,隔离效果|挺好的,1
还可以，就想买这个，吸收挺好的，就是包装不是很好,吸收|挺好的,1
快递很快，很喜欢味道也还好，用完试试看怎么样，好的话继续回购，送了卸妆水，和面膜,快递|还好,0
收到了，物流很快呢，活动买的很划算哦,活动|很划算,1
第二次购买了，很温和。给朋友们推荐了，大家都说好用。就是没有礼盒包装，不开心,礼盒包装|没有,1
下午收到，刚刚敷了一片，很滋润挺好的，快递速度很快，快递员态度很好,快递员态度|很好,1
还没有用用了在来评价外表可以,外表|可以,1
我的皮肤是敏感皮肤，用过之后再来评价的，保湿美白效果很好，关键是不过敏，还回来回购的。五星好评,美白效果|很好,1
还行，精华多，护肤一套用，今年入的***水，乳，面霜面膜，期待用完效果,精华|多,1
质地柔软细腻，吸收也挺快，后期看看美白效果,吸收|挺快,1
价格优惠，东西挺好，很喜欢,价格|优惠,1
东西不错，是正品，价格便宜，送货快,送货|便宜,0
洗面奶不错，洗完脸不紧绷，泡沫细腻,泡沫|细腻,1
持久情况：不怎么挫泥，还好，防晒效果一般，物流多块的,物流|多块,1
试用了几天觉得还不错，味道跟以前也一样，个人觉得挺好用,味道|一样,1
很喜欢这款卸妆水，卸妆非常彻底。很干净，一点也不干，值得购买,卸妆|非常彻底,1
物流很快，性价比很高，好评！满意的一次购物,性价比|很快,0
面膜保湿效果不错，价格合理，值得购买，一直用这个牌子的,保湿效果|合理,0
控油效果：很好。清洁效果：很干净。泡沫丰富度：刚刚合适。保湿效果：保湿一整天。温和程度：很好,控油效果|一整天,0
脸上的斑很多，这款气垫遮暇效果还不错，推荐购买。图片是没有美颜的,遮暇效果|还不错,1
一直信赖***，化妆品面膜都是***，质量很好，价格便宜，发货很快呀,价格|很快,0
面膜超级划算，很喜欢**买东西，又便宜又快。购物体验很好！面膜也不错。补水效果不错,补水效果|不错,1
宝贝收到了，我要投诉快递员，服务态度不好，还反说我这个人说话不好听,服务态度|投诉,0
颜色好看，服务态度很好。物流快速。希望好用，下次再买,颜色|好看,1
第二次购买，物美价廉，效果不错挺好的，配送很快,配送|很快,1
宝贝收到了，活动促销买的，还没用，不知道效果如何，卖家发货比较慢，催了几次才发,发货|比较慢,1
用了第二片才来评论，补水效果还可以，是正品,补水效果|还可以,1
第一次在**上买东西，包装完好时间也快,包装|快,0
补水效果特别好，精华液也很多,精华液|特别好,0
量不多，这么一小瓶。遮瑕是假，提亮肤色是真，使用后皮肤稍微干燥。不过物流挺快第二天到货的,提亮肤色|是真,1
收到了，物流很快呢，活动买的很划算哦,物流|很快,1
送货快，服务好，非常棒,送货|好,0
一直用***面膜，这次优惠力度大，包装好看,优惠力度|大,1
还没开始使用，包装很漂亮，片可以用上一段日子了，等再来囤货,包装|很漂亮,1
做活动买的还挺划算的，包装很好，精华液也挺多的，效果嘛没什么突出的，就单纯补补水还吧,精华液|挺多的,1
看了评价买来试试，用了以后感觉保湿效果还是很不错的，搞活动买的，挺好的,保湿效果|很不错,1
上妆效果：有点假面，比较厚重，持久情况：很好，适合肤质：油皮,上妆效果|比较厚重,1
收到了，物流很快呢，活动买的很划算哦,活动|很快,0
活动买的很合适，用着很不错，店家服务也很好,店家服务|很合适,0
补水效果特别好！好评！比实体店的价格优惠，物流也快！一直信赖**！还送了一个盒子,物流|快,1
外观好看，收到试用了一下，很滋润，而且有淡淡清香味，很好闻，喜欢的宝宝们赶快下手吧,香味|很好闻,1
出乎意料的好哦，很衬肤色，味道也好,味道|好,1
包装完好，快递小哥服务很好，期待用后效果,快递小哥服务|完好,0
到货快，好用，补水隔离效果好，价格实惠，很划算很喜欢,价格|好,0
洁面乳收到了，质量很好，有一股淡淡的香味，清洁效果也好,清洁效果|好,1
大品牌值得信赖，**快递速度很快,快递速度|很快,1
包装精美，质量上乘，价格合理，值得购买,包装|合理,0
活动很划算，清洁很彻底，泡沫丰富，是会有好用的东西,清洁|很彻底,1
速度值得点赞，商品质量五星好评,速度|值得点赞,1
东西很好，快递师傅态度也很多，不错的购物,快递师傅态度|很多,1
物美价廉，快递给力。味道淡淡的清香。挺好用的，泡沫细腻，不紧绷。趁着活动囤货,快递|给力,1
挺好用的，颜色比较均匀，用完还会回购,颜色|比较均匀,1
这个粉饼好用，送货快，包装盒完好，省时省力,送货|完好,0
**的物流真是超级快，东西还没用，赠品也不错,物流|超级快,1
还可以，就想买这个，吸收挺好的，就是包装不是很好,包装|挺好的,0
第一次用，听说很好用，抹在脸上微微有一点点白，成膜速度非常快，而且不油腻，很清爽很喜欢，应该会回购的，支持嘉娜宝,成膜速度|非常快,1
做活动买一送一，价格实惠，第一次用这个面膜，挺好用的，补水效果不错，精华也很多，味道淡淡的,价格|很多,0
量不多，这么一小瓶。遮瑕是假，提亮肤色是真，使用后皮肤稍微干燥。不过物流挺快第二天到货的,提亮肤色|挺快,0
起泡量属于少的那一种，咱也不知道洗干净没有，味道咱也不喜欢,味道|不喜欢,1
一直的老客户，发货飞快，质量不错，值得推荐,发货|不错,0
这个用了主要是不过敏，我是过敏肤质，试了一张保湿照顾还不错，天气干燥，这个必备,保湿照顾|还不错,1
清洁能力：泡沫很多，一搓就有，洗的挺干净的，味道也好闻，很温和,味道|好闻,1
卖家服务态度很好，宝贝很不错，物流也很快,服务态度|很快,0
一直用这个牌子，清洁能力：清洁能力挺好的，洗完不紧绷,清洁能力|挺好的,1
双十一买，客服不合格,客服|不合格,1
卸妆还不错赠品也是一样的还有卸妆棉,卸妆|还不错,1
物流很快，态度很好，面膜颜值很高，还没用不知道好不好,态度|很高,0
还可以，挺服帖的，味道也好闻，还会回购的,味道|好闻,1
宝贝很喜欢，价格也很合适，还会继续光顾，希望效果也很出众,价格|很合适,1
宝贝质量不错，客服服务态度也不错。但是物流应该改进，到件几天也不派送，打客服电话也是敷衍了事,客服服务态度|敷衍了事,0
帮同事买的洗面奶，老客户了，反馈还是一如既往的好，发货速度快，包装仔细，日期新鲜,日期|快,0
包装简陋，没有说明书。正品,说明书|没有,1
东西不错，是正品，价格便宜，送货快,送货|快,1
送货挺快，东西收到了看了看，还没用但愿是正品用了肌肤有所改善,送货|挺快,1
个人认为**的东西很棒！物流也很快,物流|很快,1
持久情况：不怎么挫泥，还好，防晒效果一般，物流多块的,持久情况|多块,0
包装很大气用着很服帖，外观也很漂亮,包装|很大气,1
很好的宝贝，非常喜欢，物流也快，服务很好，赞一下,物流|很好,0
洗面奶真心不错，洗完脸以后滑滑的非常舒服，物流也是超快的,物流|超快的,1
还没用呢，就是看着价位合适，先屯点,价位|合适,1
活动，折，不错,活动|不错,1
活动买的，看见评价都不错，瓶子很漂亮，但是瓶口没有密封口，有待改进,瓶子|很漂亮,1
价格便宜活动给力，夏天防晒配卸妆，不错。价格便宜活动给力，夏天防晒配卸妆，不错,价格|便宜,1
还没用一起片，包装就一个袋子，快递还可以吧咋天上午下单，今天下午到,快递|还可以,1
价格便宜活动给力，夏天防晒配卸妆，不错。价格便宜活动给力，夏天防晒配卸妆，不错,活动|给力,1
个人情况：中性批发，整体描述：包装完好，送了一块面膜，用着还行，清洁能力：洗不干净，不推荐使用,包装|完好,1
一如既往的回购，温和不刺激，保湿效果好，好评,保湿效果|好,1
个人干湿混合型，上妆比较滋润，相较其他遮瑕，没有那么强，比较轻薄。持久度还是挺ok的,上妆|挺ok的,0
几百块钱的产品里给我放个近期在里面，还说都是保质期三四年呢客服态度敷衍了事,保质期|近期,1
个人情况：我是脸比较白的那种，没有感觉到有美白，吸收情况：吸收挺好的，整体描述：淡斑效果没感觉到，已经第三瓶了。，滋润及保湿：保湿还是可以,保湿|挺好,0
宝贝补水效果明显，吸收迅速，满足冬季皮肤需求,吸收|明显,0
宝贝！很满意！快递小哥很礼貌,快递小哥|很礼貌,1
不好用，遮瑕效果不好，比较干，不保湿,遮瑕效果|不好,1
**发货送货很快，服务态度很好，质量值得信赖，好评,发货送货|很快,1
做了功课才来买的，成分很安全，用了一片后感觉效果不错，以后要常用啦,成分|很安全,1
一直是用这家的产品，包装很好，效果也很好。质量没的说，新产品试用时候再来评,包装|很好,1
物美价廉，快递给力。味道淡淡的清香。挺好用的，泡沫细腻，不紧绷。趁着活动囤货,味道|淡淡的清香,1
特意用眉笔，眼线液和口红做了个实验，卸妆效果一般般，眼线液和眉笔两遍可以卸掉，口红要卸遍，不会回购,卸妆效果|一般般,1
补水效果真的很明显，我用了一次同事都说皮肤好很多了,补水效果|很明显,1
面膜不错，水分精华很多，包装差劲，就一个透明带子装，没有包装盒,精华|很多,1
补水效果特别好！好评！比实体店的价格优惠，物流也快！一直信赖**！还送了一个盒子,补水效果|快,0
****值得信赖，价格比实体店实惠，是正品，物流快,价格|实惠,1
收到了，遮瑕效果好，价格实惠，物有所值，开心，棒棒哒，会再次光临,价格|实惠,1
一个大大的快递盒，一阵欣喜，以为送了不少赠品，然而并没有，哈哈，下次就换个小盒子好嘛,赠品|没有,1
气味重不好闻，持久度也不好，到中午脸色就蜡黄了,气味|不好闻,1
很不错，带了两个替换装，保湿效果不错，遮瑕效果很好。也不算太贵，能接受,保湿效果|很好,0
**快递速度快，性价比不错，好,性价比|不错,1
过母亲节送给妈妈的礼物，价钱合理，赠品很多，希望能达到预期的效果,价钱|合理,1
东西很好，质量不错玩，****用着放心，性价比高，值得购买,性价比|高,1
物流很快，包装很严实，没有损坏。活动的时候买的，很划算。第一次买，期待效果,物流|很快,1
这包装实在不行，还大品牌，还没用，用过之后再来评价,包装|不行,1
收到货了物流特别快隔离特别好,物流|特别快,1
粉质细，上妆轻薄透亮，紫色提亮肤色不夸张，物美价廉，会回购喜欢，要上加上防就更好了方便一瓶搞定,提亮肤色|透亮,0
好，一直用这个牌子的，双十一价位就很给力,价位|很给力,1
东西还是不错的，很喜欢！物流速度也快，老板人很好，老板娘也很漂亮，还送了小礼物！有需要还会再来！好评,物流速度|快,1
很清爽，不油腻，味道也喜欢，因为我都是淡妆，所以很干净，买一送一，还送了一大包卸妆棉，很划算,味道|喜欢,1
发货快，物流给力！早上十点下的单，下午四点多一点就到了,发货|给力,0
不错，送货速度超快，用了一次，感觉不错,送货速度|超快,1
包装太随便了吧连个包装盒都没有,包装盒|太随便了,0
很温和，卸妆也干净，感觉还不错,卸妆|干净,1
卸妆很干净，也不刺激，用完了还会再买,卸妆|很干净,1
价格便宜，也好使，在他家买过好几次东西了,价格|便宜,1
我经常在这家买，但这是的快递太不靠谱了，商家也不解决，只是一个劲的说这处理，以后不在这买了,快递|不解决,0
很不错包装也很好,包装|也很好,1
货收到了，快递很给力，一直用这款,快递|很给力,1
物流很快，包装完好，心情美美的。活动价买的，多送了一个替换装,包装|很快,0
控油效果一般，持久情况：持装效果大半天是没问题,持久情况|一般,0
控油效果：很好。清洁效果：很干净。泡沫丰富度：刚刚合适。保湿效果：保湿一整天。温和程度：很好,保湿效果|一整天,1
挺好用的，有淡淡的香味,香味|淡淡的,1
今天试试，精华液挺多多的值得购买哦,精华液|挺多多的,1
面膜收到了，包装的很好，没有破损！**商城的就是好，快递人员服务态度也很好，满意,包装|很好,0
送了十片玻尿酸面膜，小脸敷上去刚刚好很平整，而且敷完以后脸上很舒服，吸收也很快,吸收|很快,1
包装完整没有破损卖家服务态度好有问必答，多次购买还会再来,卖家服务态度|没有破损,0
感觉还可以，洗了脸不会紧绷，去油效果很好，用起来很舒服，泡泡多，味道清香，这个价格很划算,去油效果|很划算,0
物流小哥服务特别好，商家也不错给个五星好评吧！好不好用了再追评吧,商家|特别好,0
效果一点不好。洗不净。洗了脸上会比较油。不知道那么多好评哪里来的。欺骗消费者,效果|洗不净,1
商品价格合适，东西不错好用,价格|合适,1
宝贝质量很好，给全五分好评，服务态度也很棒，给个赞，物流神速，必须，好评,质量|很好,1
物流够快，还可以,物流|够快,1
看着不错和以前买的一样还没用快递小哥很给力服务很好,服务|很好,1
**就是棒，物流超快。价格相当实惠，没想到有那么大瓶。用的很好。干净,物流|超快,1
不错哦。速度很快，。以后就买****的了,速度|很快,1
宝贝收到了，挺好的，物流也特别快,物流|特别快,1
不错，很好用，客服也很细心，态度也非常好，我的问题都一一做了回答,态度|非常好,1
包装简陋，没有说明书。正品,说明书|简陋,0
赠品很好，用了后丝润光滑,赠品|很好,1
物流很快，态度很好，面膜颜值很高，还没用不知道好不好,态度|很快,0
保湿度很好，防晒效果不清楚,保湿度|很好,1
买给老妈和老姨的，老妈用这个挺长时间了，比较适合她的皮肤。双十一价格实惠！所以囤了两瓶,价格|实惠,1
不错哦。速度很快，。以后就买****的了,速度|很快,1
不错，物美价廉，收到就迫不及待的用了一片，补水效果不错，揭下面膜稍微拍几下就吸收了,补水效果|不错,1
效果还不知道，收到就用了，补水可以就是味道太香了,补水|可以,1
**产品送货快，产品质量有保证,送货|快,1
温和程度：很好。清洁效果：不错。控油效果：还行。泡沫丰富度：一般。保湿效果：挺可以,保湿效果|一般,0
购乳液顺便买了这面膜，价格不高，希望功能好,价格|不高,1
味道不错，效果很不错哦,味道|不错,1
第二次购买了，一直都是在**买的化妆品，面膜什么的，发货速度快，商品好，信赖,发货速度|快,1
一直用的这个牌子的，这款洗面奶感觉泡沫有点多，清洁力还行的,清洁力|还行的,1
紫色遮黄效果特别好，用完感觉气色都特别好,遮黄效果|特别好,1
第一次购买，特意用了以后评价的，味道不错，用着不油腻，总之挺好用的,味道|不错,1
包装很好，物流也快。很满意,包装|也快,0
很好吸收，遮瑕不适合，但是隔离效果，挺好的，保湿度，一般般,隔离效果|一般般,0
物流很快，态度很好，面膜颜值很高，还没用不知道好不好,态度|很好,1
还可以，就想买这个，吸收挺好的，就是包装不是很好,吸收|不是很好,0
很好，水份充足，保湿效果，棒,保湿效果|棒,1
送给婆婆的，她说还不错，补水效果还可以,补水效果|还可以,1
暂时给个好评，用了出效果再追评！查了是正品！客服态度也很好,客服态度|很好,1
用了一次就没有用了，味道太大了，接受不了还有感觉不服帖，感觉不高,味道|太大了,1
个人情况：混合性肌肤，整体描述：还行，滋润及保湿：保湿感觉差一些，有点干，吸收情况：属亚光，吸收还好,吸收|还好,1
活动时候很实惠，不错，很方便,活动|很实惠,1
买给我妈的，包装得到了她的青睐，滋润度对她来说正好，不过有一点点增白效果她不喜欢,增白效果|正好,0
补水效果好，用后脸水润润的，味道清香，易吸收，做活动买的，很划算,活动|清香,0
好用，可以尝试，补水不错,补水|不错,1
包装精美，天猫直送很给力，感谢丫头,天猫直送|精美,0
温和程度：很好。清洁效果：不错。控油效果：还行。泡沫丰富度：一般。保湿效果：挺可以,保湿效果|还行,0
发货速度挺快的，价格便宜,价格|便宜,1
货已经收到！物流很快，快递小哥很热情！还没有用，期待很好用,物流|很热情,0
感觉还可以，洗了脸不会紧绷，去油效果很好，用起来很舒服，泡泡多，味道清香，这个价格很划算,味道|清香,1
做活动买的还挺划算的，包装很好，精华液也挺多的，效果嘛没什么突出的，就单纯补补水还吧,精华液|还挺划算的,0
温和程度：很好。清洁效果：不错。控油效果：还行。泡沫丰富度：一般。保湿效果：挺可以,温和程度|还行,0
送给妈妈的，说味道很好闻，我也不太懂，应该不错的,味道|很好闻,1
面膜用了才来评价的，精华液多，用后皮肤滋润。挺好的宝贝，是真品,精华液|多,1
遮暇效果很好，美白效果也不错，就是味道有点太香，如果没有香味就更好了,遮暇效果|不错,0
东西不错，大小也合适。补水效果不错呦,大小|合适,1
**送货很快，第一次购买这个产品，包装很到位，不错的,包装|很快,0
超好用淡淡的香味还送了面膜喜欢的朋友赶快入手吧,香味|淡淡的,1
第二次购买了，补水保湿的效果不错，打算坚持使用，希望脸上皮肤能有所改善,保湿|不错,1
商品实用，性价比高老婆很喜欢,性价比|高,1
包装很高大尚！还没用，但看起来就很好。还送了化妆水，很喜欢,包装|很高大尚,1
双十一很划算，物流也很给力,物流|很给力,1
粉扑好硬。粉液也一般般啦。不过也对的起这个价格。有两个替换装,价格|一般般,0
商品很满意！很喜欢！价格不贵！快递很快,快递|不贵,0
已经用了补水效果不错，没有过敏不适的反应,补水效果|不错,1
快递迅速服务态度好使用效果非常棒，会一直支持的,快递|好,0
都说包装不好，我觉得很好呀！面膜也很好用，比***的好,包装|很好,1
包装好物流快给力,物流|好,0
物流很快，包装不错，第一次使用这个牌子，期待,包装|很快,0
补水效果不错，价格也实惠，做活动还会买,价格|实惠,1
很喜欢用这款面膜，个人比较喜欢这个味道，比较划算,味道|比较喜欢,1
控油效果：很好。清洁效果：很干净。泡沫丰富度：刚刚合适。保湿效果：保湿一整天。温和程度：很好,控油效果|刚刚合适,0
宝贝收到了，非常满意，保湿效果不错，很服帖，下次还会光顾的,保湿效果|不错,1
粉扑好硬。粉液也一般般啦。不过也对的起这个价格。有两个替换装,粉液|一般般,1
清洁能力：洗面奶比以前用的用起来效果也蛮好的，用段时间再说,清洁能力|蛮好的,1
用过一瓶了，又买的，隔离保湿效果好，不干,保湿效果|好,1
有一点淡淡的香味，很好用保湿效果不错,保湿效果|不错,1
好用，一直在用，第一次在**买，包装严实，**物流太棒了，刚好用完，物流快一天到货特别救急,物流|严实,0
很好，就喜欢在**买东西，经常都有优惠活动，今天买，明天就到了，服务杠杠的,服务|杠杠的,1
一直用的这个牌子的，这款洗面奶感觉泡沫有点多，清洁力还行的,泡沫|有点多,1
不敢相信这么便宜的面膜一点不比八块十块的差。面膜纸丝薄服帖我很喜欢，补水用也不会心疼。回回购,面膜纸|服帖,1
货已收到了，物流服务好，质量很好,物流服务|好,1
卸妆效果特好！！棒棒哒！！值得信赖！！五星,卸妆效果|特好,1
产品收到了，**快递公司果然给力，前一天晚上下单，第二天就到了，给快递小哥点赞,快递小哥|点赞,1
很好用噢，比之前买的都好用，味道也不错，用这个牌子化妆品，也选择了这个，不错,味道|不错,1
东西还是不错的，很喜欢！物流速度也快，老板人很好，老板娘也很漂亮，还送了小礼物！有需要还会再来！好评,老板|快,0
用过了，感觉还不错，不油腻，颜色也自然,颜色|自然,1
帮朋友买的价格合算，送货速度很快,价格|很快,0
水分多，速度快挺好的,速度|多,0
卖家送的礼品超级喜欢，面膜二十贴放在里面刚刚好，再也不用担心面膜没地方放了，么么哒,礼品|超级喜欢,1
物流快，一直用的***，好评,物流|快,1
还不错吧，给老妈买的，还送了很多赠品，如果用着好，我也给自己买试试,赠品|很多,1
到货很快，用着很显白，很好,到货|很快,1
快递没话说，非常好，宝贝收到就用了，补水效果很好，买份共收到片，超合算，下次有活动再回购,快递|非常好,0
双十一买的，价钱比平时要低得多，是正品，补水效果还是不错的，用***有几年了,补水效果|还是不错的,1
在手上试了一下，不油腻，很自然，味道很好闻，不知出汗后怎样，用的好后会追评，物流很快，满意,味道|很快,0
皮肤很干，选滋润型，泡沫也多，鼻子两边可以洗干净，不腻也不干,泡沫|多,1
整体描述：包装很紧密，清洁能力：清洁效果好，味道很香,包装|好,0
滋润，不油腻，味道也喜欢,味道|喜欢,1
用了两年这个了！非常喜欢她的味道！保湿效果很好，我很喜欢,保湿效果|非常喜欢,0
不错价格实惠,价格|实惠,1
颜色好看，服务态度很好。物流快速。希望好用，下次再买,物流|好看,0
面膜很不错，补水挺好的，价格也很实惠，还送了三敷眼贴，很好用,价格|挺好的,0
快递小哥很热情，送货速度很快，挺好的,送货速度|很热情,0
外壳好看，还送了两个替换装，好评好评，祝卖家生意兴隆,外壳|好看,1
服务不好还叫我发颗星,服务|不好,1
收到宝贝晚上就用一贴，面膜滋润，精华特别多，我是敏感肌肤还不知道会不会过敏，快递小哥态度很好,精华|特别多,1
个人情况：东西很棒买了两只泡沫挺多的味道有点香推荐入手,味道|有点香,1
送货速度快好好好好好,送货速度|快,1
发货很快，活动期间买的，特别合算，面膜纸贴合很好，精华也蛮多，可以用好久了,活动|特别合算,1
贴合度：很好很满意,贴合度|很满意,1
上次买了一支清洗的很干净，看见有活动又马上囤了两支,清洗|很干净,1
很香，保湿做好不会有卡粉浮粉现象。就是补妆要勤快些。呵呵,浮粉现象|不会有,1
实惠，以前没用过，这次试试，看着袋子很漂亮,袋子|很漂亮,1
很多精华液，面膜纸是薄透的，期待效果，物流速度很快,面膜纸|薄透,1
物流很快还是那个味道，正装一如既往的好送的比之前的少了点，寄保质期也比较近了,保质期|比较近,1
挺好的，买了好久了才记得来评价，价格实惠,价格|实惠,1
双物流比较快，去年买的刚打开有点淡淡的味道。快用完的时候，味道就不一样了，不是很好闻,物流|比较快,1
非常喜欢，物超所值。超赞，物流还常快，商家服务好,物流|常快,1
已经买了好多好多次了，挺好用的。物流超快的,物流|超快,1
到货快，好用，补水隔离效果好，价格实惠，很划算很喜欢,到货|实惠,0
看产品成分选的，面膜也很水不粘稠，价格实惠基础补水护肤很适合，至于修复角质层的效果得等一段时间,护肤|很适合,1
略偏黄的膏体，干皮上脸不觉得油腻，轻微酒精味，防晒效果不错,防晒效果|不错,1
包装有点失望，都不敢用，试试效果还可以,包装|有点失望,1
用了一段时间才来评价，补水效果不错，很滋润不油腻也非常舒服，一天一张脸水水嫩嫩的,补水效果|不错,1
味道淡淡的，水分超足，没有刺激感,水分|淡淡的,0
精华液很多，敷完吸收很快,吸收|很快,1
这是我用过卸妆力最差！！！的卸妆水，洗面奶都比它干净,卸妆力|最差,1
手的图片是原图哦，不过涂了隔离霜，美白效果没话说了，特别好,美白效果|特别好,1
包装很大气用着很服帖，外观也很漂亮,包装|很漂亮,0
物流很快，包装完好，心情美美的。活动价买的，多送了一个替换装,物流|完好,0
挺好用的，很滋润，喜欢。**物流就是快。赞,物流|快,1
不干不紧绷，非常好，物流也快,物流|快,1
持久情况：不怎么挫泥，还好，防晒效果一般，物流多块的,物流|一般,0
宝贝收到了，**物流非常快，包装很好，希望使用效果也好,物流|非常快,1
个人情况：中性皮肤，清洁效果不错，洗后不紧绷,清洁效果|不错,1
很划算，但是现在价格没有原来美好了，呜呜呜，抢到了的，开心，这个效果一直棒棒，也实惠,价格|没有原来美好,1
快递迅速服务态度好使用效果非常棒，会一直支持的,服务态度|迅速,0
速度快，发货快，巨好用，比外面买的便宜得多，一天一帖,速度|快,1
东西还不错！速度很快！买来送人的希望能有礼品袋,速度|很快,1
物流很快，态度很好，面膜颜值很高，还没用不知道好不好,物流|很高,0
收到了，物流很快，面膜还没用，用后评论,物流|很快,1
物流很快，包装得很漂亮，很满意，用起来一点也不起皮用完在回购,包装|很快,0
挺好的，是新款的包装，用着可以,包装|新款,1
控油效果：很好。清洁效果：很干净。泡沫丰富度：刚刚合适。保湿效果：保湿一整天。温和程度：很好,泡沫丰富度|刚刚合适,1
包装完好，快递小哥服务很好，期待用后效果,快递小哥服务|很好,1
颜色好看，服务态度很好。物流快速。希望好用，下次再买,颜色|快速,0
效果不错哦，而且不伤皮肤，不觉得油腻，卖家服务好，性价比不错哦,卖家服务|好,1
宝贝收到了，物流超快，买了两三天就到了，延展性很好，买的紫色，调节肤色，很好用，还会回购的,物流|超快,1
一直信赖这个牌子，效果应该很不错，今晚试试，好用还会继续光顾，物流很给力，收到心情都特别开心,物流|很给力,1
宝贝收到了，物流非常快，宝贝非常喜欢,物流|非常快,1
刚刚收到货，七号下单八号已收货，**物流超快服务到家，听朋友说增品不少，可我目前没收到,增品|没收到,1
还没用，送了面膜，包装还不错，忘记拍照了，物流还蛮快,包装|还蛮快,0
物美价廉，快递给力。味道淡淡的清香。挺好用的，泡沫细腻，不紧绷。趁着活动囤货,快递|淡淡的清香,0
一直用的这个牌子，还不错，物流也很快,物流|很快,1
面膜挺好的，一直喜欢用***的，而且配送速度也很快，给五星好评,配送速度|很快,1
买了霜，洗面奶，气垫，便宜又好用。而且物流也快,物流|快,1
好多赠品，用了下挺自然的，味道也好闻，不错,赠品|好多,1
控油效果：很好。清洁效果：很干净。泡沫丰富度：刚刚合适。保湿效果：保湿一整天。温和程度：很好,温和程度|很好,1
整体描述：包装很紧密，清洁能力：清洁效果好，味道很香,清洁能力|很香,0
质量不怎么样，挤了好多也没什么泡沫，感觉洗不净的样子，很不开森，是我用过洗面奶最垃圾的一次,质量|不怎么样,1
上午买的，下午就到了**快递速度真不是盖的这是买的第一个隔离霜，希望好用吧,快递速度|真不是盖的,1
物流还不错，小哥服务态度好,物流|还不错,1
包装完整没有破损卖家服务态度好有问必答，多次购买还会再来,包装|没有破损,1
刚刚收到货，闻着味不错，晚上试试效果,味|不错,1
假的吧，洗了脸过敏，商家态度极差,商家态度|极差,1
很好，物流也很快，服务态度，很好,物流|很好,0
收到了，第二次购买，**没得说服务就是好，尤其是快递小哥服务态度特别好，给你个赞,服务|特别好,0
商品收到非常不错，尤其是快递小哥非常给力，信任**快递,快递小哥|非常给力,1
个人干湿混合型，上妆比较滋润，相较其他遮瑕，没有那么强，比较轻薄。持久度还是挺ok的,持久度|没有那么强,0
味道好闻，就是，好少啊,味道|好闻,1
一直在用，都是在**上买的！很好，速度很快,速度|很快,1
宝贝到了，包装完整，打开后宝贝也很漂亮，味道也是很不错，满意,味道|完整,0
搞活动买的，块钱片，非常实惠，面膜保湿效果也不错，值得购买,保湿效果|不错,1
补水效果太好啦，**买东西，早上下的单，下午就收到了！必须5星好评呀！现在只喜欢在**买东西啦,补水效果|太好,1
我是混干皮，觉得还不错，遮瑕四星，持久度四星，也挺好上妆的，就是这个色号比我稍微暗一点，我本来就不算白，这个色号有点黑了,色号|稍微暗一点,1
气味很好闻。还有替换装。喜欢粉粉的盒子。这个牌子护肤品不错,盒子|粉粉的,1
物流好快，第一次网上买这款面膜，期待效果,物流|好快,1
个人情况：我是脸比较白的那种，没有感觉到有美白，吸收情况：吸收挺好的，整体描述：淡斑效果没感觉到，已经第三瓶了。，滋润及保湿：保湿还是可以,保湿|没感觉到,0
终于没忍住，买了，味道很好闻，上妆效果很好，值得推荐，如果配点小赠品就更好了,上妆效果|很好闻,0
瓶子很漂亮很喜欢也很好用快递很快态度好,瓶子|很漂亮,1
**快递速度快，昨天下单，今天就到了，面膜与实物相符，效果等用了才知道，不过应该给快递点赞,快递|快,0
粉扑好硬。粉液也一般般啦。不过也对的起这个价格。有两个替换装,粉扑|一般般,0
发货很快，活动期间买的，特别合算，面膜纸贴合很好，精华也蛮多，可以用好久了,活动|很好,0
不错哦。速度很快，。以后就买****的了,速度|很快,1
很好用，价格便宜，实惠款,价格|便宜,1
精华很少，不到十分钟就干巴巴的了，用完脸上有面膜布掉下的,精华|很少,1
宝贝质量很好，给全五分好评，服务态度也很棒，给个赞，物流神速，必须，好评,服务态度|神速,0
终于没忍住，买了，味道很好闻，上妆效果很好，值得推荐，如果配点小赠品就更好了,味道|很好闻,1
遮暇效果一般般吧,遮暇效果|一般般,1
很不错的面膜，很喜欢，**优惠活动很给力，客服态度也很好,优惠活动|很给力,1
补水效果不错，物流也很快！一直都用这牌子的东西真的很好用,补水效果|不错,1
味道挺好的速度也快,速度|挺好的,0
还没有用，听人介绍才买的，快递超快的,快递|超快,1
用着舒服，补水效果也不错，价格实惠，以后还会光顾,价格|实惠,1
送货速度很快很快，早上十点下单，下午六点就收到货了。还送的有两片面膜，隔离试了一下很好,送货速度|很快,1
拆开还没用，看起来挺好的，还送了面膜，好用了下次还会买，**快递很赞,快递|很赞,1
物流很快，一直用这个牌子，质量很好是正品，活动买的很划算,物流|很好,0
面膜包装很好，还多送的几片,包装|很好,1
很多精华液，面膜纸是薄透的，期待效果，物流速度很快,精华液|薄透,0
乳液可以，就是物流运输时把瓶盖给弄碎了,瓶盖|碎了,1
一直在使用的品牌物流给力**搞活动时很优惠,活动|给力,0
补水还行。很便宜啊主要是,补水|还行,1
卖家服务态度很好，宝贝很不错，物流也很快,物流|很好,0
物流还不错，小哥服务态度好,小哥服务态度|还不错,0
包装太随便了，连个包装盒都没有，第一感觉很不好,包装|太随便了,1
很好吸收，遮瑕不适合，但是隔离效果，挺好的，保湿度，一般般,隔离效果|不适合,0
颜色偏暗，持久可以,颜色|偏暗,1
一直信赖**，发货和送货速度都很快，快递小哥也很好，以后还是,快递小哥|很快,0
快递点个赞，超级快，质量也是杠杠滴，已经买了两三次了，用起来感觉很不错，棒棒哒,质量|超级快,0
物流很快，一直用这个牌子，质量很好是正品，活动买的很划算,质量|很快,0
**速度快，物美价廉，服务好，值得推荐，还会再来,服务|快,0
物流特别特别给力，卖家服务态度非常好，用的好在光顾,卖家服务态度|非常好,1
很好用，还有淡淡的香味，下次还会来的,香味|淡淡的,1
包装太次。有一袋面膜破了漏水，然后也没有送那个面膜铝盒,包装|太次,1
粉质细，上妆轻薄透亮，紫色提亮肤色不夸张，物美价廉，会回购喜欢，要上加上防就更好了方便一瓶搞定,上妆|细,0
做活动买的还挺划算的，包装很好，精华液也挺多的，效果嘛没什么突出的，就单纯补补水还吧,精华液|没什么突出的,0
包装盒很好看，送有两个替换装，粉质很是细腻，略带香味，用着很舒服,包装盒|很好看,1
包装严实，物流快，很期待效果，用过再追评,物流|快,1
很多精华液，面膜纸是薄透的，期待效果,面膜纸|很多,0
一直用的呢，非常好用，遮瑕效果很好，一次性买了两个隔离，一个，大爱,遮瑕效果|很好,1
妆前隔离很好用啊，粉底有香味我不太喜欢有香味的怕熏到对象,隔离|有香味,0
非常满意，客服小海绵的服务也很好，很耐心,服务|很耐心,1
**实测款，薄薄一层满满精华素，用了几天，保湿提亮效果不错,精华素|满满,1
终于没忍住，买了，味道很好闻，上妆效果很好，值得推荐，如果配点小赠品就更好了,上妆效果|很好,1
性价比很高，很好用，每年都要买好多给婆婆给妈妈，双十一价格超级优惠，很满意,价格|超级优惠,1
收到了，贴了两张深海雪润面膜，感觉补水效果还可以,补水效果|还可以,1
快递点个赞，超级快，质量也是杠杠滴，已经买了两三次了，用起来感觉很不错，棒棒哒,快递|杠杠滴,0
一直在用这个牌子的面膜，刚好搞活动就买了，昨晚下的单，今天就到了。快递好，服务好,服务|好,1
快递迅速服务态度好使用效果非常棒，会一直支持的,服务态度|非常棒,0
感谢客服的耐心，物流超快，虽然还没用，相信效果非常好,客服|超快,0
味道清新，用着挺自然的,味道|清新,1
当天付款，当天收到货了快递很给力。用过一次，感觉蛮好的，搞活动买的，便宜了很多,快递|便宜了很多,0
昨晚买了下的单，今天下午就收到货了，物流好快不说，实物跟图片上描述相符，不错！给予好评,物流|好快,1
产品很好，啥赠品都没,赠品|没,1
发货速度挺快的，价格便宜,价格|挺快的,0
商品是正品哦，很补水的哦，**的服务跟物流棒棒哒,服务|棒棒哒,1
帮同事买的洗面奶，老客户了，反馈还是一如既往的好，发货速度快，包装仔细，日期新鲜,发货速度|快,1
搭配水乳一起听水嫩的，真的挺不错，颜色也自然，用完还会回购的,颜色|自然,1
快递速度快，包装好，挺好,快递速度|好,0
帮同事买的洗面奶，老客户了，反馈还是一如既往的好，发货速度快，包装仔细，日期新鲜,包装|新鲜,0
速度好快呀，昨天晚上下的单，今天下午就到了,速度|好快,1
物流很快，包装很严实，没有损坏。活动的时候买的，很划算。第一次买，期待效果,包装|没有损坏,1
***的商品包装的非常好，非常喜欢喜欢，谢谢老板,包装|非常好,1
感觉还可以，洗了脸不会紧绷，去油效果很好，用起来很舒服，泡泡多，味道清香，这个价格很划算,去油效果|很好,1
补水效果特别好！好评！比实体店的价格优惠，物流也快！一直信赖**！还送了一个盒子,补水效果|优惠,0
适合干性皮肤，清洁作用很一般了,清洁作用|很一般,1
**发货超快，包装也挺好的，三八女神节拍的，价格实惠，查了验证码，是正品，下次回购,发货|挺好的,0
个人情况：我是脸比较白的那种，没有感觉到有美白，吸收情况：吸收挺好的，整体描述：淡斑效果没感觉到，已经第三瓶了。，滋润及保湿：保湿还是可以,美白|没有感觉,1
味道淡淡的，水分超足，没有刺激感,味道|超足,0
物流很快，性价比很高，好评！满意的一次购物,物流|很快,1
**快递是蛮快的，就是包装太简便了吧，面膜里的精华都出来了,快递|太简便,0
效果不错哦，而且不伤皮肤，不觉得油腻，卖家服务好，性价比不错哦,卖家服务|不错,0
上妆效果：上妆效果一般咯，持久情况：持久度不错,持久度|一般,0
有一点淡淡的香味，很好用保湿效果不错,保湿效果|淡淡的,0
第一次使用隔离霜感觉美白效果和隔离效果都很不错,隔离效果|很不错,1
帮同事买的洗面奶，老客户了，反馈还是一如既往的好，发货速度快，包装仔细，日期新鲜,日期|新鲜,1
**发货超快，包装也挺好的，三八女神节拍的，价格实惠，查了验证码，是正品，下次回购,价格|挺好的,0
面膜纸很薄，很舒服，水分吸收很快就干了，日常补水面膜使用挺好，很清爽,面膜纸|很快,0
老顾客加回头客了，使用效果吸收很不错哦，可以根据自己的皮肤参考购买噢,吸收|很不错,1
这个价钱真是超级值得，赠品好有分量，很好用，易吸收，推荐,赠品|好有分量,1
用着还不错，泡沫很丰富，洗完不紧绷，很适合,泡沫|很丰富,1
活动价元两盒入手，超级服帖，补水效果很好，很喜欢,补水效果|很好,1
看产品成分选的，面膜也很水不粘稠，价格实惠基础补水护肤很适合，至于修复角质层的效果得等一段时间,价格|很适合,0
面膜纸很薄，很舒服，水分吸收很快就干了，日常补水面膜使用挺好，很清爽,吸收|很薄,0
不错的哦，第一次买，感觉还好，服务态度很好,服务态度|很好,1
量不多，这么一小瓶。遮瑕是假，提亮肤色是真，使用后皮肤稍微干燥。不过物流挺快第二天到货的,提亮肤色|是假,0
效果很好，值得购买。棒棒哒,效果|很好,1
与描述一致，这款泡沫少但清洗很干净，气味优雅，一直在用，发货及时,泡沫|及时,0
昨天中午买的今天中午收到了，物流很快哦！第一次买，希望效果好用,物流|很快,1
以前用过又来回购了送货到门非常好,送货|非常好,1
虽然是赠品给的，但是很好用，很滋润保湿，精华也很多,精华|很好用,0
**送货速度真的很快，服务态度也好,服务态度|好,1
挺好的，遮瑕的效果也特别好，特别喜欢，物流也特别快,遮瑕的效果|特别快,0
宝贝补水效果明显，吸收迅速，满足冬季皮肤需求,补水效果|迅速,0
****物流速度快，商品价格优惠,物流速度|快,1
收到宝贝晚上就用一贴，面膜滋润，精华特别多，我是敏感肌肤还不知道会不会过敏，快递小哥态度很好,快递小哥态度|特别多,0
东西收到了很好，下次还来购买，快递小哥直接送货到家,快递小哥|送货到家,1
老婆自己选的，用着效果不错。**送货也快,送货|快,1
包装精美，物流还是一如既往的快，还没用过这个面膜，用过了再来评价,包装|快,0
挺香的，感觉效果不错，泡沫很多,泡沫|不错,0
味道很好闻，清洁能力也不错，我是敏感肌肤，用了没有过敏,清洁能力|很好闻,0
卖家发货很快，活动力度很大，很实惠,发货|很大,0
一直都用这个，第一次在网上买这个，味道闻起来是一样的，希望一样好用,味道|一样,1
一直用这个牌子，特别的好，快递也很快，给商家还有快递小哥一百个赞,商家|一百个赞,1
**快递是蛮快的，就是包装太简便了吧，面膜里的精华都出来了,包装|太简便,1
宝贝收到了，**物流超快，东西很好，值得购买,物流|超快,1
**实测款，薄薄一层满满精华素，用了几天，保湿提亮效果不错,保湿|满满,0
我是混干皮，觉得还不错，遮瑕四星，持久度四星，也挺好上妆的，就是这个色号比我稍微暗一点，我本来就不算白，这个色号有点黑了,持久度|四星,1
一个大大的快递盒，一阵欣喜，以为送了不少赠品，然而并没有，哈哈，下次就换个小盒子好嘛,赠品|大大的,0
物流挺快的哈,物流|挺快的,1
很好用，这款包装比较好携带,包装|比较好携带,1
物流很快，包装完好，心情美美的。活动价买的，多送了一个替换装,包装|完好,1
**就是棒，物流超快。价格相当实惠，没想到有那么大瓶。用的很好。干净,物流|相当实惠,0
这个不知道真假咯，哦，就有一股那个酒精的味道一样的很，酒精的味道比较重,酒精的味道|比较重,1
宝贝质量很好，给全五分好评，服务态度也很棒，给个赞，物流神速，必须，好评,物流|很好,0
温和程度：很好。清洁效果：不错。控油效果：还行。泡沫丰富度：一般。保湿效果：挺可以,控油效果|一般,0
第一次在**买面膜，物流很快，面膜很好用，下次还要再来买,物流|很快,1
礼盒很精美，以为买了很多，其实收到也就一点点，赠品很丰富,礼盒|很丰富,0
物流快，首选,物流|快,1
味道非常好闻，用起来也特别服帖自然，感觉不错，产品价格也很合理,味道|很合理,0
**的物流超快的，隔天就收到了，点个赞。面膜挺好用的，补水效果不错，价格很实惠，棒棒哒,价格|超快,0
宝贝质量很好，给全五分好评，服务态度也很棒，给个赞，物流神速，必须，好评,服务态度|很棒,1
昨天买今天就到了**就是给力啊！我先用裙带藻的精华液很好，效果一般吧,精华液|很好,1
吸收情况：可以,吸收情况|可以,1
宝贝收到了，我要投诉快递员，服务态度不好，还反说我这个人说话不好听,快递员|不好,0
活动买的，补水效果很好，味道好闻,补水效果|好闻,0
发货很快，活动期间买的，特别合算，面膜纸贴合很好，精华也蛮多，可以用好久了,贴合|很好,1
量不多，这么一小瓶。遮瑕是假，提亮肤色是真，使用后皮肤稍微干燥。不过物流挺快第二天到货的,遮瑕|是真,0
帮朋友代拍的哦，产品好不好不知道，不过快递大哥人很好哦，朋友再三嘱咐给快递大哥个好评哈哈,快递大哥|好评,1
很不错，用的护肤品都是***的，面膜精华多,精华|多,1
与描述一致，这款泡沫少但清洗很干净，气味优雅，一直在用，发货及时,泡沫|少,1
与描述一致，这款泡沫少但清洗很干净，气味优雅，一直在用，发货及时,清洗|少,0
这个面膜很好用，用了一次就感觉补水效果很不错,补水效果|很不错,1
价格便宜活动给力，夏天防晒配卸妆，不错,价格|给力,0
方便快捷不错不错，最近活动不给力啊,活动|不给力,1
第一次买，遮瑕，保湿效果非常好。下次还买,保湿效果|非常好,1
是正品，吸收也特别好一点也不油腻，保湿效果很好，值得购买,保湿效果|特别好,0
颜色挺合适，自然偏白,颜色|挺合适,1
包装完整没有破损卖家服务态度好有问必答，多次购买还会再来,卖家服务态度|好,1
遮暇效果很好，美白效果也不错，就是味道有点太香，如果没有香味就更好了,美白效果|很好,0
不错，遮暇还可以，推荐使用,遮暇|还可以,1
一直在**买东西，相信**的品质，送货很快，服务也很好,服务|很快,0
我是店铺搞活动时买的，还在返利上领了十块钱的券，买一送一，物流超给力，宝贝也好用,物流|好用,1
瓶子很漂亮很喜欢也很好用快递很快态度好,态度|很快,0
快递速度很快，还没用，包装看起来不错,快递速度|很快,1
快递点个赞，超级快，质量也是杠杠滴，已经买了两三次了，用起来感觉很不错，棒棒哒,快递|超级快,1
物流速度特别特别快，卖家态度也不错！重点是代言人好！！！！！！喜欢,物流速度|不错,0
快递很快，很喜欢味道也还好，用完试试看怎么样，好的话继续回购，送了卸妆水，和面膜,快递|很快,1
几百块钱的产品里给我放个近期在里面，还说都是保质期三四年呢客服态度敷衍了事,客服态度|敷衍了事,1
一直信赖***，化妆品面膜都是***，质量很好，价格便宜，发货很快呀,发货|便宜,0
包装高档，好用不卡粉，遮瑕效果不错,包装|不错,0
**，一一如既往的支持你！质量很好且送货速度快,送货速度|快,1
活动买的很合适，用着很不错，店家服务也很好,活动|很好,0
不错是正品，价格有优势，快递也很给力，以后会继续购买,快递|有优势,0
还可以，水份挺足的,水份|挺足的,1
用了感觉还行不错！价格还算实惠，跟实体店差不多,价格|还算实惠,1
一直用这个牌子，效果棒棒哒，还有好多赠品，优秀优秀优秀,赠品|好多,1
第二次购买，物美价廉，效果不错挺好的，配送很快,配送|挺好的,0
感觉上脸有点腻，抹多了会会有点假白，味道也不是很好，防晒力度感觉也还算可以,味道|还算可以,0
发货速度非常快，正品，还会继续回购，给五星好评,发货速度|非常快,1
物流很快，一直用这个牌子，质量很好是正品，活动买的很划算,活动|很快,0
温和程度：很好。清洁效果：不错。控油效果：还行。泡沫丰富度：一般。保湿效果：挺可以,泡沫丰富度|很好,0
超级难用！！！！上妆超级差，。很想退，但是开了封不能退。再也不买了,上妆|超级差,1
还可以吧，不是那么水润，味道有点大，物流挺快的,物流|挺快的,1
宝贝质量不错，客服服务态度也不错。但是物流应该改进，到件几天也不派送，打客服电话也是敷衍了事,客服|敷衍了事,1
用过多次，一直在这家买，气味淡淡的，很滋润,气味|淡淡的,1
物流很快，面膜都收到了，但还没用呢，很期待,物流|很快,1
买一赠一，价廉，值得购买,价|廉,1
面膜可以，只不过客服的服务真让人不敢恭维,服务|不敢恭维,1
物流快当晚就用了一片精华液很多，敷完脸嫩嫩的，不错,精华液|快,0
哇嘿！我早上付的款，下午就到了，速度快,速度|快,1
量不多，这么一小瓶。遮瑕是假，提亮肤色是真，使用后皮肤稍微干燥。不过物流挺快第二天到货的,物流|是假,0
挺好用，效果很好，遮瑕效果不错，湿润,遮瑕效果|不错,1
物流很快，用起来感觉补水效果很明显,物流|很明显,0
这款面膜挺好用的，精华很多，粘稠，而且面膜很服帖，没有气泡现象，挺好,精华|很多,1
面膜刚到很喜欢，包装也非常好，运货速度也非常快非常满意,运货速度|非常好,0
补水效果特别好！好评！比实体店的价格优惠，物流也快！一直信赖**！还送了一个盒子,物流|特别好,0
是正品，包装的很好，很划算，等用完了再来，很满意的一次购物,包装|很好,1
太好用了，味道也很好闻，大爱,味道|很好闻,1
送货快，当天就到了，用着也还不错，有活动买着划算,活动|快,0
性价比比较高，适合学生党,性价比|比较高,1
包装很好，一点都没有破损，物流很快，昨天买的，今天就到了，还会回购,包装|很好,1
活动很划算，清洁很彻底，泡沫丰富，是会有好用的东西,泡沫|很彻底,0
外观好看，收到试用了一下，很滋润，而且有淡淡清香味，很好闻，喜欢的宝宝们赶快下手吧,外观|很好闻,0
客服非常非常满意,客服|非常满意,1
双物流比较快，去年买的刚打开有点淡淡的味道。快用完的时候，味道就不一样了，不是很好闻,味道|比较快,0
还可以吧，淡淡的味道，卸的也干净,味道|淡淡的,1
很好用，买了很多，和我姐一块定的，价格也很便宜，用完了再来这里,价格|很便宜,1
水分多，速度快挺好的,水分|多,1
还不错，隔离效果还可以,隔离效果|还可以,1
快递小个很是给力，手机没有电了，还在那里等我来拿货，**快递就是好，下次还会回购的哦,快递小个|很是给力,1
帮朋友买的价格合算，送货速度很快,价格|合算,1
很多精华液，面膜纸是薄透的，期待效果，物流速度很快,精华液|很快,0
****，物流特别快，纸质不错，刚好遇到活动价，果断下手，有时间再用，到时候再追评,纸质|不错,1
昨天晚上回去用了一下，感觉卸妆很干净，很不错，按压也很方便,卸妆|很干净,1
东西不错，值得购买，物流很快，服务态度很好很好,物流|很好,0
颜色很正，好评,颜色|很正,1
一直都用这个牌子的，现在是新包装，挺好用的,包装|新,1
商品很满意！很喜欢！价格不贵！快递很快,快递|很快,1
搞活动买的价格很便宜，很实惠，已经使用过一次，里面的精华液很多，以后会继续关注，期待效果，五星好评,价格|很便宜,1
有疑问小鲸鱼都一一解答服务非常好,服务|非常好,1
很多精华液，面膜纸是薄透的，期待效果,精华液|很多,1
发货速度快宝贝是正品，满意,发货速度|快,1
物流超快，很好和喜欢,物流|超快,1
帮同事买的洗面奶，老客户了，反馈还是一如既往的好，发货速度快，包装仔细，日期新鲜,包装|仔细,1
包装好看，挺好用的,包装|好看,1
这个牌子第二次购买了，特别好用补水效果杠杠滴,补水效果|杠杠滴,1
商品是正品哦，质量棒棒哒，**的服务跟物流一样棒哦,物流|棒棒哒,0
包装完整没有破损卖家服务态度好有问必答，多次购买还会再来,包装|好,0
持妆和控油效果都不错，遮暇一般般,控油效果|一般般,0
个人情况：给妈妈买的，妈妈说好用，整体描述：正品，包装也很好，清洁能力：很好用呢,包装|很好,1
感觉还可以，量很足，卸的也挺干净，价格也实惠,价格|实惠,1
感谢客服的耐心，物流超快，虽然还没用，相信效果非常好,物流|超快,1
搞活动的时候买的挺便宜的用过后才来评价补水效果很好,补水效果|很好,1
好多赠品，用了下挺自然的，味道也好闻，不错,赠品|好闻,0
**发货超快，包装也挺好的，三八女神节拍的，价格实惠，查了验证码，是正品，下次回购,包装|挺好的,1
精华液很多，敷完吸收很快,精华液|很多,1
物美价廉，味道不错。下次活动在买,味道|不错,1
量不多，这么一小瓶。遮瑕是假，提亮肤色是真，使用后皮肤稍微干燥。不过物流挺快第二天到货的,物流|是真,0
包装太随便了，连个包装盒都没有，第一感觉很不好,包装|没有,0
不错哦。速度很快，。以后就买****的了,速度|很快,1
一直用的这个牌子的，这款洗面奶感觉泡沫有点多，清洁力还行的,泡沫|还行的,0
隔离效果挺不错的，一直在用，值得购买,隔离效果|挺不错,1
之前用过，这次是回购，很好用，油性皮肤完全可以，确实长时间不脱妆，遮瑕力一般般，均匀提亮肤质的效果还是蛮好的,遮瑕力|一般般,1
看起来不错，味道淡淡的，外观很喜欢，用过后再来追评,外观|淡淡的,0
与描述一致，这款泡沫少但清洗很干净，气味优雅，一直在用，发货及时,清洗|及时,0
温和程度：很好。清洁效果：不错。控油效果：还行。泡沫丰富度：一般。保湿效果：挺可以,清洁效果|很好,0
发货快，物流给力！早上十点下的单，下午四点多一点就到了,发货|快,1
个人情况：混油，吸收情况：有点厚重夏天用,吸收情况|有点厚重,1
东西还不错！速度很快！买来送人的希望能有礼品袋,速度|很快,1
洁面乳收到了，质量很好，有一股淡淡的香味，清洁效果也好,清洁效果|很好,0
这个洗面奶还真不错，洗完脸不紧绷关键是品牌价格亲民啊,价格|亲民,1
挺香的，感觉效果不错，泡沫很多,效果|很多,0
外观好看，收到试用了一下，很滋润，而且有淡淡清香味，很好闻，喜欢的宝宝们赶快下手吧,香味|好看,0
宝贝已收到，包装好，服务好，五星好评，还没有用，用后再追加,包装|好,1
很好用，这款的气味也很好闻，每天简单涂抹一些隔离霜，气色都会好很多,气味|很好闻,1
收到面膜了，包装漂亮，应该面膜也好用，老牌子，用完下次又买,包装|漂亮,1
发货速度很快，第二次购买了值得信赖,发货速度|很快,1
物流速度特别特别快，卖家态度也不错！重点是代言人好！！！！！！喜欢,卖家态度|特别快,0
面膜很好用，保湿效果很好。物美价廉，快递小哥送货速度快，态度很好,快递小哥送货速度|很好,0
发货很快，活动期间买的，特别合算，面膜纸贴合很好，精华也蛮多，可以用好久了,发货|特别合算,0
第二次购买了，味道香香的，提亮肤色，还是很好的,味道|香香的,1
商品不错，价格合适，物流给力，还会再买,物流|合适,0
清洁能力：泡沫适中，非常舒适，对黑头有一定的清洁作用,清洁能力|适中,0
凑单买的，没开封，希望味道别太香,味道|别太香,1
做活动买一送一，价格实惠，第一次用这个面膜，挺好用的，补水效果不错，精华也很多，味道淡淡的,价格|不错,0
挺香的，感觉效果不错，泡沫很多,效果|不错,1
控油效果：很好。清洁效果：很干净。泡沫丰富度：刚刚合适。保湿效果：保湿一整天。温和程度：很好,温和程度|一整天,0
洁面乳收到了，质量很好，有一股淡淡的香味，清洁效果也好,质量|很好,1
洗面奶泡沫不多，洗了还比较干净，也不紧绷，现在换了整套大红瓶，总体来说还可以，发货挺快的，好评,泡沫|不多,1
活动价元两盒入手，真的是太超值啦，很服帖，很补水，味道也喜欢,味道|喜欢,1
上妆效果：还可以，今天到货就立马擦起来了，可是有点黑。下次买色号,上妆效果|还可以,1
有泡沫，而且特别温和。还有淡淡的香味,香味|淡淡的,1
清爽而光滑，效果不错，色泽唯美，气味甜美，推荐有红血丝的可以用哦,色泽|唯美,1
**送货超级快！还没用！是正品！以后还会购买的,送货|超级快,1
活动买的很合适，用着很不错，店家服务也很好,店家服务|很好,1
很好，很不错，很满意，价格便宜实惠,价格|便宜实惠,1
清洁能力：感觉还行，泡沫不会太多，容易清洁，洗完脸不会很干！忘记拍照了,泡沫|不会太多,1
到货快，好用，补水隔离效果好，价格实惠，很划算很喜欢,价格|快,0
个人敏感肌肤痘质皮肤，用完感觉第二天长痘，补水没有太大感觉，毕竟价格在，仅供参考,补水|没有太大感觉,1
昨天买的今天下午就到了，物流快，辛苦快递小哥了！！今天第一次用，不知道怎么样呢,物流|快,1
用起特别滋润，提亮肤色的效果非常不错，不油腻！个人感觉不错,提亮肤色|非常不错,1
挺香的，感觉效果不错，泡沫很多,泡沫|很多,1
补水效果超级好，以后会继续回购的,补水效果|超级好,1
看产品还不错，水两瓶，！包装属于简易版！赞**快递神速,快递|神速,1
面膜早就收到了，还没用。一直觉得这牌子还行吧！试试看！**物流很快呢,物流|很快,1
香香的，颜色正，喜欢,颜色|正,1
很实惠，效果也不错，快递也很快,快递|很快,1
快递没话说，非常好，宝贝收到就用了，补水效果很好，买份共收到片，超合算，下次有活动再回购,补水效果|没话说,0
东西收到了有点失望，日期不是新的很近至于产品就不知道怎样了,日期|不是新的,1
保湿度很好，防晒效果不清楚,防晒效果|很好,0
感觉还可以，洗了脸不会紧绷，去油效果很好，用起来很舒服，泡泡多，味道清香，这个价格很划算,价格|很好,0
一直信赖**，还不错，希望价格多多促销，多多优惠,价格|多多优惠,1
补水效果特别好，精华液也很多,补水效果|特别好,1
一直在用这款，效果不错的,效果|不错的,1
之前用过，这次是回购，很好用，油性皮肤完全可以，确实长时间不脱妆，遮瑕力一般般，均匀提亮肤质的效果还是蛮好的,提亮|蛮好,1
买过多次了，这次的盖子松的，其余都还行,盖子|松的,1
特别好用，活动价超好哦，期待更多活动,活动价|超好,1
味道很喜欢，价格也很划算,价格|很喜欢,0
补水效果特别好！好评！比实体店的价格优惠，物流也快！一直信赖**！还送了一个盒子,价格|快,0
好，不错价格实惠物流快,价格|快,0
用着挺不错的，价钱也不贵，脸上用了挺水润的，没有那么干了,价钱|不贵,1
送货快，服务好，非常棒,服务|快,0
性价比不错，挺优惠的。以后会考虑回购,性价比|不错,1
非常不错，泡沫细腻，味道很好闻，棒棒哒,味道|很好闻,1
快递员很好，我当时没在家，给放到物业了，提醒我说，是一个小盒！用着也挺好用，自然真实,快递员|很好,1
宝贝到了，包装完整，打开后宝贝也很漂亮，味道也是很不错，满意,味道|很不错,1
价格很便宜，味道清新，用后很舒适清爽,价格|便宜,1
补水效果非常好！精华液也特别多！好评,补水效果|非常好,1
味道挺好闻的，上妆效果很好,上妆效果|挺好闻的,0
与描述一致，这款泡沫少但清洗很干净，气味优雅，一直在用，发货及时,清洗|优雅,0
**物流真不错，前一天下单第二天就收到了。第二天迫不及待的都打开来试了一下，细腻滋润，好评,物流|真不错,1
到货快，好用，补水隔离效果好，价格实惠，很划算很喜欢,隔离效果|实惠,0
保质期四年，买到手还剩两年，怪不得便宜了，应当提前告知不足四年的,保质期|不足四年,1
过母亲节送给妈妈的礼物，价钱合理，赠品很多，希望能达到预期的效果,赠品|合理,0
很好，很喜欢。建议购买。我还分了一盒给我妈，我觉得卸妆也挺好的，还有泡沫很多哦,卸妆|很多,0
物流超级给力，质量很好，价格也合适,价格|超级给力,0
一打开味道太刺鼻了，塑料味太浓了！不敢用了,味道|太刺鼻,1
没有多少面膜液，比以前用的差了很多，给五星是为了方便大家看到。不会再来买了,面膜液|没有多少,1
感谢客服的耐心，物流超快，虽然还没用，相信效果非常好,客服|耐心,1
好用，性价比很高,性价比|很高,1
很不错，包装精致还没开始用呢,包装|精致,1
不错，挺好的，挺满意的，服务也非常好，很喜欢在**买东西,服务|非常好,1
速度真快，之前用过一瓶，效果很好,速度|真快,1
个人情况：东西很棒买了两只泡沫挺多的味道有点香推荐入手,泡沫|有点香,0
做活动买一送一，价格实惠，第一次用这个面膜，挺好用的，补水效果不错，精华也很多，味道淡淡的,味道|不错,0
清洁能力：感觉还行，泡沫不会太多，容易清洁，洗完脸不会很干！忘记拍照了,清洁能力|还行,1
用了，觉得补水效果还行,补水效果|还行,1
值得拥有！速度很快哦，女生长大了一定要用隔离,速度|很快,1
已多次购买，品质好，服务好，开票也快,品质|好,1
听服帖，自然，关键价格便宜,价格|便宜,1
整体描述：包装很紧密，清洁能力：清洁效果好，味道很香,味道|好,0
个人情况：我是脸比较白的那种，没有感觉到有美白，吸收情况：吸收挺好的，整体描述：淡斑效果没感觉到，已经第三瓶了。，滋润及保湿：保湿还是可以,淡斑|没感觉到,1
物流快当晚就用了一片精华液很多，敷完脸嫩嫩的，不错,物流|很多,0
非常喜欢，物超所值。超赞，物流还常快，商家服务好,商家服务|常快,0
用过了才来评价，有淡淡的香味，不油腻，很容易就拍散了，很好用,香味|淡淡的,1
颜值较高，用着不错，家里的东西基本都在**买，**值得信赖,颜值|较高,1
价格优惠，泡沫多，洗后不紧绷，特别干净,价格|优惠,1
东西很好，物流很快，价格实惠,物流|实惠,0
活动很划算，清洁很彻底，泡沫丰富，是会有好用的东西,活动|很彻底,0
非常不错，泡沫细腻，味道很好闻，棒棒哒,泡沫|很好闻,0
我经常在这家买，但这是的快递太不靠谱了，商家也不解决，只是一个劲的说这处理，以后不在这买了,商家|太不靠谱,0
一个大大的快递盒，一阵欣喜，以为送了不少赠品，然而并没有，哈哈，下次就换个小盒子好嘛,快递盒|大大的,1
每次都买这款，真心好用，保湿效果好，很贴肤，很细腻，质量绝对，客服态度也好,客服态度|好,1
包装精美，质量上乘，价格合理，值得购买,包装|精美,1
看着不错和以前买的一样还没用快递小哥很给力服务很好,快递小哥|很给力,1
给妈妈买的，妈妈说量有点少不过好用,量|有点少,1
物流超级给力，质量很好，价格也合适,物流|合适,0
好用，补水效果很好，女神节活动，很实惠,活动|很实惠,1
以前也用过这个牌子的面膜，好用保湿！支持**送货迅速,送货|迅速,1
东西不错，是正品，价格便宜，送货快,价格|便宜,1
买给我妈的，包装得到了她的青睐，滋润度对她来说正好，不过有一点点增白效果她不喜欢,滋润度|正好,1
买了几次了，感觉这次的味道跟以前不一样,味道|不一样,1
做活动买的还挺划算的，包装很好，精华液也挺多的，效果嘛没什么突出的，就单纯补补水还吧,效果|挺多的,0
这个粉饼好用，送货快，包装盒完好，省时省力,包装盒|完好,1
一直用这个，保湿效果非常好，干性皮肤很适合用，冬天再也不怕天气干燥,保湿效果|非常好,1
物流很快，但是外包装好像有拆了的痕迹，里面的小包装完好。这次网购总体一般，不是太完美,小包装|完好,1
**物流真的没话说，太好了，还没有用，用过后追加,物流|没话说,1
一直信赖**，发货和送货速度都很快，快递小哥也很好，以后还是,送货速度|很快,1
面膜很不错，里面精华很多，做天晚上试用了一下，感觉不错，值得购买，并且价格也美丽,价格|很多,0
做活动买的还挺划算的，包装很好，精华液也挺多的，效果嘛没什么突出的，就单纯补补水还吧,效果|没什么突出的,1
物流很快还是那个味道，正装一如既往的好送的比之前的少了点，寄保质期也比较近了,保质期|很快,0
一大箱，能用很长一段时间了，价格实惠，两件八折，果断买两件，囤货,价格|实惠,1
还不错，遮瑕提亮效果不错，就是稍有点干，皮肤不好的时候会起皮,提亮效果|不错,1
颜色好，主要是适合干性皮肤！感觉挺不错的,颜色|好,1
第一次购买，味道很好闻，不知效果怎么样送货很快，**给力，谢谢期待效果,味道|很快,0
保湿效果还不错,保湿效果|还不错,1
粉扑设计的非常棒，盒子颜值很高。用了再来追评,盒子颜值|很高,1
做活动买的还挺划算的，包装很好，精华液也挺多的，效果嘛没什么突出的，就单纯补补水还吧,活动|还挺划算的,1
面膜很好用，**平台有保障，很补水，效果不错的,效果|不错,1
面膜不错，水分精华很多，包装差劲，就一个透明带子装，没有包装盒,包装|很多,0
过母亲节送给妈妈的礼物，价钱合理，赠品很多，希望能达到预期的效果,价钱|很多,0
个人情况：我是脸比较白的那种，没有感觉到有美白，吸收情况：吸收挺好的，整体描述：淡斑效果没感觉到，已经第三瓶了。，滋润及保湿：保湿还是可以,吸收|没感觉到,0
以前一直是在实体店买的，这次网购跟实体店质量差不多，蛮好用，性价比高,性价比|高,1
粉扑好硬。粉液也一般般啦。不过也对的起这个价格。有两个替换装,粉扑|好硬,1
第一次购买使用。效果不知。赠品到位。偿试性购买。物流很给力哦,物流|到位,0
送货速度很快，一直用***的护肤品，很好用,送货速度|很快,1
一大堆啦，可以用好久啦，保湿很不错,保湿|很不错,1
这次领券搞活动屯点货，宝贝不错，就是物流太慢了,物流|太慢了,1
已经是第二次回购了，精华很多，也很补水而且用了二次后我鼻子上长的痘痘有消下去，皮肤也满水润的,精华|很多,1
效果不错！就是有点稠，用彩妆蛋效果比较好,效果|不错,1
卸妆效果很一般嘛，而且包装也很简陋，不建议购买,包装|很简陋,1
面膜用还挺好的自己，补水效果很好快递小哥态度也很好,快递小哥态度|很好,1
都是今天刚收到还未用，快递服务也很好，很常满意,快递服务|很好,1
以前一直用这个品牌，就是不知道这个瓶子经不经摔，服务好,服务|好,1
感觉还好吧，第一次用隔离，一开始操作失误出现点小问题，味道还好，送了卸妆水和面膜都挺好用的,味道|还好,1
包装很大气用着很服帖，外观也很漂亮,外观|很漂亮,1
包装严实，物流快，很期待效果，用过再追评,包装|严实,1
物流很快，包装不错，第一次使用这个牌子，期待,包装|不错,1
个人情况：我是脸比较白的那种，没有感觉到有美白，吸收情况：吸收挺好的，整体描述：淡斑效果没感觉到，已经第三瓶了。，滋润及保湿：保湿还是可以,淡斑|没有感觉,0
包装精美，天猫直送很给力，感谢丫头,包装|很给力,0
保湿效果好，裸妆不错,保湿效果|好,1
声明不是盗图，一下买了片，却下了两个单物流快，包装严实,物流|快,1
挺满意的，赠品不少,赠品|不少,1
清洁能力：泡沫适中，非常舒适，对黑头有一定的清洁作用,清洁能力|有一定的,1
面膜纸很薄，很舒服，水分吸收很快就干了，日常补水面膜使用挺好，很清爽,面膜纸|很薄,1
价格很优惠，就是保质期太短了，给个好评鼓给个励，商品很不错,价格|很优惠,1
萍萍直播推荐的，价格真的优惠，还没试洗，看起来还不错的样子,价格|真的优惠,1
第一次在**上买东西，包装完好时间也快,时间|快,1
还不错吧，看上推荐的，价格便宜，具体作用，有待时间的检验,价格|便宜,1
控油效果：很好。清洁效果：很干净。泡沫丰富度：刚刚合适。保湿效果：保湿一整天。温和程度：很好,清洁效果|很好,0
气味重不好闻，持久度也不好，到中午脸色就蜡黄了,持久度|不好,1
味道清凉不油腻，还未用，用后再来评价，量大。便宜实惠。推荐,味道|清凉,1
感觉上脸有点腻，抹多了会会有点假白，味道也不是很好，防晒力度感觉也还算可以,防晒|还算可以,1
为了***买的，洗面奶的泡沫丰富，洗的干净不干燥,泡沫|丰富,1
物流慢死，付款天才发货，买了几百块也没赠品,物流|没,0
很好吸收，遮瑕不适合，但是隔离效果，挺好的，保湿度，一般般,保湿度|挺好的,0
第二次购买了，第一次买的效果不错,效果|不错,1
性价比很高，很好用，每年都要买好多给婆婆给妈妈，双十一价格超级优惠，很满意,性价比|超级优惠,0
一直信赖的东东，补水保湿效果特别好,补水|特别好,1
包装很好，物流也快。很满意,物流|也快,1
优惠活动时买的，性价比较高，以后还会回购,性价比|较高,1
清洁能力：很给力，回购,清洁能力|很给力,1
服务超级棒，物流很快，东西也是正品，这次网购很高兴,服务|很快,0
宝贝质量很好，给全五分好评，服务态度也很棒，给个赞，物流神速，必须，好评,物流|神速,1
这个面膜可以，价格也不算高，值得购买,价格|不算高,1
控油效果：很好。清洁效果：很干净。泡沫丰富度：刚刚合适。保湿效果：保湿一整天。温和程度：很好,保湿效果|很好,0
客服态度很好尤其是这个汐曼,客服态度|很好,1
***，大品牌值得信赖，皮肤亮白！服务周到,服务|周到,1
包装盒都没一个，太简陋了点，面膜看起来也很旧，感觉被骗了！找客服也没人答复，服务太差了,包装盒|太简陋了,1
用这款隔离三年了，很好推开而且滋润度也很好！价格也不高，会无限回购,价格|不高,1
个人干湿混合型，上妆比较滋润，相较其他遮瑕，没有那么强，比较轻薄。持久度还是挺ok的,遮瑕|没有那么强,1
味道挺好闻的,味道|挺好闻的,1
物流很快，经常用这款面膜，效果比较好,物流|很快,1
非常喜欢，还没用，但是对于五一期间物流也这么快，真的好的没话说了，赞,物流|这么快,1
**实测款，薄薄一层满满精华素，用了几天，保湿提亮效果不错,精华素|不错,0
补水效果好，一直用这个牌子的，好用,补水效果|好,1
还可以，就想买这个，吸收挺好的，就是包装不是很好,包装|不是很好,1
很好用，泡沫不多但是清洁力跟强，有香味，洗完后很补水,泡沫|跟强,0
整体不错，包装完整，商品还是不错地,包装|完整,1
物流小哥服务特别好，商家也不错给个五星好评吧！好不好用了再追评吧,商家|不错,1
味道很喜欢，洗完脸也很舒服，不干燥也不蜕皮，总之很满意的啦,味道|很喜欢,1
价格便宜活动给力，夏天防晒配卸妆，不错,活动|给力,1
价格很优惠，质量特别好,价格|很优惠,1
宝贝质量不错，客服服务态度也不错。但是物流应该改进，到件几天也不派送，打客服电话也是敷衍了事,物流|应该改进,1
粉扑好硬。粉液也一般般啦。不过也对的起这个价格。有两个替换装,粉液|好硬,0
超级划算，一个原装，两个替换装。盒子很漂亮，用起来润润的,盒子|很漂亮,1
价格实惠物流很快一直信赖,物流|实惠,0
还行吧，不过味道个人不是很喜欢啦,味道|不是很喜欢,1
**的物流超快的，隔天就收到了，点个赞。面膜挺好用的，补水效果不错，价格很实惠，棒棒哒,补水效果|很实惠,0
颜色好看，服务态度很好。物流快速。希望好用，下次再买,物流|很好,0
买给妈妈用的，快递非常给力，产品价格做活动力度大，很便宜,快递|非常给力,1
收到货，还没用，应该不错的，味道很好闻，哈,味道|很好闻,1
精华液很多，敷完吸收很快,吸收|很多,0
对我来说泡沫过于多了，不过质地很温和，洗完之后很舒服,质地|过于多了,0
温和程度：很好。清洁效果：不错。控油效果：还行。泡沫丰富度：一般。保湿效果：挺可以,清洁效果|还行,0
东西不错，很实在！非常的好用，物流也非常的快！感觉达到了巅峰,物流|非常的快,1
酒精味很明显,酒精味|很明显,1
一直都用，非常棒，经济实惠，非常棒赠品好多包装挺好,赠品|挺好,0
小海葵服务非常好,服务|非常好,1
与描述一致，这款泡沫少但清洗很干净，气味优雅，一直在用，发货及时,发货|优雅,0
物流很快货已收到，试用了一下就是有点黏黏的不知道是不是正品,物流|很快,1
此次活动超级合适，买了整整一大箱子，送货速度非常快！面膜的精华液很多！很好,送货速度|超级合适,0
面膜很好用，保湿效果很好。物美价廉，快递小哥送货速度快，态度很好,保湿效果|快,0
还没用过，美白的那款洁面挺好的,洁面|挺好的,1
上妆效果：上妆效果一般咯，持久情况：持久度不错,上妆效果|一般,1
很多精华液，面膜纸是薄透的，期待效果，物流速度很快,精华液|很多,1
好，价格实惠，很好用买一送一超级划算**物流超快！非常满意,物流|实惠,0
整体描述：包装很紧密，清洁能力：清洁效果好，味道很香,包装|很香,0
特价囤的，物流也快，符合预期,物流|快,1
在实体店看过了，网上价格低一点，效果还不知道,价格|低一点,1
东西还是不错的，很喜欢！物流速度也快，老板人很好，老板娘也很漂亮，还送了小礼物！有需要还会再来！好评,老板|很好,1
物流真是快阿，物美价廉好评,物流|真是快,1
很好用用过好几次了清洁能力：清洗很容易,清洗|很容易,1
补水效果特别好！好评！比实体店的价格优惠，物流也快！一直信赖**！还送了一个盒子,价格|优惠,1
美白效果不是太明显，不过价格挺实惠的，用着感觉也挺好，每天一片也不会觉得浪费，挺好的，棒棒哒,价格|挺实惠的,1
**快递就是快，还没有用，期待使用效果，***水润保湿，相信品牌的力量,快递|就是快,1
粉扑设计的非常棒，盒子颜值很高。用了再来追评,粉扑设计|很高,0
乳液和面霜都带有香味，不是很喜欢，有保湿效果,香味|不是很喜欢,1
面膜不错，水分精华很多，包装差劲，就一个透明带子装，没有包装盒,精华|差劲,0
挺好的，味道闻着不错，后续使用看看效果,味道|闻着不错,1
不错哦。速度很快，。以后就买****的了,速度|很快,1
价格很好的时候入手的，一下子囤了份，很棒了，留着慢慢用吧,价格|很好,1
价钱优惠，看着还不错，这次屯了不少，希望是正品,价钱|优惠,1
用了小样，泡泡很少，感觉清洁不是很够，但是真的很温和,清洁|不是很够,1
做活动买的还挺划算的，包装很好，精华液也挺多的，效果嘛没什么突出的，就单纯补补水还吧,活动|很好,0
价格很优惠，就是保质期太短了，给个好评鼓给个励，商品很不错,保质期|太短,1
收到了哦！我很喜欢这个淡淡的香味，而且白的自然，超喜欢！用着好还会再买的,香味|淡淡的,1
好用，卸妆效果非常好，用完会回购,卸妆效果|非常好,1
定妆效果很好，不卡粉。值得拥有,定妆效果|很好,1
洗面奶泡沫不多，洗了还比较干净，也不紧绷，现在换了整套大红瓶，总体来说还可以，发货挺快的，好评,发货|挺快,1
挺好用的遮瑕效果也很好,遮瑕效果|很好,1
包装高档，好用不卡粉，遮瑕效果不错,遮瑕效果|不错,1
宝贝已收到，质量很好，是正品，和卖家描述的一致，物流也很快,物流|很快,1
用过一次就爱上了，很好用，补水效果好,补水效果|好,1
物流很快，一直用这个牌子，质量很好是正品，活动买的很划算,质量|很划算,0
还可以用着还行，价格也挺实惠，还有两个挺好的，特别喜欢，还行吧，总之为了挺好的,价格|挺实惠,1
**快递是蛮快的，就是包装太简便了吧，面膜里的精华都出来了,快递|蛮快的,1
第一次用这个牌子，感觉也还好。一直在**买东西，速度快，质量有保证，相信**，相信,速度|快,1
与描述一致，这款泡沫少但清洗很干净，气味优雅，一直在用，发货及时,气味|很干净,0
很好，不卡粉，保湿好,保湿|好,1
上妆效果：上妆效果一般咯，持久情况：持久度不错,持久度|不错,1
挺好用的，快递很快,快递|很快,1
宝贝收到了，跟描述的一样，试用了一下有淡淡的清香味，还可以。满意,清香味|淡淡的,1
第一次用这个牌子的护肤品，不知道怎么样，用用看效果怎么样吧，如果可以就继续回购，物流很快,物流|很快,1
效果很好，价格很便宜,效果|很好,1
价格挺实惠的，用着也很舒服，下次还会来购买的，信赖**，物流速度很快,物流速度|很快,1
宝贝收到了，我要投诉快递员，服务态度不好，还反说我这个人说话不好听,服务态度|不好,1
补水效果非常好！精华液也特别多！好评,精华液|特别多,1
这款气垫真不错的，很接近肤色，不是特别油，有淡淡得香味，太超值了，买一个送两个，这些能用好长时间,香味|淡淡得,1
包装严实，物流快，很期待效果，用过再追评,物流|严实,0
面膜是正品，真正的物美价廉，物流给力快递小哥服务态度很好。点赞！需要的请赶快入手啦,快递小哥服务态度|给力,0
很好用，温和不刺激，清洁力也不错，好评,清洁力|不错,1
宝贝质量很好，**速度快，以后会再回购，现囤货,速度|快,1
精华太少啦,精华|太少,1
很好，味道也很好，用后效果很不错，超级喜欢，下次还会来的,味道|很好,1
很不错，带了两个替换装，保湿效果不错，遮瑕效果很好。也不算太贵，能接受,遮瑕效果|很好,1
整体描述：包装很紧密，清洁能力：清洁效果好，味道很香,清洁能力|好,1
上妆效果：不错，很自然,上妆效果|很自然,1
泛白，不持妆，透气性也很一般，不推荐,透气性|很一般,1
这款面膜补水不错，化妆品我用的也是这款，支持,补水|不错,1
****物流速度快，商品价格优惠,价格|优惠,1
手上试用了一下，味道真的像洗发水，香味有点不太喜欢，质地挺轻薄的，抹上也挺滋润,质地|轻薄,1
物美价廉，快递给力。味道淡淡的清香。挺好用的，泡沫细腻，不紧绷。趁着活动囤货,味道|给力,0
物流超级差，到达目的地天才派送,物流|超级差,1
温和程度：很好。清洁效果：不错。控油效果：还行。泡沫丰富度：一般。保湿效果：挺可以,保湿效果|不错,0
是正品一直用的这款隔离，对于我这种黄皮效果很好,效果|很好,1
好，不错价格实惠物流快,物流|快,1
太小一支了哈哈，没想到毫升只有这么一小只，送了礼物很好,礼物|很好,1
补水效果特别好！好评！比实体店的价格优惠，物流也快！一直信赖**！还送了一个盒子,价格|特别好,0
物流很快，态度很好，面膜颜值很高，还没用不知道好不好,物流|很快,1
一直信赖**，发货和送货速度都很快，快递小哥也很好，以后还是,送货速度|很好,0
卖家发货速度快的，质量好，价格便宜,发货速度|便宜,0
刚收到，还没用，不知道效果怎么样，快递是真的很快呀,快递|真的很快呀,1
很好，泡沫很细腻,泡沫|很细腻,1
可能是我自身原因，浮粉比较厉害,浮粉|比较厉害,1
个人情况：我是脸比较白的那种，没有感觉到有美白，吸收情况：吸收挺好的，整体描述：淡斑效果没感觉到，已经第三瓶了。，滋润及保湿：保湿还是可以,吸收|没有感觉,0
活动买的，补水效果很好，味道好闻,味道|很好,0
**送货速度真的很快，服务态度也好,送货速度|好,0
老顾客了，超满意，经济又实惠。够用长时间了，客服热心，**快递神速。赞,客服|热心,1
看着不错和以前买的一样还没用快递小哥很给力服务很好,快递小哥|很好,0
以前在实体店买过，在**看到这款，比实体店要便宜太多了，价格优惠，用着也挺好,价格|优惠,1
今天刚收到，物流快，打开了看看，产品一样,物流|快,1
很迷你，很细腻白的不浮夸，淡淡的香味，要好好卸妆,白的|不浮夸,1
很好用的面膜，补水保湿效果好，精华多，比较服帖，薄薄的，很舒服，值得购买,保湿效果|好,1
用了评价，遮瑕效果一般，但是挺润的，没有浮粉,遮瑕效果|一般,1
很好，包装也很好，贴了一次效果很好，需要再回购,包装|很好,1
**速度快，物美价廉，服务好，值得推荐，还会再来,速度|快,1
还没用，送了面膜，包装还不错，忘记拍照了，物流还蛮快,物流|还不错,0
个人干湿混合型，上妆比较滋润，相较其他遮瑕，没有那么强，比较轻薄。持久度还是挺ok的,持久度|比较滋润,0
还没用，今天才打开看看，包装挺好的，等用过以后再来写追评,包装|挺好的,1
粉扑设计的非常棒，盒子颜值很高。用了再来追评,盒子颜值|非常棒,0
**快递速度快，性价比不错，好,快递速度|不错,0
我经常在这家买，但这是的快递太不靠谱了，商家也不解决，只是一个劲的说这处理，以后不在这买了,商家|不解决,1
宝贝质量不错，客服服务态度也不错。但是物流应该改进，到件几天也不派送，打客服电话也是敷衍了事,客服|不错,0
这款气垫挺好用的，细腻，易推开而且价格也实惠会回购的,价格|实惠,1
包装很好，物流也快。很满意,物流|很好,0
清洁能力：总总体来说还好，只是一点点红,清洁能力|还好,1
面膜精华液量非常足，保湿效果棒棒哒，非常适合干燥的春季使用,精华液量|非常足,1
一次买了两袋，水比较多，用后皮肤光光的,水|比较多,1
老顾客了，超满意，经济又实惠。够用长时间了，客服热心，**快递神速。赞,客服|神速,0
粉扑有一点刺鼻气味，其它的都不错,气味|刺鼻,1
第一次在**上买东西，包装完好时间也快,包装|完好,1
还不错，美容液比较丰富，滑滑的，面膜纸尺寸大小合适，非常服帖脸型，价格也不贵,尺寸大小|比较丰富,0
还可以吧，没用，就是替换少了一个，说是送完了，然后补了十元优惠券，可以了，物流也挺快,物流|挺快,1
水分多，好吸收，不错,水分|多,1
和在门店买的味道不一样，可能是假的,味道|不一样,1
洁面乳收到了，质量很好，有一股淡淡的香味，清洁效果也好,香味|好,0
宝贝到了，还没试，不过包装很满意呢，虽然没送啥小礼品有点遗憾,包装|很满意,1
今天收到，快递给力，用了在追评,快递|给力,1
包装很好看，期待产品效果呦，第一次用这个牌子，但是是好牌子，信得过,包装|很好看,1
清洁度比较好吧，***的洗颜霜确实是比较赞的,清洁度|比较好,1
做活动买一送一，价格实惠，第一次用这个面膜，挺好用的，补水效果不错，精华也很多，味道淡淡的,精华|很多,1
好，和实物描述的一样，不错值得购买，物流也快,物流|快,1
清洁能力：清洁能力挺好的，闻着很清爽，还买一送一很实惠，洗完没有紧绷感,清洁能力|挺好的,1
物流很快，用起来感觉补水效果很明显,物流|很快,1
还不错，有两个替换装味道香，但不刺鼻，可能有点儿掉妆,味道|不刺鼻,1
包装看起来还挺不错，试用了下还可以，香香的味道,味道|香香的,1
还么用，看着不错，期待效果，物流超级给力,物流|超级给力,1
已经是第二次买了，用着不错，秒杀时买的，价位也合理,价位|合理,1
个人情况：给妈妈买的，还没开始用。应该还可以之前买过水乳感觉还行。物流速度倒是挺快的,物流速度|挺快的,1
面膜蛮轻薄的，也很服帖，透气性比较好，才刚用，还没看出效果，水分还可以，总体满意，大品牌让人放心,透气性|比较好,1
垃圾，先不说效果咋样，就你这形状不规整，能让人感觉好嘛,形状|不规整,1
送的片包装还不错,包装|还不错,1
送的手册超级喜欢，面膜也很服帖，**物流也特别给力，满意满意,物流|特别给力,1
很多精华液，面膜纸是薄透的，期待效果，物流速度很快,面膜纸|很快,0
到货快，好用，补水隔离效果好，价格实惠，很划算很喜欢,隔离效果|快,0
果然没骗人，比我用的那些韩国面膜好用，性价比又高，会一直回购,性价比|高,1
很好的面膜，补水效果杠杠滴。我用的所有护肤品都是***的，老牌子值得信赖,补水效果|杠杠滴,1
做活动买一送一，价格实惠，第一次用这个面膜，挺好用的，补水效果不错，精华也很多，味道淡淡的,补水效果|不错,1
发货快，物流给力！早上十点下的单，下午四点多一点就到了,物流|快,0
发货速度和配送服务还是一流的,配送服务|一流的,1
物流好快，已经收到了，试了一下还不错，很水润，喜欢的可以考虑,物流|好快,1
发货快，一如既往的好,发货|快,1
挺好的，东西收到了，快递速度快，给你们点个赞,快递速度|快,1
妆前隔离很好用啊，粉底有香味我不太喜欢有香味的怕熏到对象,粉底|有香味,1
非常喜欢，物超所值。超赞，物流还常快，商家服务好,物流|好,0
已经是第二次回购了，精华很多，也很补水而且用了二次后我鼻子上长的痘痘有消下去，皮肤也满水润的,痘痘|消下去,1
物流很快，东西质量不错，很喜欢,物流|很快,1
卸妆水好清爽不刺激，卸妆很干净，好大一瓶，能用很久，经济实惠,卸妆|很干净,1
收货迅速，不用等太久，叶藻的很保湿，配方最简单最保湿，墨角藻的黑面膜不行，水润面膜很粘不行,收货|迅速,1
